2026-08-26 22:38:53.336 Uvicorn server started on :::8501

  You can now view your Streamlit app in your browser.

  Local URL: http://localhost:8501
  Network URL: http://192.168.14.229:8501

2026-08-26 22:39:03.293 Examining the path of transformers.models.aria.image_processing_aria_fast raised:
Traceback (most recent call last):
  File "C:\Projects\customer-support-rag\.venv\Lib\site-packages\streamlit\watcher\local_sources_watcher.py", line 340, in get_module_paths
    potential_paths = extract_paths(module)
  File "C:\Projects\customer-support-rag\.venv\Lib\site-packages\streamlit\watcher\local_sources_watcher.py", line 327, in <lambda>
    if hasattr(m, "__path__")
       ~~~~~~~^^^^^^^^^^^^^^^
  File "C:\Projects\customer-support-rag\.venv\Lib\site-packages\transformers\__init__.py", line 865, in _getattr
    return getattr(importlib.import_module(target, __name__), name)
                   ~~~~~~~~~~~~~~~~~~~~~~~^^^^^^^^^^^^^^^^^^
  File "C:\Users\suryanarayanan\AppData\Local\Programs\Python\Python313\Lib\importlib\__init__.py", line 88, in import_module
    return _bootstrap._gcd_import(name[level:], package, level)
           ~~~~~~~~~~~~~~~~~~~~~~^^^^^^^^^^^^^^^^^^^^^^^^^^^^^^
  File "<frozen importlib._bootstrap>", line 1395, in _gcd_import
  File "<frozen importlib._bootstrap>", line 1360, in _find_and_load
  File "<frozen importlib._bootstrap>", line 1331, in _find_and_load_unlocked
  File "<frozen importlib._bootstrap>", line 935, in _load_unlocked
  File "<frozen importlib._bootstrap_external>", line 1023, in exec_module
  File "<frozen importlib._bootstrap>", line 488, in _call_with_frames_removed
  File "C:\Projects\customer-support-rag\.venv\Lib\site-packages\transformers\models\aria\image_processing_aria.py", line 23, in <module>
    from torchvision.transforms.v2 import functional as tvF
ModuleNotFoundError: No module named 'torchvision'
2026-08-26 22:39:03.307 Examining the path of transformers.models.beit.image_processing_beit_fast raised:
Traceback (most recent call last):
  File "C:\Projects\customer-support-rag\.venv\Lib\site-packages\streamlit\watcher\local_sources_watcher.py", line 340, in get_module_paths
    potential_paths = extract_paths(module)
  File "C:\Projects\customer-support-rag\.venv\Lib\site-packages\streamlit\watcher\local_sources_watcher.py", line 327, in <lambda>
    if hasattr(m, "__path__")
       ~~~~~~~^^^^^^^^^^^^^^^
  File "C:\Projects\customer-support-rag\.venv\Lib\site-packages\transformers\__init__.py", line 865, in _getattr
    return getattr(importlib.import_module(target, __name__), name)
                   ~~~~~~~~~~~~~~~~~~~~~~~^^^^^^^^^^^^^^^^^^
  File "C:\Users\suryanarayanan\AppData\Local\Programs\Python\Python313\Lib\importlib\__init__.py", line 88, in import_module
    return _bootstrap._gcd_import(name[level:], package, level)
           ~~~~~~~~~~~~~~~~~~~~~~^^^^^^^^^^^^^^^^^^^^^^^^^^^^^^
  File "<frozen importlib._bootstrap>", line 1395, in _gcd_import
  File "<frozen importlib._bootstrap>", line 1360, in _find_and_load
  File "<frozen importlib._bootstrap>", line 1331, in _find_and_load_unlocked
  File "<frozen importlib._bootstrap>", line 935, in _load_unlocked
  File "<frozen importlib._bootstrap_external>", line 1023, in exec_module
  File "<frozen importlib._bootstrap>", line 488, in _call_with_frames_removed
  File "C:\Projects\customer-support-rag\.venv\Lib\site-packages\transformers\models\beit\image_processing_beit.py", line 20, in <module>
    from torchvision.transforms.v2 import functional as tvF
ModuleNotFoundError: No module named 'torchvision'
2026-08-26 22:39:03.333 Examining the path of transformers.models.bridgetower.image_processing_bridgetower_fast raised:
Traceback (most recent call last):
  File "C:\Projects\customer-support-rag\.venv\Lib\site-packages\streamlit\watcher\local_sources_watcher.py", line 340, in get_module_paths
    potential_paths = extract_paths(module)
  File "C:\Projects\customer-support-rag\.venv\Lib\site-packages\streamlit\watcher\local_sources_watcher.py", line 327, in <lambda>
    if hasattr(m, "__path__")
       ~~~~~~~^^^^^^^^^^^^^^^
  File "C:\Projects\customer-support-rag\.venv\Lib\site-packages\transformers\__init__.py", line 865, in _getattr
    return getattr(importlib.import_module(target, __name__), name)
                   ~~~~~~~~~~~~~~~~~~~~~~~^^^^^^^^^^^^^^^^^^
  File "C:\Users\suryanarayanan\AppData\Local\Programs\Python\Python313\Lib\importlib\__init__.py", line 88, in import_module
    return _bootstrap._gcd_import(name[level:], package, level)
           ~~~~~~~~~~~~~~~~~~~~~~^^^^^^^^^^^^^^^^^^^^^^^^^^^^^^
  File "<frozen importlib._bootstrap>", line 1395, in _gcd_import
  File "<frozen importlib._bootstrap>", line 1360, in _find_and_load
  File "<frozen importlib._bootstrap>", line 1331, in _find_and_load_unlocked
  File "<frozen importlib._bootstrap>", line 935, in _load_unlocked
  File "<frozen importlib._bootstrap_external>", line 1023, in exec_module
  File "<frozen importlib._bootstrap>", line 488, in _call_with_frames_removed
  File "C:\Projects\customer-support-rag\.venv\Lib\site-packages\transformers\models\bridgetower\image_processing_bridgetower.py", line 20, in <module>
    from torchvision.transforms.v2 import functional as tvF
ModuleNotFoundError: No module named 'torchvision'
2026-08-26 22:39:03.395 Examining the path of transformers.models.chmv2.image_processing_chmv2_fast raised:
Traceback (most recent call last):
  File "C:\Projects\customer-support-rag\.venv\Lib\site-packages\streamlit\watcher\local_sources_watcher.py", line 340, in get_module_paths
    potential_paths = extract_paths(module)
  File "C:\Projects\customer-support-rag\.venv\Lib\site-packages\streamlit\watcher\local_sources_watcher.py", line 327, in <lambda>
    if hasattr(m, "__path__")
       ~~~~~~~^^^^^^^^^^^^^^^
  File "C:\Projects\customer-support-rag\.venv\Lib\site-packages\transformers\__init__.py", line 865, in _getattr
    return getattr(importlib.import_module(target, __name__), name)
                   ~~~~~~~~~~~~~~~~~~~~~~~^^^^^^^^^^^^^^^^^^
  File "C:\Users\suryanarayanan\AppData\Local\Programs\Python\Python313\Lib\importlib\__init__.py", line 88, in import_module
    return _bootstrap._gcd_import(name[level:], package, level)
           ~~~~~~~~~~~~~~~~~~~~~~^^^^^^^^^^^^^^^^^^^^^^^^^^^^^^
  File "<frozen importlib._bootstrap>", line 1395, in _gcd_import
  File "<frozen importlib._bootstrap>", line 1360, in _find_and_load
  File "<frozen importlib._bootstrap>", line 1331, in _find_and_load_unlocked
  File "<frozen importlib._bootstrap>", line 935, in _load_unlocked
  File "<frozen importlib._bootstrap_external>", line 1023, in exec_module
  File "<frozen importlib._bootstrap>", line 488, in _call_with_frames_removed
  File "C:\Projects\customer-support-rag\.venv\Lib\site-packages\transformers\models\chmv2\image_processing_chmv2.py", line 27, in <module>
    from torchvision.transforms.v2 import functional as tvF
ModuleNotFoundError: No module named 'torchvision'
2026-08-26 22:39:03.410 Examining the path of transformers.models.cohere2_vision.image_processing_cohere2_vision_fast raised:
Traceback (most recent call last):
  File "C:\Projects\customer-support-rag\.venv\Lib\site-packages\streamlit\watcher\local_sources_watcher.py", line 340, in get_module_paths
    potential_paths = extract_paths(module)
  File "C:\Projects\customer-support-rag\.venv\Lib\site-packages\streamlit\watcher\local_sources_watcher.py", line 327, in <lambda>
    if hasattr(m, "__path__")
       ~~~~~~~^^^^^^^^^^^^^^^
  File "C:\Projects\customer-support-rag\.venv\Lib\site-packages\transformers\__init__.py", line 865, in _getattr
    return getattr(importlib.import_module(target, __name__), name)
                   ~~~~~~~~~~~~~~~~~~~~~~~^^^^^^^^^^^^^^^^^^
  File "C:\Users\suryanarayanan\AppData\Local\Programs\Python\Python313\Lib\importlib\__init__.py", line 88, in import_module
    return _bootstrap._gcd_import(name[level:], package, level)
           ~~~~~~~~~~~~~~~~~~~~~~^^^^^^^^^^^^^^^^^^^^^^^^^^^^^^
  File "<frozen importlib._bootstrap>", line 1395, in _gcd_import
  File "<frozen importlib._bootstrap>", line 1360, in _find_and_load
  File "<frozen importlib._bootstrap>", line 1331, in _find_and_load_unlocked
  File "<frozen importlib._bootstrap>", line 935, in _load_unlocked
  File "<frozen importlib._bootstrap_external>", line 1023, in exec_module
  File "<frozen importlib._bootstrap>", line 488, in _call_with_frames_removed
  File "C:\Projects\customer-support-rag\.venv\Lib\site-packages\transformers\models\cohere2_vision\image_processing_cohere2_vision.py", line 25, in <module>
    from torchvision.transforms.v2 import functional as tvF
ModuleNotFoundError: No module named 'torchvision'
2026-08-26 22:39:03.427 Examining the path of transformers.models.cohere_compass.image_processing_cohere_compass_fast raised:
Traceback (most recent call last):
  File "C:\Projects\customer-support-rag\.venv\Lib\site-packages\streamlit\watcher\local_sources_watcher.py", line 340, in get_module_paths
    potential_paths = extract_paths(module)
  File "C:\Projects\customer-support-rag\.venv\Lib\site-packages\streamlit\watcher\local_sources_watcher.py", line 327, in <lambda>
    if hasattr(m, "__path__")
       ~~~~~~~^^^^^^^^^^^^^^^
  File "C:\Projects\customer-support-rag\.venv\Lib\site-packages\transformers\__init__.py", line 865, in _getattr
    return getattr(importlib.import_module(target, __name__), name)
                   ~~~~~~~~~~~~~~~~~~~~~~~^^^^^^^^^^^^^^^^^^
  File "C:\Users\suryanarayanan\AppData\Local\Programs\Python\Python313\Lib\importlib\__init__.py", line 88, in import_module
    return _bootstrap._gcd_import(name[level:], package, level)
           ~~~~~~~~~~~~~~~~~~~~~~^^^^^^^^^^^^^^^^^^^^^^^^^^^^^^
  File "<frozen importlib._bootstrap>", line 1395, in _gcd_import
  File "<frozen importlib._bootstrap>", line 1360, in _find_and_load
  File "<frozen importlib._bootstrap>", line 1331, in _find_and_load_unlocked
  File "<frozen importlib._bootstrap>", line 935, in _load_unlocked
  File "<frozen importlib._bootstrap_external>", line 1023, in exec_module
  File "<frozen importlib._bootstrap>", line 488, in _call_with_frames_removed
  File "C:\Projects\customer-support-rag\.venv\Lib\site-packages\transformers\models\cohere_compass\image_processing_cohere_compass.py", line 25, in <module>
    from torchvision.transforms.v2 import functional as tvF
ModuleNotFoundError: No module named 'torchvision'
2026-08-26 22:39:03.460 Examining the path of transformers.models.conditional_detr.image_processing_conditional_detr_fast raised:
Traceback (most recent call last):
  File "C:\Projects\customer-support-rag\.venv\Lib\site-packages\streamlit\watcher\local_sources_watcher.py", line 340, in get_module_paths
    potential_paths = extract_paths(module)
  File "C:\Projects\customer-support-rag\.venv\Lib\site-packages\streamlit\watcher\local_sources_watcher.py", line 327, in <lambda>
    if hasattr(m, "__path__")
       ~~~~~~~^^^^^^^^^^^^^^^
  File "C:\Projects\customer-support-rag\.venv\Lib\site-packages\transformers\__init__.py", line 865, in _getattr
    return getattr(importlib.import_module(target, __name__), name)
                   ~~~~~~~~~~~~~~~~~~~~~~~^^^^^^^^^^^^^^^^^^
  File "C:\Users\suryanarayanan\AppData\Local\Programs\Python\Python313\Lib\importlib\__init__.py", line 88, in import_module
    return _bootstrap._gcd_import(name[level:], package, level)
           ~~~~~~~~~~~~~~~~~~~~~~^^^^^^^^^^^^^^^^^^^^^^^^^^^^^^
  File "<frozen importlib._bootstrap>", line 1395, in _gcd_import
  File "<frozen importlib._bootstrap>", line 1360, in _find_and_load
  File "<frozen importlib._bootstrap>", line 1331, in _find_and_load_unlocked
  File "<frozen importlib._bootstrap>", line 935, in _load_unlocked
  File "<frozen importlib._bootstrap_external>", line 1023, in exec_module
  File "<frozen importlib._bootstrap>", line 488, in _call_with_frames_removed
  File "C:\Projects\customer-support-rag\.venv\Lib\site-packages\transformers\models\conditional_detr\image_processing_conditional_detr.py", line 27, in <module>
    from torchvision.io import read_image
ModuleNotFoundError: No module named 'torchvision'
2026-08-26 22:39:03.481 Examining the path of transformers.models.convnext.image_processing_convnext_fast raised:
Traceback (most recent call last):
  File "C:\Projects\customer-support-rag\.venv\Lib\site-packages\streamlit\watcher\local_sources_watcher.py", line 340, in get_module_paths
    potential_paths = extract_paths(module)
  File "C:\Projects\customer-support-rag\.venv\Lib\site-packages\streamlit\watcher\local_sources_watcher.py", line 327, in <lambda>
    if hasattr(m, "__path__")
       ~~~~~~~^^^^^^^^^^^^^^^
  File "C:\Projects\customer-support-rag\.venv\Lib\site-packages\transformers\__init__.py", line 865, in _getattr
    return getattr(importlib.import_module(target, __name__), name)
                   ~~~~~~~~~~~~~~~~~~~~~~~^^^^^^^^^^^^^^^^^^
  File "C:\Users\suryanarayanan\AppData\Local\Programs\Python\Python313\Lib\importlib\__init__.py", line 88, in import_module
    return _bootstrap._gcd_import(name[level:], package, level)
           ~~~~~~~~~~~~~~~~~~~~~~^^^^^^^^^^^^^^^^^^^^^^^^^^^^^^
  File "<frozen importlib._bootstrap>", line 1395, in _gcd_import
  File "<frozen importlib._bootstrap>", line 1360, in _find_and_load
  File "<frozen importlib._bootstrap>", line 1331, in _find_and_load_unlocked
  File "<frozen importlib._bootstrap>", line 935, in _load_unlocked
  File "<frozen importlib._bootstrap_external>", line 1023, in exec_module
  File "<frozen importlib._bootstrap>", line 488, in _call_with_frames_removed
  File "C:\Projects\customer-support-rag\.venv\Lib\site-packages\transformers\models\convnext\image_processing_convnext.py", line 17, in <module>
    from torchvision.transforms.v2 import functional as tvF
ModuleNotFoundError: No module named 'torchvision'
2026-08-26 22:39:03.487 Examining the path of transformers.models.cosmos3_edge.image_processing_cosmos3_edge_fast raised:
Traceback (most recent call last):
  File "C:\Projects\customer-support-rag\.venv\Lib\site-packages\streamlit\watcher\local_sources_watcher.py", line 340, in get_module_paths
    potential_paths = extract_paths(module)
  File "C:\Projects\customer-support-rag\.venv\Lib\site-packages\streamlit\watcher\local_sources_watcher.py", line 327, in <lambda>
    if hasattr(m, "__path__")
       ~~~~~~~^^^^^^^^^^^^^^^
  File "C:\Projects\customer-support-rag\.venv\Lib\site-packages\transformers\__init__.py", line 865, in _getattr
    return getattr(importlib.import_module(target, __name__), name)
                   ~~~~~~~~~~~~~~~~~~~~~~~^^^^^^^^^^^^^^^^^^
  File "C:\Users\suryanarayanan\AppData\Local\Programs\Python\Python313\Lib\importlib\__init__.py", line 88, in import_module
    return _bootstrap._gcd_import(name[level:], package, level)
           ~~~~~~~~~~~~~~~~~~~~~~^^^^^^^^^^^^^^^^^^^^^^^^^^^^^^
  File "<frozen importlib._bootstrap>", line 1395, in _gcd_import
  File "<frozen importlib._bootstrap>", line 1360, in _find_and_load
  File "<frozen importlib._bootstrap>", line 1331, in _find_and_load_unlocked
  File "<frozen importlib._bootstrap>", line 935, in _load_unlocked
  File "<frozen importlib._bootstrap_external>", line 1023, in exec_module
  File "<frozen importlib._bootstrap>", line 488, in _call_with_frames_removed
  File "C:\Projects\customer-support-rag\.venv\Lib\site-packages\transformers\models\cosmos3_edge\image_processing_cosmos3_edge.py", line 23, in <module>
    from torchvision.transforms.v2 import functional as tvF
ModuleNotFoundError: No module named 'torchvision'
2026-08-26 22:39:03.520 Examining the path of transformers.models.deepseek_ocr2.image_processing_deepseek_ocr2_fast raised:
Traceback (most recent call last):
  File "C:\Projects\customer-support-rag\.venv\Lib\site-packages\streamlit\watcher\local_sources_watcher.py", line 340, in get_module_paths
    potential_paths = extract_paths(module)
  File "C:\Projects\customer-support-rag\.venv\Lib\site-packages\streamlit\watcher\local_sources_watcher.py", line 327, in <lambda>
    if hasattr(m, "__path__")
       ~~~~~~~^^^^^^^^^^^^^^^
  File "C:\Projects\customer-support-rag\.venv\Lib\site-packages\transformers\__init__.py", line 865, in _getattr
    return getattr(importlib.import_module(target, __name__), name)
                   ~~~~~~~~~~~~~~~~~~~~~~~^^^^^^^^^^^^^^^^^^
  File "C:\Users\suryanarayanan\AppData\Local\Programs\Python\Python313\Lib\importlib\__init__.py", line 88, in import_module
    return _bootstrap._gcd_import(name[level:], package, level)
           ~~~~~~~~~~~~~~~~~~~~~~^^^^^^^^^^^^^^^^^^^^^^^^^^^^^^
  File "<frozen importlib._bootstrap>", line 1395, in _gcd_import
  File "<frozen importlib._bootstrap>", line 1360, in _find_and_load
  File "<frozen importlib._bootstrap>", line 1331, in _find_and_load_unlocked
  File "<frozen importlib._bootstrap>", line 935, in _load_unlocked
  File "<frozen importlib._bootstrap_external>", line 1023, in exec_module
  File "<frozen importlib._bootstrap>", line 488, in _call_with_frames_removed
  File "C:\Projects\customer-support-rag\.venv\Lib\site-packages\transformers\models\deepseek_ocr2\image_processing_deepseek_ocr2.py", line 24, in <module>
    from torchvision.transforms.v2 import functional as tvF
ModuleNotFoundError: No module named 'torchvision'
2026-08-26 22:39:03.531 Examining the path of transformers.models.deepseek_vl.image_processing_deepseek_vl_fast raised:
Traceback (most recent call last):
  File "C:\Projects\customer-support-rag\.venv\Lib\site-packages\streamlit\watcher\local_sources_watcher.py", line 340, in get_module_paths
    potential_paths = extract_paths(module)
  File "C:\Projects\customer-support-rag\.venv\Lib\site-packages\streamlit\watcher\local_sources_watcher.py", line 327, in <lambda>
    if hasattr(m, "__path__")
       ~~~~~~~^^^^^^^^^^^^^^^
  File "C:\Projects\customer-support-rag\.venv\Lib\site-packages\transformers\__init__.py", line 865, in _getattr
    return getattr(importlib.import_module(target, __name__), name)
                   ~~~~~~~~~~~~~~~~~~~~~~~^^^^^^^^^^^^^^^^^^
  File "C:\Users\suryanarayanan\AppData\Local\Programs\Python\Python313\Lib\importlib\__init__.py", line 88, in import_module
    return _bootstrap._gcd_import(name[level:], package, level)
           ~~~~~~~~~~~~~~~~~~~~~~^^^^^^^^^^^^^^^^^^^^^^^^^^^^^^
  File "<frozen importlib._bootstrap>", line 1395, in _gcd_import
  File "<frozen importlib._bootstrap>", line 1360, in _find_and_load
  File "<frozen importlib._bootstrap>", line 1331, in _find_and_load_unlocked
  File "<frozen importlib._bootstrap>", line 935, in _load_unlocked
  File "<frozen importlib._bootstrap_external>", line 1023, in exec_module
  File "<frozen importlib._bootstrap>", line 488, in _call_with_frames_removed
  File "C:\Projects\customer-support-rag\.venv\Lib\site-packages\transformers\models\deepseek_vl\image_processing_deepseek_vl.py", line 23, in <module>
    import torchvision.transforms.v2.functional as tvF
ModuleNotFoundError: No module named 'torchvision'
2026-08-26 22:39:03.545 Examining the path of transformers.models.deepseek_vl_hybrid.image_processing_deepseek_vl_hybrid_fast raised:
Traceback (most recent call last):
  File "C:\Projects\customer-support-rag\.venv\Lib\site-packages\streamlit\watcher\local_sources_watcher.py", line 340, in get_module_paths
    potential_paths = extract_paths(module)
  File "C:\Projects\customer-support-rag\.venv\Lib\site-packages\streamlit\watcher\local_sources_watcher.py", line 327, in <lambda>
    if hasattr(m, "__path__")
       ~~~~~~~^^^^^^^^^^^^^^^
  File "C:\Projects\customer-support-rag\.venv\Lib\site-packages\transformers\__init__.py", line 865, in _getattr
    return getattr(importlib.import_module(target, __name__), name)
                   ~~~~~~~~~~~~~~~~~~~~~~~^^^^^^^^^^^^^^^^^^
  File "C:\Users\suryanarayanan\AppData\Local\Programs\Python\Python313\Lib\importlib\__init__.py", line 88, in import_module
    return _bootstrap._gcd_import(name[level:], package, level)
           ~~~~~~~~~~~~~~~~~~~~~~^^^^^^^^^^^^^^^^^^^^^^^^^^^^^^
  File "<frozen importlib._bootstrap>", line 1395, in _gcd_import
  File "<frozen importlib._bootstrap>", line 1360, in _find_and_load
  File "<frozen importlib._bootstrap>", line 1331, in _find_and_load_unlocked
  File "<frozen importlib._bootstrap>", line 935, in _load_unlocked
  File "<frozen importlib._bootstrap_external>", line 1023, in exec_module
  File "<frozen importlib._bootstrap>", line 488, in _call_with_frames_removed
  File "C:\Projects\customer-support-rag\.venv\Lib\site-packages\transformers\models\deepseek_vl_hybrid\image_processing_deepseek_vl_hybrid.py", line 25, in <module>
    import torchvision.transforms.v2.functional as tvF
ModuleNotFoundError: No module named 'torchvision'
2026-08-26 22:39:03.558 Examining the path of transformers.models.deformable_detr.image_processing_deformable_detr_fast raised:
Traceback (most recent call last):
  File "C:\Projects\customer-support-rag\.venv\Lib\site-packages\streamlit\watcher\local_sources_watcher.py", line 340, in get_module_paths
    potential_paths = extract_paths(module)
  File "C:\Projects\customer-support-rag\.venv\Lib\site-packages\streamlit\watcher\local_sources_watcher.py", line 327, in <lambda>
    if hasattr(m, "__path__")
       ~~~~~~~^^^^^^^^^^^^^^^
  File "C:\Projects\customer-support-rag\.venv\Lib\site-packages\transformers\__init__.py", line 865, in _getattr
    return getattr(importlib.import_module(target, __name__), name)
                   ~~~~~~~~~~~~~~~~~~~~~~~^^^^^^^^^^^^^^^^^^
  File "C:\Users\suryanarayanan\AppData\Local\Programs\Python\Python313\Lib\importlib\__init__.py", line 88, in import_module
    return _bootstrap._gcd_import(name[level:], package, level)
           ~~~~~~~~~~~~~~~~~~~~~~^^^^^^^^^^^^^^^^^^^^^^^^^^^^^^
  File "<frozen importlib._bootstrap>", line 1395, in _gcd_import
  File "<frozen importlib._bootstrap>", line 1360, in _find_and_load
  File "<frozen importlib._bootstrap>", line 1331, in _find_and_load_unlocked
  File "<frozen importlib._bootstrap>", line 935, in _load_unlocked
  File "<frozen importlib._bootstrap_external>", line 1023, in exec_module
  File "<frozen importlib._bootstrap>", line 488, in _call_with_frames_removed
  File "C:\Projects\customer-support-rag\.venv\Lib\site-packages\transformers\models\deformable_detr\image_processing_deformable_detr.py", line 25, in <module>
    from torchvision.io import read_image
ModuleNotFoundError: No module named 'torchvision'
2026-08-26 22:39:03.585 Examining the path of transformers.models.depth_pro.image_processing_depth_pro_fast raised:
Traceback (most recent call last):
  File "C:\Projects\customer-support-rag\.venv\Lib\site-packages\streamlit\watcher\local_sources_watcher.py", line 340, in get_module_paths
    potential_paths = extract_paths(module)
  File "C:\Projects\customer-support-rag\.venv\Lib\site-packages\streamlit\watcher\local_sources_watcher.py", line 327, in <lambda>
    if hasattr(m, "__path__")
       ~~~~~~~^^^^^^^^^^^^^^^
  File "C:\Projects\customer-support-rag\.venv\Lib\site-packages\transformers\__init__.py", line 865, in _getattr
    return getattr(importlib.import_module(target, __name__), name)
                   ~~~~~~~~~~~~~~~~~~~~~~~^^^^^^^^^^^^^^^^^^
  File "C:\Users\suryanarayanan\AppData\Local\Programs\Python\Python313\Lib\importlib\__init__.py", line 88, in import_module
    return _bootstrap._gcd_import(name[level:], package, level)
           ~~~~~~~~~~~~~~~~~~~~~~^^^^^^^^^^^^^^^^^^^^^^^^^^^^^^
  File "<frozen importlib._bootstrap>", line 1395, in _gcd_import
  File "<frozen importlib._bootstrap>", line 1360, in _find_and_load
  File "<frozen importlib._bootstrap>", line 1331, in _find_and_load_unlocked
  File "<frozen importlib._bootstrap>", line 935, in _load_unlocked
  File "<frozen importlib._bootstrap_external>", line 1023, in exec_module
  File "<frozen importlib._bootstrap>", line 488, in _call_with_frames_removed
  File "C:\Projects\customer-support-rag\.venv\Lib\site-packages\transformers\models\depth_pro\image_processing_depth_pro.py", line 19, in <module>
    from torchvision.transforms.v2 import functional as tvF
ModuleNotFoundError: No module named 'torchvision'
2026-08-26 22:39:03.597 Examining the path of transformers.models.detr.image_processing_detr_fast raised:
Traceback (most recent call last):
  File "C:\Projects\customer-support-rag\.venv\Lib\site-packages\streamlit\watcher\local_sources_watcher.py", line 340, in get_module_paths
    potential_paths = extract_paths(module)
  File "C:\Projects\customer-support-rag\.venv\Lib\site-packages\streamlit\watcher\local_sources_watcher.py", line 327, in <lambda>
    if hasattr(m, "__path__")
       ~~~~~~~^^^^^^^^^^^^^^^
  File "C:\Projects\customer-support-rag\.venv\Lib\site-packages\transformers\__init__.py", line 865, in _getattr
    return getattr(importlib.import_module(target, __name__), name)
                   ~~~~~~~~~~~~~~~~~~~~~~~^^^^^^^^^^^^^^^^^^
  File "C:\Users\suryanarayanan\AppData\Local\Programs\Python\Python313\Lib\importlib\__init__.py", line 88, in import_module
    return _bootstrap._gcd_import(name[level:], package, level)
           ~~~~~~~~~~~~~~~~~~~~~~^^^^^^^^^^^^^^^^^^^^^^^^^^^^^^
  File "<frozen importlib._bootstrap>", line 1395, in _gcd_import
  File "<frozen importlib._bootstrap>", line 1360, in _find_and_load
  File "<frozen importlib._bootstrap>", line 1331, in _find_and_load_unlocked
  File "<frozen importlib._bootstrap>", line 935, in _load_unlocked
  File "<frozen importlib._bootstrap_external>", line 1023, in exec_module
  File "<frozen importlib._bootstrap>", line 488, in _call_with_frames_removed
  File "C:\Projects\customer-support-rag\.venv\Lib\site-packages\transformers\models\detr\image_processing_detr.py", line 22, in <module>
    from torchvision.io import read_image
ModuleNotFoundError: No module named 'torchvision'
2026-08-26 22:39:03.617 Examining the path of transformers.models.dinov3_vit.image_processing_dinov3_vit_fast raised:
Traceback (most recent call last):
  File "C:\Projects\customer-support-rag\.venv\Lib\site-packages\streamlit\watcher\local_sources_watcher.py", line 340, in get_module_paths
    potential_paths = extract_paths(module)
  File "C:\Projects\customer-support-rag\.venv\Lib\site-packages\streamlit\watcher\local_sources_watcher.py", line 327, in <lambda>
    if hasattr(m, "__path__")
       ~~~~~~~^^^^^^^^^^^^^^^
  File "C:\Projects\customer-support-rag\.venv\Lib\site-packages\transformers\__init__.py", line 865, in _getattr
    return getattr(importlib.import_module(target, __name__), name)
                   ~~~~~~~~~~~~~~~~~~~~~~~^^^^^^^^^^^^^^^^^^
  File "C:\Users\suryanarayanan\AppData\Local\Programs\Python\Python313\Lib\importlib\__init__.py", line 88, in import_module
    return _bootstrap._gcd_import(name[level:], package, level)
           ~~~~~~~~~~~~~~~~~~~~~~^^^^^^^^^^^^^^^^^^^^^^^^^^^^^^
  File "<frozen importlib._bootstrap>", line 1395, in _gcd_import
  File "<frozen importlib._bootstrap>", line 1360, in _find_and_load
  File "<frozen importlib._bootstrap>", line 1331, in _find_and_load_unlocked
  File "<frozen importlib._bootstrap>", line 935, in _load_unlocked
  File "<frozen importlib._bootstrap_external>", line 1023, in exec_module
  File "<frozen importlib._bootstrap>", line 488, in _call_with_frames_removed
  File "C:\Projects\customer-support-rag\.venv\Lib\site-packages\transformers\models\dinov3_vit\image_processing_dinov3_vit.py", line 17, in <module>
    from torchvision.transforms.v2 import functional as tvF
ModuleNotFoundError: No module named 'torchvision'
2026-08-26 22:39:03.645 Examining the path of transformers.models.donut.image_processing_donut_fast raised:
Traceback (most recent call last):
  File "C:\Projects\customer-support-rag\.venv\Lib\site-packages\streamlit\watcher\local_sources_watcher.py", line 340, in get_module_paths
    potential_paths = extract_paths(module)
  File "C:\Projects\customer-support-rag\.venv\Lib\site-packages\streamlit\watcher\local_sources_watcher.py", line 327, in <lambda>
    if hasattr(m, "__path__")
       ~~~~~~~^^^^^^^^^^^^^^^
  File "C:\Projects\customer-support-rag\.venv\Lib\site-packages\transformers\__init__.py", line 865, in _getattr
    return getattr(importlib.import_module(target, __name__), name)
                   ~~~~~~~~~~~~~~~~~~~~~~~^^^^^^^^^^^^^^^^^^
  File "C:\Users\suryanarayanan\AppData\Local\Programs\Python\Python313\Lib\importlib\__init__.py", line 88, in import_module
    return _bootstrap._gcd_import(name[level:], package, level)
           ~~~~~~~~~~~~~~~~~~~~~~^^^^^^^^^^^^^^^^^^^^^^^^^^^^^^
  File "<frozen importlib._bootstrap>", line 1395, in _gcd_import
  File "<frozen importlib._bootstrap>", line 1360, in _find_and_load
  File "<frozen importlib._bootstrap>", line 1331, in _find_and_load_unlocked
  File "<frozen importlib._bootstrap>", line 935, in _load_unlocked
  File "<frozen importlib._bootstrap_external>", line 1023, in exec_module
  File "<frozen importlib._bootstrap>", line 488, in _call_with_frames_removed
  File "C:\Projects\customer-support-rag\.venv\Lib\site-packages\transformers\models\donut\image_processing_donut.py", line 17, in <module>
    from torchvision.transforms.v2 import functional as tvF
ModuleNotFoundError: No module named 'torchvision'
2026-08-26 22:39:03.657 Examining the path of transformers.models.dpt.image_processing_dpt_fast raised:
Traceback (most recent call last):
  File "C:\Projects\customer-support-rag\.venv\Lib\site-packages\streamlit\watcher\local_sources_watcher.py", line 340, in get_module_paths
    potential_paths = extract_paths(module)
  File "C:\Projects\customer-support-rag\.venv\Lib\site-packages\streamlit\watcher\local_sources_watcher.py", line 327, in <lambda>
    if hasattr(m, "__path__")
       ~~~~~~~^^^^^^^^^^^^^^^
  File "C:\Projects\customer-support-rag\.venv\Lib\site-packages\transformers\__init__.py", line 865, in _getattr
    return getattr(importlib.import_module(target, __name__), name)
                   ~~~~~~~~~~~~~~~~~~~~~~~^^^^^^^^^^^^^^^^^^
  File "C:\Users\suryanarayanan\AppData\Local\Programs\Python\Python313\Lib\importlib\__init__.py", line 88, in import_module
    return _bootstrap._gcd_import(name[level:], package, level)
           ~~~~~~~~~~~~~~~~~~~~~~^^^^^^^^^^^^^^^^^^^^^^^^^^^^^^
  File "<frozen importlib._bootstrap>", line 1395, in _gcd_import
  File "<frozen importlib._bootstrap>", line 1360, in _find_and_load
  File "<frozen importlib._bootstrap>", line 1331, in _find_and_load_unlocked
  File "<frozen importlib._bootstrap>", line 935, in _load_unlocked
  File "<frozen importlib._bootstrap_external>", line 1023, in exec_module
  File "<frozen importlib._bootstrap>", line 488, in _call_with_frames_removed
  File "C:\Projects\customer-support-rag\.venv\Lib\site-packages\transformers\models\dpt\image_processing_dpt.py", line 28, in <module>
    from torchvision.transforms.v2 import functional as tvF
ModuleNotFoundError: No module named 'torchvision'
2026-08-26 22:39:03.675 Examining the path of transformers.models.efficientloftr.image_processing_efficientloftr_fast raised:
Traceback (most recent call last):
  File "C:\Projects\customer-support-rag\.venv\Lib\site-packages\streamlit\watcher\local_sources_watcher.py", line 340, in get_module_paths
    potential_paths = extract_paths(module)
  File "C:\Projects\customer-support-rag\.venv\Lib\site-packages\streamlit\watcher\local_sources_watcher.py", line 327, in <lambda>
    if hasattr(m, "__path__")
       ~~~~~~~^^^^^^^^^^^^^^^
  File "C:\Projects\customer-support-rag\.venv\Lib\site-packages\transformers\__init__.py", line 865, in _getattr
    return getattr(importlib.import_module(target, __name__), name)
                   ~~~~~~~~~~~~~~~~~~~~~~~^^^^^^^^^^^^^^^^^^
  File "C:\Users\suryanarayanan\AppData\Local\Programs\Python\Python313\Lib\importlib\__init__.py", line 88, in import_module
    return _bootstrap._gcd_import(name[level:], package, level)
           ~~~~~~~~~~~~~~~~~~~~~~^^^^^^^^^^^^^^^^^^^^^^^^^^^^^^
  File "<frozen importlib._bootstrap>", line 1395, in _gcd_import
  File "<frozen importlib._bootstrap>", line 1360, in _find_and_load
  File "<frozen importlib._bootstrap>", line 1331, in _find_and_load_unlocked
  File "<frozen importlib._bootstrap>", line 935, in _load_unlocked
  File "<frozen importlib._bootstrap_external>", line 1023, in exec_module
  File "<frozen importlib._bootstrap>", line 488, in _call_with_frames_removed
  File "C:\Projects\customer-support-rag\.venv\Lib\site-packages\transformers\models\efficientloftr\image_processing_efficientloftr.py", line 10, in <module>
    from torchvision.transforms.v2 import functional as tvF
ModuleNotFoundError: No module named 'torchvision'
2026-08-26 22:39:03.697 Examining the path of transformers.models.efficientnet.image_processing_efficientnet_fast raised:
Traceback (most recent call last):
  File "C:\Projects\customer-support-rag\.venv\Lib\site-packages\streamlit\watcher\local_sources_watcher.py", line 340, in get_module_paths
    potential_paths = extract_paths(module)
  File "C:\Projects\customer-support-rag\.venv\Lib\site-packages\streamlit\watcher\local_sources_watcher.py", line 327, in <lambda>
    if hasattr(m, "__path__")
       ~~~~~~~^^^^^^^^^^^^^^^
  File "C:\Projects\customer-support-rag\.venv\Lib\site-packages\transformers\__init__.py", line 865, in _getattr
    return getattr(importlib.import_module(target, __name__), name)
                   ~~~~~~~~~~~~~~~~~~~~~~~^^^^^^^^^^^^^^^^^^
  File "C:\Users\suryanarayanan\AppData\Local\Programs\Python\Python313\Lib\importlib\__init__.py", line 88, in import_module
    return _bootstrap._gcd_import(name[level:], package, level)
           ~~~~~~~~~~~~~~~~~~~~~~^^^^^^^^^^^^^^^^^^^^^^^^^^^^^^
  File "<frozen importlib._bootstrap>", line 1395, in _gcd_import
  File "<frozen importlib._bootstrap>", line 1360, in _find_and_load
  File "<frozen importlib._bootstrap>", line 1331, in _find_and_load_unlocked
  File "<frozen importlib._bootstrap>", line 935, in _load_unlocked
  File "<frozen importlib._bootstrap_external>", line 1023, in exec_module
  File "<frozen importlib._bootstrap>", line 488, in _call_with_frames_removed
  File "C:\Projects\customer-support-rag\.venv\Lib\site-packages\transformers\models\efficientnet\image_processing_efficientnet.py", line 20, in <module>
    from torchvision.transforms.v2 import functional as tvF
ModuleNotFoundError: No module named 'torchvision'
2026-08-26 22:39:03.726 Examining the path of transformers.models.eomt.image_processing_eomt_fast raised:
Traceback (most recent call last):
  File "C:\Projects\customer-support-rag\.venv\Lib\site-packages\streamlit\watcher\local_sources_watcher.py", line 340, in get_module_paths
    potential_paths = extract_paths(module)
  File "C:\Projects\customer-support-rag\.venv\Lib\site-packages\streamlit\watcher\local_sources_watcher.py", line 327, in <lambda>
    if hasattr(m, "__path__")
       ~~~~~~~^^^^^^^^^^^^^^^
  File "C:\Projects\customer-support-rag\.venv\Lib\site-packages\transformers\__init__.py", line 865, in _getattr
    return getattr(importlib.import_module(target, __name__), name)
                   ~~~~~~~~~~~~~~~~~~~~~~~^^^^^^^^^^^^^^^^^^
  File "C:\Users\suryanarayanan\AppData\Local\Programs\Python\Python313\Lib\importlib\__init__.py", line 88, in import_module
    return _bootstrap._gcd_import(name[level:], package, level)
           ~~~~~~~~~~~~~~~~~~~~~~^^^^^^^^^^^^^^^^^^^^^^^^^^^^^^
  File "<frozen importlib._bootstrap>", line 1395, in _gcd_import
  File "<frozen importlib._bootstrap>", line 1360, in _find_and_load
  File "<frozen importlib._bootstrap>", line 1331, in _find_and_load_unlocked
  File "<frozen importlib._bootstrap>", line 935, in _load_unlocked
  File "<frozen importlib._bootstrap_external>", line 1023, in exec_module
  File "<frozen importlib._bootstrap>", line 488, in _call_with_frames_removed
  File "C:\Projects\customer-support-rag\.venv\Lib\site-packages\transformers\models\eomt\image_processing_eomt.py", line 20, in <module>
    from torchvision.transforms.v2 import functional as tvF
ModuleNotFoundError: No module named 'torchvision'
2026-08-26 22:39:03.741 Examining the path of transformers.models.ernie4_5_vl_moe.image_processing_ernie4_5_vl_moe_fast raised:
Traceback (most recent call last):
  File "C:\Projects\customer-support-rag\.venv\Lib\site-packages\streamlit\watcher\local_sources_watcher.py", line 340, in get_module_paths
    potential_paths = extract_paths(module)
  File "C:\Projects\customer-support-rag\.venv\Lib\site-packages\streamlit\watcher\local_sources_watcher.py", line 327, in <lambda>
    if hasattr(m, "__path__")
       ~~~~~~~^^^^^^^^^^^^^^^
  File "C:\Projects\customer-support-rag\.venv\Lib\site-packages\transformers\__init__.py", line 865, in _getattr
    return getattr(importlib.import_module(target, __name__), name)
                   ~~~~~~~~~~~~~~~~~~~~~~~^^^^^^^^^^^^^^^^^^
  File "C:\Users\suryanarayanan\AppData\Local\Programs\Python\Python313\Lib\importlib\__init__.py", line 88, in import_module
    return _bootstrap._gcd_import(name[level:], package, level)
           ~~~~~~~~~~~~~~~~~~~~~~^^^^^^^^^^^^^^^^^^^^^^^^^^^^^^
  File "<frozen importlib._bootstrap>", line 1395, in _gcd_import
  File "<frozen importlib._bootstrap>", line 1360, in _find_and_load
  File "<frozen importlib._bootstrap>", line 1331, in _find_and_load_unlocked
  File "<frozen importlib._bootstrap>", line 935, in _load_unlocked
  File "<frozen importlib._bootstrap_external>", line 1023, in exec_module
  File "<frozen importlib._bootstrap>", line 488, in _call_with_frames_removed
  File "C:\Projects\customer-support-rag\.venv\Lib\site-packages\transformers\models\ernie4_5_vl_moe\image_processing_ernie4_5_vl_moe.py", line 24, in <module>
    from torchvision.transforms.v2 import functional as tvF
ModuleNotFoundError: No module named 'torchvision'
2026-08-26 22:39:03.768 Examining the path of transformers.models.flava.image_processing_flava_fast raised:
Traceback (most recent call last):
  File "C:\Projects\customer-support-rag\.venv\Lib\site-packages\streamlit\watcher\local_sources_watcher.py", line 340, in get_module_paths
    potential_paths = extract_paths(module)
  File "C:\Projects\customer-support-rag\.venv\Lib\site-packages\streamlit\watcher\local_sources_watcher.py", line 327, in <lambda>
    if hasattr(m, "__path__")
       ~~~~~~~^^^^^^^^^^^^^^^
  File "C:\Projects\customer-support-rag\.venv\Lib\site-packages\transformers\__init__.py", line 865, in _getattr
    return getattr(importlib.import_module(target, __name__), name)
                   ~~~~~~~~~~~~~~~~~~~~~~~^^^^^^^^^^^^^^^^^^
  File "C:\Users\suryanarayanan\AppData\Local\Programs\Python\Python313\Lib\importlib\__init__.py", line 88, in import_module
    return _bootstrap._gcd_import(name[level:], package, level)
           ~~~~~~~~~~~~~~~~~~~~~~^^^^^^^^^^^^^^^^^^^^^^^^^^^^^^
  File "<frozen importlib._bootstrap>", line 1395, in _gcd_import
  File "<frozen importlib._bootstrap>", line 1360, in _find_and_load
  File "<frozen importlib._bootstrap>", line 1331, in _find_and_load_unlocked
  File "<frozen importlib._bootstrap>", line 935, in _load_unlocked
  File "<frozen importlib._bootstrap_external>", line 1023, in exec_module
  File "<frozen importlib._bootstrap>", line 488, in _call_with_frames_removed
  File "C:\Projects\customer-support-rag\.venv\Lib\site-packages\transformers\models\flava\image_processing_flava.py", line 23, in <module>
    from torchvision.transforms.v2 import functional as tvF
ModuleNotFoundError: No module named 'torchvision'
2026-08-26 22:39:03.794 Examining the path of transformers.models.fuyu.image_processing_fuyu_fast raised:
Traceback (most recent call last):
  File "C:\Projects\customer-support-rag\.venv\Lib\site-packages\streamlit\watcher\local_sources_watcher.py", line 340, in get_module_paths
    potential_paths = extract_paths(module)
  File "C:\Projects\customer-support-rag\.venv\Lib\site-packages\streamlit\watcher\local_sources_watcher.py", line 327, in <lambda>
    if hasattr(m, "__path__")
       ~~~~~~~^^^^^^^^^^^^^^^
  File "C:\Projects\customer-support-rag\.venv\Lib\site-packages\transformers\__init__.py", line 865, in _getattr
    return getattr(importlib.import_module(target, __name__), name)
                   ~~~~~~~~~~~~~~~~~~~~~~~^^^^^^^^^^^^^^^^^^
  File "C:\Users\suryanarayanan\AppData\Local\Programs\Python\Python313\Lib\importlib\__init__.py", line 88, in import_module
    return _bootstrap._gcd_import(name[level:], package, level)
           ~~~~~~~~~~~~~~~~~~~~~~^^^^^^^^^^^^^^^^^^^^^^^^^^^^^^
  File "<frozen importlib._bootstrap>", line 1395, in _gcd_import
  File "<frozen importlib._bootstrap>", line 1360, in _find_and_load
  File "<frozen importlib._bootstrap>", line 1331, in _find_and_load_unlocked
  File "<frozen importlib._bootstrap>", line 935, in _load_unlocked
  File "<frozen importlib._bootstrap_external>", line 1023, in exec_module
  File "<frozen importlib._bootstrap>", line 488, in _call_with_frames_removed
  File "C:\Projects\customer-support-rag\.venv\Lib\site-packages\transformers\models\fuyu\image_processing_fuyu.py", line 19, in <module>
    from torchvision.transforms.v2 import functional as tvF
ModuleNotFoundError: No module named 'torchvision'
2026-08-26 22:39:03.801 Examining the path of transformers.models.gemma3.image_processing_gemma3_fast raised:
Traceback (most recent call last):
  File "C:\Projects\customer-support-rag\.venv\Lib\site-packages\streamlit\watcher\local_sources_watcher.py", line 340, in get_module_paths
    potential_paths = extract_paths(module)
  File "C:\Projects\customer-support-rag\.venv\Lib\site-packages\streamlit\watcher\local_sources_watcher.py", line 327, in <lambda>
    if hasattr(m, "__path__")
       ~~~~~~~^^^^^^^^^^^^^^^
  File "C:\Projects\customer-support-rag\.venv\Lib\site-packages\transformers\__init__.py", line 865, in _getattr
    return getattr(importlib.import_module(target, __name__), name)
                   ~~~~~~~~~~~~~~~~~~~~~~~^^^^^^^^^^^^^^^^^^
  File "C:\Users\suryanarayanan\AppData\Local\Programs\Python\Python313\Lib\importlib\__init__.py", line 88, in import_module
    return _bootstrap._gcd_import(name[level:], package, level)
           ~~~~~~~~~~~~~~~~~~~~~~^^^^^^^^^^^^^^^^^^^^^^^^^^^^^^
  File "<frozen importlib._bootstrap>", line 1395, in _gcd_import
  File "<frozen importlib._bootstrap>", line 1360, in _find_and_load
  File "<frozen importlib._bootstrap>", line 1331, in _find_and_load_unlocked
  File "<frozen importlib._bootstrap>", line 935, in _load_unlocked
  File "<frozen importlib._bootstrap_external>", line 1023, in exec_module
  File "<frozen importlib._bootstrap>", line 488, in _call_with_frames_removed
  File "C:\Projects\customer-support-rag\.venv\Lib\site-packages\transformers\models\gemma3\image_processing_gemma3.py", line 20, in <module>
    from torchvision.transforms.v2 import functional as tvF
ModuleNotFoundError: No module named 'torchvision'
2026-08-26 22:39:03.832 Examining the path of transformers.models.gemma4.image_processing_gemma4_fast raised:
Traceback (most recent call last):
  File "C:\Projects\customer-support-rag\.venv\Lib\site-packages\streamlit\watcher\local_sources_watcher.py", line 340, in get_module_paths
    potential_paths = extract_paths(module)
  File "C:\Projects\customer-support-rag\.venv\Lib\site-packages\streamlit\watcher\local_sources_watcher.py", line 327, in <lambda>
    if hasattr(m, "__path__")
       ~~~~~~~^^^^^^^^^^^^^^^
  File "C:\Projects\customer-support-rag\.venv\Lib\site-packages\transformers\__init__.py", line 865, in _getattr
    return getattr(importlib.import_module(target, __name__), name)
                   ~~~~~~~~~~~~~~~~~~~~~~~^^^^^^^^^^^^^^^^^^
  File "C:\Users\suryanarayanan\AppData\Local\Programs\Python\Python313\Lib\importlib\__init__.py", line 88, in import_module
    return _bootstrap._gcd_import(name[level:], package, level)
           ~~~~~~~~~~~~~~~~~~~~~~^^^^^^^^^^^^^^^^^^^^^^^^^^^^^^
  File "<frozen importlib._bootstrap>", line 1395, in _gcd_import
  File "<frozen importlib._bootstrap>", line 1360, in _find_and_load
  File "<frozen importlib._bootstrap>", line 1331, in _find_and_load_unlocked
  File "<frozen importlib._bootstrap>", line 935, in _load_unlocked
  File "<frozen importlib._bootstrap_external>", line 1023, in exec_module
  File "<frozen importlib._bootstrap>", line 488, in _call_with_frames_removed
  File "C:\Projects\customer-support-rag\.venv\Lib\site-packages\transformers\models\gemma4\image_processing_gemma4.py", line 17, in <module>
    from torchvision.transforms.v2 import functional as tvF
ModuleNotFoundError: No module named 'torchvision'
2026-08-26 22:39:03.881 Examining the path of transformers.models.gemma4_unified.image_processing_gemma4_unified_fast raised:
Traceback (most recent call last):
  File "C:\Projects\customer-support-rag\.venv\Lib\site-packages\streamlit\watcher\local_sources_watcher.py", line 340, in get_module_paths
    potential_paths = extract_paths(module)
  File "C:\Projects\customer-support-rag\.venv\Lib\site-packages\streamlit\watcher\local_sources_watcher.py", line 327, in <lambda>
    if hasattr(m, "__path__")
       ~~~~~~~^^^^^^^^^^^^^^^
  File "C:\Projects\customer-support-rag\.venv\Lib\site-packages\transformers\__init__.py", line 865, in _getattr
    return getattr(importlib.import_module(target, __name__), name)
                   ~~~~~~~~~~~~~~~~~~~~~~~^^^^^^^^^^^^^^^^^^
  File "C:\Users\suryanarayanan\AppData\Local\Programs\Python\Python313\Lib\importlib\__init__.py", line 88, in import_module
    return _bootstrap._gcd_import(name[level:], package, level)
           ~~~~~~~~~~~~~~~~~~~~~~^^^^^^^^^^^^^^^^^^^^^^^^^^^^^^
  File "<frozen importlib._bootstrap>", line 1395, in _gcd_import
  File "<frozen importlib._bootstrap>", line 1360, in _find_and_load
  File "<frozen importlib._bootstrap>", line 1331, in _find_and_load_unlocked
  File "<frozen importlib._bootstrap>", line 935, in _load_unlocked
  File "<frozen importlib._bootstrap_external>", line 1023, in exec_module
  File "<frozen importlib._bootstrap>", line 488, in _call_with_frames_removed
  File "C:\Projects\customer-support-rag\.venv\Lib\site-packages\transformers\models\gemma4_unified\image_processing_gemma4_unified.py", line 23, in <module>
    from torchvision.transforms.v2 import functional as tvF
ModuleNotFoundError: No module named 'torchvision'
2026-08-26 22:39:03.897 Examining the path of transformers.models.glm46v.image_processing_glm46v_fast raised:
Traceback (most recent call last):
  File "C:\Projects\customer-support-rag\.venv\Lib\site-packages\streamlit\watcher\local_sources_watcher.py", line 340, in get_module_paths
    potential_paths = extract_paths(module)
  File "C:\Projects\customer-support-rag\.venv\Lib\site-packages\streamlit\watcher\local_sources_watcher.py", line 327, in <lambda>
    if hasattr(m, "__path__")
       ~~~~~~~^^^^^^^^^^^^^^^
  File "C:\Projects\customer-support-rag\.venv\Lib\site-packages\transformers\__init__.py", line 865, in _getattr
    return getattr(importlib.import_module(target, __name__), name)
                   ~~~~~~~~~~~~~~~~~~~~~~~^^^^^^^^^^^^^^^^^^
  File "C:\Users\suryanarayanan\AppData\Local\Programs\Python\Python313\Lib\importlib\__init__.py", line 88, in import_module
    return _bootstrap._gcd_import(name[level:], package, level)
           ~~~~~~~~~~~~~~~~~~~~~~^^^^^^^^^^^^^^^^^^^^^^^^^^^^^^
  File "<frozen importlib._bootstrap>", line 1395, in _gcd_import
  File "<frozen importlib._bootstrap>", line 1360, in _find_and_load
  File "<frozen importlib._bootstrap>", line 1331, in _find_and_load_unlocked
  File "<frozen importlib._bootstrap>", line 935, in _load_unlocked
  File "<frozen importlib._bootstrap_external>", line 1023, in exec_module
  File "<frozen importlib._bootstrap>", line 488, in _call_with_frames_removed
  File "C:\Projects\customer-support-rag\.venv\Lib\site-packages\transformers\models\glm46v\image_processing_glm46v.py", line 25, in <module>
    from torchvision.transforms.v2 import functional as tvF
ModuleNotFoundError: No module named 'torchvision'
2026-08-26 22:39:03.916 Examining the path of transformers.models.glm4v.image_processing_glm4v_fast raised:
Traceback (most recent call last):
  File "C:\Projects\customer-support-rag\.venv\Lib\site-packages\streamlit\watcher\local_sources_watcher.py", line 340, in get_module_paths
    potential_paths = extract_paths(module)
  File "C:\Projects\customer-support-rag\.venv\Lib\site-packages\streamlit\watcher\local_sources_watcher.py", line 327, in <lambda>
    if hasattr(m, "__path__")
       ~~~~~~~^^^^^^^^^^^^^^^
  File "C:\Projects\customer-support-rag\.venv\Lib\site-packages\transformers\__init__.py", line 865, in _getattr
    return getattr(importlib.import_module(target, __name__), name)
                   ~~~~~~~~~~~~~~~~~~~~~~~^^^^^^^^^^^^^^^^^^
  File "C:\Users\suryanarayanan\AppData\Local\Programs\Python\Python313\Lib\importlib\__init__.py", line 88, in import_module
    return _bootstrap._gcd_import(name[level:], package, level)
           ~~~~~~~~~~~~~~~~~~~~~~^^^^^^^^^^^^^^^^^^^^^^^^^^^^^^
  File "<frozen importlib._bootstrap>", line 1395, in _gcd_import
  File "<frozen importlib._bootstrap>", line 1360, in _find_and_load
  File "<frozen importlib._bootstrap>", line 1331, in _find_and_load_unlocked
  File "<frozen importlib._bootstrap>", line 935, in _load_unlocked
  File "<frozen importlib._bootstrap_external>", line 1023, in exec_module
  File "<frozen importlib._bootstrap>", line 488, in _call_with_frames_removed
  File "C:\Projects\customer-support-rag\.venv\Lib\site-packages\transformers\models\glm4v\image_processing_glm4v.py", line 19, in <module>
    from torchvision.transforms.v2 import functional as tvF
ModuleNotFoundError: No module named 'torchvision'
2026-08-26 22:39:03.938 Examining the path of transformers.models.glm5_next.image_processing_glm5_next_fast raised:
Traceback (most recent call last):
  File "C:\Projects\customer-support-rag\.venv\Lib\site-packages\streamlit\watcher\local_sources_watcher.py", line 340, in get_module_paths
    potential_paths = extract_paths(module)
  File "C:\Projects\customer-support-rag\.venv\Lib\site-packages\streamlit\watcher\local_sources_watcher.py", line 327, in <lambda>
    if hasattr(m, "__path__")
       ~~~~~~~^^^^^^^^^^^^^^^
  File "C:\Projects\customer-support-rag\.venv\Lib\site-packages\transformers\__init__.py", line 865, in _getattr
    return getattr(importlib.import_module(target, __name__), name)
                   ~~~~~~~~~~~~~~~~~~~~~~~^^^^^^^^^^^^^^^^^^
  File "C:\Users\suryanarayanan\AppData\Local\Programs\Python\Python313\Lib\importlib\__init__.py", line 88, in import_module
    return _bootstrap._gcd_import(name[level:], package, level)
           ~~~~~~~~~~~~~~~~~~~~~~^^^^^^^^^^^^^^^^^^^^^^^^^^^^^^
  File "<frozen importlib._bootstrap>", line 1395, in _gcd_import
  File "<frozen importlib._bootstrap>", line 1360, in _find_and_load
  File "<frozen importlib._bootstrap>", line 1331, in _find_and_load_unlocked
  File "<frozen importlib._bootstrap>", line 935, in _load_unlocked
  File "<frozen importlib._bootstrap_external>", line 1023, in exec_module
  File "<frozen importlib._bootstrap>", line 488, in _call_with_frames_removed
  File "C:\Projects\customer-support-rag\.venv\Lib\site-packages\transformers\models\glm5_next\image_processing_glm5_next.py", line 24, in <module>
    from torchvision.transforms.v2 import functional as tvF
ModuleNotFoundError: No module named 'torchvision'
2026-08-26 22:39:03.958 Examining the path of transformers.models.glm_image.image_processing_glm_image_fast raised:
Traceback (most recent call last):
  File "C:\Projects\customer-support-rag\.venv\Lib\site-packages\streamlit\watcher\local_sources_watcher.py", line 340, in get_module_paths
    potential_paths = extract_paths(module)
  File "C:\Projects\customer-support-rag\.venv\Lib\site-packages\streamlit\watcher\local_sources_watcher.py", line 327, in <lambda>
    if hasattr(m, "__path__")
       ~~~~~~~^^^^^^^^^^^^^^^
  File "C:\Projects\customer-support-rag\.venv\Lib\site-packages\transformers\__init__.py", line 865, in _getattr
    return getattr(importlib.import_module(target, __name__), name)
                   ~~~~~~~~~~~~~~~~~~~~~~~^^^^^^^^^^^^^^^^^^
  File "C:\Users\suryanarayanan\AppData\Local\Programs\Python\Python313\Lib\importlib\__init__.py", line 88, in import_module
    return _bootstrap._gcd_import(name[level:], package, level)
           ~~~~~~~~~~~~~~~~~~~~~~^^^^^^^^^^^^^^^^^^^^^^^^^^^^^^
  File "<frozen importlib._bootstrap>", line 1395, in _gcd_import
  File "<frozen importlib._bootstrap>", line 1360, in _find_and_load
  File "<frozen importlib._bootstrap>", line 1331, in _find_and_load_unlocked
  File "<frozen importlib._bootstrap>", line 935, in _load_unlocked
  File "<frozen importlib._bootstrap_external>", line 1023, in exec_module
  File "<frozen importlib._bootstrap>", line 488, in _call_with_frames_removed
  File "C:\Projects\customer-support-rag\.venv\Lib\site-packages\transformers\models\glm_image\image_processing_glm_image.py", line 25, in <module>
    from torchvision.transforms.v2 import functional as tvF
ModuleNotFoundError: No module named 'torchvision'
2026-08-26 22:39:03.984 Examining the path of transformers.models.glmga.image_processing_glmga_fast raised:
Traceback (most recent call last):
  File "C:\Projects\customer-support-rag\.venv\Lib\site-packages\streamlit\watcher\local_sources_watcher.py", line 340, in get_module_paths
    potential_paths = extract_paths(module)
  File "C:\Projects\customer-support-rag\.venv\Lib\site-packages\streamlit\watcher\local_sources_watcher.py", line 327, in <lambda>
    if hasattr(m, "__path__")
       ~~~~~~~^^^^^^^^^^^^^^^
  File "C:\Projects\customer-support-rag\.venv\Lib\site-packages\transformers\__init__.py", line 865, in _getattr
    return getattr(importlib.import_module(target, __name__), name)
                   ~~~~~~~~~~~~~~~~~~~~~~~^^^^^^^^^^^^^^^^^^
  File "C:\Users\suryanarayanan\AppData\Local\Programs\Python\Python313\Lib\importlib\__init__.py", line 88, in import_module
    return _bootstrap._gcd_import(name[level:], package, level)
           ~~~~~~~~~~~~~~~~~~~~~~^^^^^^^^^^^^^^^^^^^^^^^^^^^^^^
  File "<frozen importlib._bootstrap>", line 1395, in _gcd_import
  File "<frozen importlib._bootstrap>", line 1360, in _find_and_load
  File "<frozen importlib._bootstrap>", line 1331, in _find_and_load_unlocked
  File "<frozen importlib._bootstrap>", line 935, in _load_unlocked
  File "<frozen importlib._bootstrap_external>", line 1023, in exec_module
  File "<frozen importlib._bootstrap>", line 488, in _call_with_frames_removed
  File "C:\Projects\customer-support-rag\.venv\Lib\site-packages\transformers\models\glmga\image_processing_glmga.py", line 24, in <module>
    from torchvision.transforms.v2 import functional as tvF
ModuleNotFoundError: No module named 'torchvision'
2026-08-26 22:39:03.996 Examining the path of transformers.models.glpn.image_processing_glpn_fast raised:
Traceback (most recent call last):
  File "C:\Projects\customer-support-rag\.venv\Lib\site-packages\streamlit\watcher\local_sources_watcher.py", line 340, in get_module_paths
    potential_paths = extract_paths(module)
  File "C:\Projects\customer-support-rag\.venv\Lib\site-packages\streamlit\watcher\local_sources_watcher.py", line 327, in <lambda>
    if hasattr(m, "__path__")
       ~~~~~~~^^^^^^^^^^^^^^^
  File "C:\Projects\customer-support-rag\.venv\Lib\site-packages\transformers\__init__.py", line 865, in _getattr
    return getattr(importlib.import_module(target, __name__), name)
                   ~~~~~~~~~~~~~~~~~~~~~~~^^^^^^^^^^^^^^^^^^
  File "C:\Users\suryanarayanan\AppData\Local\Programs\Python\Python313\Lib\importlib\__init__.py", line 88, in import_module
    return _bootstrap._gcd_import(name[level:], package, level)
           ~~~~~~~~~~~~~~~~~~~~~~^^^^^^^^^^^^^^^^^^^^^^^^^^^^^^
  File "<frozen importlib._bootstrap>", line 1395, in _gcd_import
  File "<frozen importlib._bootstrap>", line 1360, in _find_and_load
  File "<frozen importlib._bootstrap>", line 1331, in _find_and_load_unlocked
  File "<frozen importlib._bootstrap>", line 935, in _load_unlocked
  File "<frozen importlib._bootstrap_external>", line 1023, in exec_module
  File "<frozen importlib._bootstrap>", line 488, in _call_with_frames_removed
  File "C:\Projects\customer-support-rag\.venv\Lib\site-packages\transformers\models\glpn\image_processing_glpn.py", line 34, in <module>
    from torchvision.transforms.v2 import functional as tvF
ModuleNotFoundError: No module named 'torchvision'
2026-08-26 22:39:04.008 Examining the path of transformers.models.got_ocr2.image_processing_got_ocr2_fast raised:
Traceback (most recent call last):
  File "C:\Projects\customer-support-rag\.venv\Lib\site-packages\streamlit\watcher\local_sources_watcher.py", line 340, in get_module_paths
    potential_paths = extract_paths(module)
  File "C:\Projects\customer-support-rag\.venv\Lib\site-packages\streamlit\watcher\local_sources_watcher.py", line 327, in <lambda>
    if hasattr(m, "__path__")
       ~~~~~~~^^^^^^^^^^^^^^^
  File "C:\Projects\customer-support-rag\.venv\Lib\site-packages\transformers\__init__.py", line 865, in _getattr
    return getattr(importlib.import_module(target, __name__), name)
                   ~~~~~~~~~~~~~~~~~~~~~~~^^^^^^^^^^^^^^^^^^
  File "C:\Users\suryanarayanan\AppData\Local\Programs\Python\Python313\Lib\importlib\__init__.py", line 88, in import_module
    return _bootstrap._gcd_import(name[level:], package, level)
           ~~~~~~~~~~~~~~~~~~~~~~^^^^^^^^^^^^^^^^^^^^^^^^^^^^^^
  File "<frozen importlib._bootstrap>", line 1395, in _gcd_import
  File "<frozen importlib._bootstrap>", line 1360, in _find_and_load
  File "<frozen importlib._bootstrap>", line 1331, in _find_and_load_unlocked
  File "<frozen importlib._bootstrap>", line 935, in _load_unlocked
  File "<frozen importlib._bootstrap_external>", line 1023, in exec_module
  File "<frozen importlib._bootstrap>", line 488, in _call_with_frames_removed
  File "C:\Projects\customer-support-rag\.venv\Lib\site-packages\transformers\models\got_ocr2\image_processing_got_ocr2.py", line 19, in <module>
    from torchvision.transforms.v2 import functional as tvF
ModuleNotFoundError: No module named 'torchvision'
2026-08-26 22:39:04.013 Examining the path of transformers.models.grounding_dino.image_processing_grounding_dino_fast raised:
Traceback (most recent call last):
  File "C:\Projects\customer-support-rag\.venv\Lib\site-packages\streamlit\watcher\local_sources_watcher.py", line 340, in get_module_paths
    potential_paths = extract_paths(module)
  File "C:\Projects\customer-support-rag\.venv\Lib\site-packages\streamlit\watcher\local_sources_watcher.py", line 327, in <lambda>
    if hasattr(m, "__path__")
       ~~~~~~~^^^^^^^^^^^^^^^
  File "C:\Projects\customer-support-rag\.venv\Lib\site-packages\transformers\__init__.py", line 865, in _getattr
    return getattr(importlib.import_module(target, __name__), name)
                   ~~~~~~~~~~~~~~~~~~~~~~~^^^^^^^^^^^^^^^^^^
  File "C:\Users\suryanarayanan\AppData\Local\Programs\Python\Python313\Lib\importlib\__init__.py", line 88, in import_module
    return _bootstrap._gcd_import(name[level:], package, level)
           ~~~~~~~~~~~~~~~~~~~~~~^^^^^^^^^^^^^^^^^^^^^^^^^^^^^^
  File "<frozen importlib._bootstrap>", line 1395, in _gcd_import
  File "<frozen importlib._bootstrap>", line 1360, in _find_and_load
  File "<frozen importlib._bootstrap>", line 1331, in _find_and_load_unlocked
  File "<frozen importlib._bootstrap>", line 935, in _load_unlocked
  File "<frozen importlib._bootstrap_external>", line 1023, in exec_module
  File "<frozen importlib._bootstrap>", line 488, in _call_with_frames_removed
  File "C:\Projects\customer-support-rag\.venv\Lib\site-packages\transformers\models\grounding_dino\image_processing_grounding_dino.py", line 30, in <module>
    from torchvision.io import read_image
ModuleNotFoundError: No module named 'torchvision'
2026-08-26 22:39:04.029 Examining the path of transformers.models.hunyuan_vl.image_processing_hunyuan_vl_fast raised:
Traceback (most recent call last):
  File "C:\Projects\customer-support-rag\.venv\Lib\site-packages\streamlit\watcher\local_sources_watcher.py", line 340, in get_module_paths
    potential_paths = extract_paths(module)
  File "C:\Projects\customer-support-rag\.venv\Lib\site-packages\streamlit\watcher\local_sources_watcher.py", line 327, in <lambda>
    if hasattr(m, "__path__")
       ~~~~~~~^^^^^^^^^^^^^^^
  File "C:\Projects\customer-support-rag\.venv\Lib\site-packages\transformers\__init__.py", line 865, in _getattr
    return getattr(importlib.import_module(target, __name__), name)
                   ~~~~~~~~~~~~~~~~~~~~~~~^^^^^^^^^^^^^^^^^^
  File "C:\Users\suryanarayanan\AppData\Local\Programs\Python\Python313\Lib\importlib\__init__.py", line 88, in import_module
    return _bootstrap._gcd_import(name[level:], package, level)
           ~~~~~~~~~~~~~~~~~~~~~~^^^^^^^^^^^^^^^^^^^^^^^^^^^^^^
  File "<frozen importlib._bootstrap>", line 1395, in _gcd_import
  File "<frozen importlib._bootstrap>", line 1360, in _find_and_load
  File "<frozen importlib._bootstrap>", line 1331, in _find_and_load_unlocked
  File "<frozen importlib._bootstrap>", line 935, in _load_unlocked
  File "<frozen importlib._bootstrap_external>", line 1023, in exec_module
  File "<frozen importlib._bootstrap>", line 488, in _call_with_frames_removed
  File "C:\Projects\customer-support-rag\.venv\Lib\site-packages\transformers\models\hunyuan_vl\image_processing_hunyuan_vl.py", line 25, in <module>
    from torchvision.transforms.v2 import functional as tvF
ModuleNotFoundError: No module named 'torchvision'
2026-08-26 22:39:04.076 Examining the path of transformers.models.idefics2.image_processing_idefics2_fast raised:
Traceback (most recent call last):
  File "C:\Projects\customer-support-rag\.venv\Lib\site-packages\streamlit\watcher\local_sources_watcher.py", line 340, in get_module_paths
    potential_paths = extract_paths(module)
  File "C:\Projects\customer-support-rag\.venv\Lib\site-packages\streamlit\watcher\local_sources_watcher.py", line 327, in <lambda>
    if hasattr(m, "__path__")
       ~~~~~~~^^^^^^^^^^^^^^^
  File "C:\Projects\customer-support-rag\.venv\Lib\site-packages\transformers\__init__.py", line 865, in _getattr
    return getattr(importlib.import_module(target, __name__), name)
                   ~~~~~~~~~~~~~~~~~~~~~~~^^^^^^^^^^^^^^^^^^
  File "C:\Users\suryanarayanan\AppData\Local\Programs\Python\Python313\Lib\importlib\__init__.py", line 88, in import_module
    return _bootstrap._gcd_import(name[level:], package, level)
           ~~~~~~~~~~~~~~~~~~~~~~^^^^^^^^^^^^^^^^^^^^^^^^^^^^^^
  File "<frozen importlib._bootstrap>", line 1395, in _gcd_import
  File "<frozen importlib._bootstrap>", line 1360, in _find_and_load
  File "<frozen importlib._bootstrap>", line 1331, in _find_and_load_unlocked
  File "<frozen importlib._bootstrap>", line 935, in _load_unlocked
  File "<frozen importlib._bootstrap_external>", line 1023, in exec_module
  File "<frozen importlib._bootstrap>", line 488, in _call_with_frames_removed
  File "C:\Projects\customer-support-rag\.venv\Lib\site-packages\transformers\models\idefics2\image_processing_idefics2.py", line 37, in <module>
    from torchvision.transforms.v2 import functional as tvF
ModuleNotFoundError: No module named 'torchvision'
2026-08-26 22:39:04.093 Examining the path of transformers.models.idefics3.image_processing_idefics3_fast raised:
Traceback (most recent call last):
  File "C:\Projects\customer-support-rag\.venv\Lib\site-packages\streamlit\watcher\local_sources_watcher.py", line 340, in get_module_paths
    potential_paths = extract_paths(module)
  File "C:\Projects\customer-support-rag\.venv\Lib\site-packages\streamlit\watcher\local_sources_watcher.py", line 327, in <lambda>
    if hasattr(m, "__path__")
       ~~~~~~~^^^^^^^^^^^^^^^
  File "C:\Projects\customer-support-rag\.venv\Lib\site-packages\transformers\__init__.py", line 865, in _getattr
    return getattr(importlib.import_module(target, __name__), name)
                   ~~~~~~~~~~~~~~~~~~~~~~~^^^^^^^^^^^^^^^^^^
  File "C:\Users\suryanarayanan\AppData\Local\Programs\Python\Python313\Lib\importlib\__init__.py", line 88, in import_module
    return _bootstrap._gcd_import(name[level:], package, level)
           ~~~~~~~~~~~~~~~~~~~~~~^^^^^^^^^^^^^^^^^^^^^^^^^^^^^^
  File "<frozen importlib._bootstrap>", line 1395, in _gcd_import
  File "<frozen importlib._bootstrap>", line 1360, in _find_and_load
  File "<frozen importlib._bootstrap>", line 1331, in _find_and_load_unlocked
  File "<frozen importlib._bootstrap>", line 935, in _load_unlocked
  File "<frozen importlib._bootstrap_external>", line 1023, in exec_module
  File "<frozen importlib._bootstrap>", line 488, in _call_with_frames_removed
  File "C:\Projects\customer-support-rag\.venv\Lib\site-packages\transformers\models\idefics3\image_processing_idefics3.py", line 20, in <module>
    from torchvision.transforms.v2 import functional as tvF
ModuleNotFoundError: No module named 'torchvision'
2026-08-26 22:39:04.108 Examining the path of transformers.models.imagegpt.image_processing_imagegpt_fast raised:
Traceback (most recent call last):
  File "C:\Projects\customer-support-rag\.venv\Lib\site-packages\streamlit\watcher\local_sources_watcher.py", line 340, in get_module_paths
    potential_paths = extract_paths(module)
  File "C:\Projects\customer-support-rag\.venv\Lib\site-packages\streamlit\watcher\local_sources_watcher.py", line 327, in <lambda>
    if hasattr(m, "__path__")
       ~~~~~~~^^^^^^^^^^^^^^^
  File "C:\Projects\customer-support-rag\.venv\Lib\site-packages\transformers\__init__.py", line 865, in _getattr
    return getattr(importlib.import_module(target, __name__), name)
                   ~~~~~~~~~~~~~~~~~~~~~~~^^^^^^^^^^^^^^^^^^
  File "C:\Users\suryanarayanan\AppData\Local\Programs\Python\Python313\Lib\importlib\__init__.py", line 88, in import_module
    return _bootstrap._gcd_import(name[level:], package, level)
           ~~~~~~~~~~~~~~~~~~~~~~^^^^^^^^^^^^^^^^^^^^^^^^^^^^^^
  File "<frozen importlib._bootstrap>", line 1395, in _gcd_import
  File "<frozen importlib._bootstrap>", line 1360, in _find_and_load
  File "<frozen importlib._bootstrap>", line 1331, in _find_and_load_unlocked
  File "<frozen importlib._bootstrap>", line 935, in _load_unlocked
  File "<frozen importlib._bootstrap_external>", line 1023, in exec_module
  File "<frozen importlib._bootstrap>", line 488, in _call_with_frames_removed
  File "C:\Projects\customer-support-rag\.venv\Lib\site-packages\transformers\models\imagegpt\image_processing_imagegpt.py", line 20, in <module>
    from torchvision.transforms.v2 import functional as tvF
ModuleNotFoundError: No module named 'torchvision'
2026-08-26 22:39:04.117 Examining the path of transformers.models.inkling.image_processing_inkling_fast raised:
Traceback (most recent call last):
  File "C:\Projects\customer-support-rag\.venv\Lib\site-packages\streamlit\watcher\local_sources_watcher.py", line 340, in get_module_paths
    potential_paths = extract_paths(module)
  File "C:\Projects\customer-support-rag\.venv\Lib\site-packages\streamlit\watcher\local_sources_watcher.py", line 327, in <lambda>
    if hasattr(m, "__path__")
       ~~~~~~~^^^^^^^^^^^^^^^
  File "C:\Projects\customer-support-rag\.venv\Lib\site-packages\transformers\__init__.py", line 865, in _getattr
    return getattr(importlib.import_module(target, __name__), name)
                   ~~~~~~~~~~~~~~~~~~~~~~~^^^^^^^^^^^^^^^^^^
  File "C:\Users\suryanarayanan\AppData\Local\Programs\Python\Python313\Lib\importlib\__init__.py", line 88, in import_module
    return _bootstrap._gcd_import(name[level:], package, level)
           ~~~~~~~~~~~~~~~~~~~~~~^^^^^^^^^^^^^^^^^^^^^^^^^^^^^^
  File "<frozen importlib._bootstrap>", line 1395, in _gcd_import
  File "<frozen importlib._bootstrap>", line 1360, in _find_and_load
  File "<frozen importlib._bootstrap>", line 1331, in _find_and_load_unlocked
  File "<frozen importlib._bootstrap>", line 935, in _load_unlocked
  File "<frozen importlib._bootstrap_external>", line 1023, in exec_module
  File "<frozen importlib._bootstrap>", line 488, in _call_with_frames_removed
  File "C:\Projects\customer-support-rag\.venv\Lib\site-packages\transformers\models\inkling\image_processing_inkling.py", line 19, in <module>
    from torchvision.transforms.v2 import functional as tvF
ModuleNotFoundError: No module named 'torchvision'
2026-08-26 22:39:04.124 Examining the path of transformers.models.janus.image_processing_janus_fast raised:
Traceback (most recent call last):
  File "C:\Projects\customer-support-rag\.venv\Lib\site-packages\streamlit\watcher\local_sources_watcher.py", line 340, in get_module_paths
    potential_paths = extract_paths(module)
  File "C:\Projects\customer-support-rag\.venv\Lib\site-packages\streamlit\watcher\local_sources_watcher.py", line 327, in <lambda>
    if hasattr(m, "__path__")
       ~~~~~~~^^^^^^^^^^^^^^^
  File "C:\Projects\customer-support-rag\.venv\Lib\site-packages\transformers\__init__.py", line 865, in _getattr
    return getattr(importlib.import_module(target, __name__), name)
                   ~~~~~~~~~~~~~~~~~~~~~~~^^^^^^^^^^^^^^^^^^
  File "C:\Users\suryanarayanan\AppData\Local\Programs\Python\Python313\Lib\importlib\__init__.py", line 88, in import_module
    return _bootstrap._gcd_import(name[level:], package, level)
           ~~~~~~~~~~~~~~~~~~~~~~^^^^^^^^^^^^^^^^^^^^^^^^^^^^^^
  File "<frozen importlib._bootstrap>", line 1395, in _gcd_import
  File "<frozen importlib._bootstrap>", line 1360, in _find_and_load
  File "<frozen importlib._bootstrap>", line 1331, in _find_and_load_unlocked
  File "<frozen importlib._bootstrap>", line 935, in _load_unlocked
  File "<frozen importlib._bootstrap_external>", line 1023, in exec_module
  File "<frozen importlib._bootstrap>", line 488, in _call_with_frames_removed
  File "C:\Projects\customer-support-rag\.venv\Lib\site-packages\transformers\models\janus\image_processing_janus.py", line 17, in <module>
    import torchvision.transforms.v2.functional as tvF
ModuleNotFoundError: No module named 'torchvision'
2026-08-26 22:39:04.141 Examining the path of transformers.models.kimi_k25.image_processing_kimi_k25_fast raised:
Traceback (most recent call last):
  File "C:\Projects\customer-support-rag\.venv\Lib\site-packages\streamlit\watcher\local_sources_watcher.py", line 340, in get_module_paths
    potential_paths = extract_paths(module)
  File "C:\Projects\customer-support-rag\.venv\Lib\site-packages\streamlit\watcher\local_sources_watcher.py", line 327, in <lambda>
    if hasattr(m, "__path__")
       ~~~~~~~^^^^^^^^^^^^^^^
  File "C:\Projects\customer-support-rag\.venv\Lib\site-packages\transformers\__init__.py", line 865, in _getattr
    return getattr(importlib.import_module(target, __name__), name)
                   ~~~~~~~~~~~~~~~~~~~~~~~^^^^^^^^^^^^^^^^^^
  File "C:\Users\suryanarayanan\AppData\Local\Programs\Python\Python313\Lib\importlib\__init__.py", line 88, in import_module
    return _bootstrap._gcd_import(name[level:], package, level)
           ~~~~~~~~~~~~~~~~~~~~~~^^^^^^^^^^^^^^^^^^^^^^^^^^^^^^
  File "<frozen importlib._bootstrap>", line 1395, in _gcd_import
  File "<frozen importlib._bootstrap>", line 1360, in _find_and_load
  File "<frozen importlib._bootstrap>", line 1331, in _find_and_load_unlocked
  File "<frozen importlib._bootstrap>", line 935, in _load_unlocked
  File "<frozen importlib._bootstrap_external>", line 1023, in exec_module
  File "<frozen importlib._bootstrap>", line 488, in _call_with_frames_removed
  File "C:\Projects\customer-support-rag\.venv\Lib\site-packages\transformers\models\kimi_k25\image_processing_kimi_k25.py", line 19, in <module>
    from torchvision.transforms.v2 import functional as tvF
ModuleNotFoundError: No module named 'torchvision'
2026-08-26 22:39:04.175 Examining the path of transformers.models.layoutlmv2.image_processing_layoutlmv2_fast raised:
Traceback (most recent call last):
  File "C:\Projects\customer-support-rag\.venv\Lib\site-packages\streamlit\watcher\local_sources_watcher.py", line 340, in get_module_paths
    potential_paths = extract_paths(module)
  File "C:\Projects\customer-support-rag\.venv\Lib\site-packages\streamlit\watcher\local_sources_watcher.py", line 327, in <lambda>
    if hasattr(m, "__path__")
       ~~~~~~~^^^^^^^^^^^^^^^
  File "C:\Projects\customer-support-rag\.venv\Lib\site-packages\transformers\__init__.py", line 865, in _getattr
    return getattr(importlib.import_module(target, __name__), name)
                   ~~~~~~~~~~~~~~~~~~~~~~~^^^^^^^^^^^^^^^^^^
  File "C:\Users\suryanarayanan\AppData\Local\Programs\Python\Python313\Lib\importlib\__init__.py", line 88, in import_module
    return _bootstrap._gcd_import(name[level:], package, level)
           ~~~~~~~~~~~~~~~~~~~~~~^^^^^^^^^^^^^^^^^^^^^^^^^^^^^^
  File "<frozen importlib._bootstrap>", line 1395, in _gcd_import
  File "<frozen importlib._bootstrap>", line 1360, in _find_and_load
  File "<frozen importlib._bootstrap>", line 1331, in _find_and_load_unlocked
  File "<frozen importlib._bootstrap>", line 935, in _load_unlocked
  File "<frozen importlib._bootstrap_external>", line 1023, in exec_module
  File "<frozen importlib._bootstrap>", line 488, in _call_with_frames_removed
  File "C:\Projects\customer-support-rag\.venv\Lib\site-packages\transformers\models\layoutlmv2\image_processing_layoutlmv2.py", line 36, in <module>
    from torchvision.transforms.v2 import functional as tvF
ModuleNotFoundError: No module named 'torchvision'
2026-08-26 22:39:04.192 Examining the path of transformers.models.layoutlmv3.image_processing_layoutlmv3_fast raised:
Traceback (most recent call last):
  File "C:\Projects\customer-support-rag\.venv\Lib\site-packages\streamlit\watcher\local_sources_watcher.py", line 340, in get_module_paths
    potential_paths = extract_paths(module)
  File "C:\Projects\customer-support-rag\.venv\Lib\site-packages\streamlit\watcher\local_sources_watcher.py", line 327, in <lambda>
    if hasattr(m, "__path__")
       ~~~~~~~^^^^^^^^^^^^^^^
  File "C:\Projects\customer-support-rag\.venv\Lib\site-packages\transformers\__init__.py", line 865, in _getattr
    return getattr(importlib.import_module(target, __name__), name)
                   ~~~~~~~~~~~~~~~~~~~~~~~^^^^^^^^^^^^^^^^^^
  File "C:\Users\suryanarayanan\AppData\Local\Programs\Python\Python313\Lib\importlib\__init__.py", line 88, in import_module
    return _bootstrap._gcd_import(name[level:], package, level)
           ~~~~~~~~~~~~~~~~~~~~~~^^^^^^^^^^^^^^^^^^^^^^^^^^^^^^
  File "<frozen importlib._bootstrap>", line 1395, in _gcd_import
  File "<frozen importlib._bootstrap>", line 1360, in _find_and_load
  File "<frozen importlib._bootstrap>", line 1331, in _find_and_load_unlocked
  File "<frozen importlib._bootstrap>", line 935, in _load_unlocked
  File "<frozen importlib._bootstrap_external>", line 1023, in exec_module
  File "<frozen importlib._bootstrap>", line 488, in _call_with_frames_removed
  File "C:\Projects\customer-support-rag\.venv\Lib\site-packages\transformers\models\layoutlmv3\image_processing_layoutlmv3.py", line 42, in <module>
    from torchvision.transforms.v2 import functional as tvF
ModuleNotFoundError: No module named 'torchvision'
2026-08-26 22:39:04.204 Examining the path of transformers.models.levit.image_processing_levit_fast raised:
Traceback (most recent call last):
  File "C:\Projects\customer-support-rag\.venv\Lib\site-packages\streamlit\watcher\local_sources_watcher.py", line 340, in get_module_paths
    potential_paths = extract_paths(module)
  File "C:\Projects\customer-support-rag\.venv\Lib\site-packages\streamlit\watcher\local_sources_watcher.py", line 327, in <lambda>
    if hasattr(m, "__path__")
       ~~~~~~~^^^^^^^^^^^^^^^
  File "C:\Projects\customer-support-rag\.venv\Lib\site-packages\transformers\__init__.py", line 865, in _getattr
    return getattr(importlib.import_module(target, __name__), name)
                   ~~~~~~~~~~~~~~~~~~~~~~~^^^^^^^^^^^^^^^^^^
  File "C:\Users\suryanarayanan\AppData\Local\Programs\Python\Python313\Lib\importlib\__init__.py", line 88, in import_module
    return _bootstrap._gcd_import(name[level:], package, level)
           ~~~~~~~~~~~~~~~~~~~~~~^^^^^^^^^^^^^^^^^^^^^^^^^^^^^^
  File "<frozen importlib._bootstrap>", line 1395, in _gcd_import
  File "<frozen importlib._bootstrap>", line 1360, in _find_and_load
  File "<frozen importlib._bootstrap>", line 1331, in _find_and_load_unlocked
  File "<frozen importlib._bootstrap>", line 935, in _load_unlocked
  File "<frozen importlib._bootstrap_external>", line 1023, in exec_module
  File "<frozen importlib._bootstrap>", line 488, in _call_with_frames_removed
  File "C:\Projects\customer-support-rag\.venv\Lib\site-packages\transformers\models\levit\image_processing_levit.py", line 17, in <module>
    from torchvision.transforms.v2 import functional as tvF
ModuleNotFoundError: No module named 'torchvision'
2026-08-26 22:39:04.208 Examining the path of transformers.models.lfm2_vl.image_processing_lfm2_vl_fast raised:
Traceback (most recent call last):
  File "C:\Projects\customer-support-rag\.venv\Lib\site-packages\streamlit\watcher\local_sources_watcher.py", line 340, in get_module_paths
    potential_paths = extract_paths(module)
  File "C:\Projects\customer-support-rag\.venv\Lib\site-packages\streamlit\watcher\local_sources_watcher.py", line 327, in <lambda>
    if hasattr(m, "__path__")
       ~~~~~~~^^^^^^^^^^^^^^^
  File "C:\Projects\customer-support-rag\.venv\Lib\site-packages\transformers\__init__.py", line 865, in _getattr
    return getattr(importlib.import_module(target, __name__), name)
                   ~~~~~~~~~~~~~~~~~~~~~~~^^^^^^^^^^^^^^^^^^
  File "C:\Users\suryanarayanan\AppData\Local\Programs\Python\Python313\Lib\importlib\__init__.py", line 88, in import_module
    return _bootstrap._gcd_import(name[level:], package, level)
           ~~~~~~~~~~~~~~~~~~~~~~^^^^^^^^^^^^^^^^^^^^^^^^^^^^^^
  File "<frozen importlib._bootstrap>", line 1395, in _gcd_import
  File "<frozen importlib._bootstrap>", line 1360, in _find_and_load
  File "<frozen importlib._bootstrap>", line 1331, in _find_and_load_unlocked
  File "<frozen importlib._bootstrap>", line 935, in _load_unlocked
  File "<frozen importlib._bootstrap_external>", line 1023, in exec_module
  File "<frozen importlib._bootstrap>", line 488, in _call_with_frames_removed
  File "C:\Projects\customer-support-rag\.venv\Lib\site-packages\transformers\models\lfm2_vl\image_processing_lfm2_vl.py", line 18, in <module>
    from torchvision.transforms.v2 import functional as tvF
ModuleNotFoundError: No module named 'torchvision'
2026-08-26 22:39:04.214 Examining the path of transformers.models.lightglue.image_processing_lightglue_fast raised:
Traceback (most recent call last):
  File "C:\Projects\customer-support-rag\.venv\Lib\site-packages\streamlit\watcher\local_sources_watcher.py", line 340, in get_module_paths
    potential_paths = extract_paths(module)
  File "C:\Projects\customer-support-rag\.venv\Lib\site-packages\streamlit\watcher\local_sources_watcher.py", line 327, in <lambda>
    if hasattr(m, "__path__")
       ~~~~~~~^^^^^^^^^^^^^^^
  File "C:\Projects\customer-support-rag\.venv\Lib\site-packages\transformers\__init__.py", line 865, in _getattr
    return getattr(importlib.import_module(target, __name__), name)
                   ~~~~~~~~~~~~~~~~~~~~~~~^^^^^^^^^^^^^^^^^^
  File "C:\Users\suryanarayanan\AppData\Local\Programs\Python\Python313\Lib\importlib\__init__.py", line 88, in import_module
    return _bootstrap._gcd_import(name[level:], package, level)
           ~~~~~~~~~~~~~~~~~~~~~~^^^^^^^^^^^^^^^^^^^^^^^^^^^^^^
  File "<frozen importlib._bootstrap>", line 1395, in _gcd_import
  File "<frozen importlib._bootstrap>", line 1360, in _find_and_load
  File "<frozen importlib._bootstrap>", line 1331, in _find_and_load_unlocked
  File "<frozen importlib._bootstrap>", line 935, in _load_unlocked
  File "<frozen importlib._bootstrap_external>", line 1023, in exec_module
  File "<frozen importlib._bootstrap>", line 488, in _call_with_frames_removed
  File "C:\Projects\customer-support-rag\.venv\Lib\site-packages\transformers\models\lightglue\image_processing_lightglue.py", line 24, in <module>
    from torchvision.transforms.v2 import functional as tvF
ModuleNotFoundError: No module named 'torchvision'
2026-08-26 22:39:04.236 Examining the path of transformers.models.llama4.image_processing_llama4_fast raised:
Traceback (most recent call last):
  File "C:\Projects\customer-support-rag\.venv\Lib\site-packages\streamlit\watcher\local_sources_watcher.py", line 340, in get_module_paths
    potential_paths = extract_paths(module)
  File "C:\Projects\customer-support-rag\.venv\Lib\site-packages\streamlit\watcher\local_sources_watcher.py", line 327, in <lambda>
    if hasattr(m, "__path__")
       ~~~~~~~^^^^^^^^^^^^^^^
  File "C:\Projects\customer-support-rag\.venv\Lib\site-packages\transformers\__init__.py", line 865, in _getattr
    return getattr(importlib.import_module(target, __name__), name)
                   ~~~~~~~~~~~~~~~~~~~~~~~^^^^^^^^^^^^^^^^^^
  File "C:\Users\suryanarayanan\AppData\Local\Programs\Python\Python313\Lib\importlib\__init__.py", line 88, in import_module
    return _bootstrap._gcd_import(name[level:], package, level)
           ~~~~~~~~~~~~~~~~~~~~~~^^^^^^^^^^^^^^^^^^^^^^^^^^^^^^
  File "<frozen importlib._bootstrap>", line 1395, in _gcd_import
  File "<frozen importlib._bootstrap>", line 1360, in _find_and_load
  File "<frozen importlib._bootstrap>", line 1331, in _find_and_load_unlocked
  File "<frozen importlib._bootstrap>", line 935, in _load_unlocked
  File "<frozen importlib._bootstrap_external>", line 1023, in exec_module
  File "<frozen importlib._bootstrap>", line 488, in _call_with_frames_removed
  File "C:\Projects\customer-support-rag\.venv\Lib\site-packages\transformers\models\llama4\image_processing_llama4.py", line 21, in <module>
    from torchvision.transforms.v2 import functional as tvF
ModuleNotFoundError: No module named 'torchvision'
2026-08-26 22:39:04.242 Examining the path of transformers.models.llava.image_processing_llava_fast raised:
Traceback (most recent call last):
  File "C:\Projects\customer-support-rag\.venv\Lib\site-packages\streamlit\watcher\local_sources_watcher.py", line 340, in get_module_paths
    potential_paths = extract_paths(module)
  File "C:\Projects\customer-support-rag\.venv\Lib\site-packages\streamlit\watcher\local_sources_watcher.py", line 327, in <lambda>
    if hasattr(m, "__path__")
       ~~~~~~~^^^^^^^^^^^^^^^
  File "C:\Projects\customer-support-rag\.venv\Lib\site-packages\transformers\__init__.py", line 865, in _getattr
    return getattr(importlib.import_module(target, __name__), name)
                   ~~~~~~~~~~~~~~~~~~~~~~~^^^^^^^^^^^^^^^^^^
  File "C:\Users\suryanarayanan\AppData\Local\Programs\Python\Python313\Lib\importlib\__init__.py", line 88, in import_module
    return _bootstrap._gcd_import(name[level:], package, level)
           ~~~~~~~~~~~~~~~~~~~~~~^^^^^^^^^^^^^^^^^^^^^^^^^^^^^^
  File "<frozen importlib._bootstrap>", line 1395, in _gcd_import
  File "<frozen importlib._bootstrap>", line 1360, in _find_and_load
  File "<frozen importlib._bootstrap>", line 1331, in _find_and_load_unlocked
  File "<frozen importlib._bootstrap>", line 935, in _load_unlocked
  File "<frozen importlib._bootstrap_external>", line 1023, in exec_module
  File "<frozen importlib._bootstrap>", line 488, in _call_with_frames_removed
  File "C:\Projects\customer-support-rag\.venv\Lib\site-packages\transformers\models\llava\image_processing_llava.py", line 19, in <module>
    from torchvision.transforms.v2 import functional as tvF
ModuleNotFoundError: No module named 'torchvision'
2026-08-26 22:39:04.250 Examining the path of transformers.models.llava_next.image_processing_llava_next_fast raised:
Traceback (most recent call last):
  File "C:\Projects\customer-support-rag\.venv\Lib\site-packages\streamlit\watcher\local_sources_watcher.py", line 340, in get_module_paths
    potential_paths = extract_paths(module)
  File "C:\Projects\customer-support-rag\.venv\Lib\site-packages\streamlit\watcher\local_sources_watcher.py", line 327, in <lambda>
    if hasattr(m, "__path__")
       ~~~~~~~^^^^^^^^^^^^^^^
  File "C:\Projects\customer-support-rag\.venv\Lib\site-packages\transformers\__init__.py", line 865, in _getattr
    return getattr(importlib.import_module(target, __name__), name)
                   ~~~~~~~~~~~~~~~~~~~~~~~^^^^^^^^^^^^^^^^^^
  File "C:\Users\suryanarayanan\AppData\Local\Programs\Python\Python313\Lib\importlib\__init__.py", line 88, in import_module
    return _bootstrap._gcd_import(name[level:], package, level)
           ~~~~~~~~~~~~~~~~~~~~~~^^^^^^^^^^^^^^^^^^^^^^^^^^^^^^
  File "<frozen importlib._bootstrap>", line 1395, in _gcd_import
  File "<frozen importlib._bootstrap>", line 1360, in _find_and_load
  File "<frozen importlib._bootstrap>", line 1331, in _find_and_load_unlocked
  File "<frozen importlib._bootstrap>", line 935, in _load_unlocked
  File "<frozen importlib._bootstrap_external>", line 1023, in exec_module
  File "<frozen importlib._bootstrap>", line 488, in _call_with_frames_removed
  File "C:\Projects\customer-support-rag\.venv\Lib\site-packages\transformers\models\llava_next\image_processing_llava_next.py", line 19, in <module>
    from torchvision.transforms.v2 import functional as tvF
ModuleNotFoundError: No module named 'torchvision'
2026-08-26 22:39:04.263 Examining the path of transformers.models.llava_onevision.image_processing_llava_onevision_fast raised:
Traceback (most recent call last):
  File "C:\Projects\customer-support-rag\.venv\Lib\site-packages\streamlit\watcher\local_sources_watcher.py", line 340, in get_module_paths
    potential_paths = extract_paths(module)
  File "C:\Projects\customer-support-rag\.venv\Lib\site-packages\streamlit\watcher\local_sources_watcher.py", line 327, in <lambda>
    if hasattr(m, "__path__")
       ~~~~~~~^^^^^^^^^^^^^^^
  File "C:\Projects\customer-support-rag\.venv\Lib\site-packages\transformers\__init__.py", line 865, in _getattr
    return getattr(importlib.import_module(target, __name__), name)
                   ~~~~~~~~~~~~~~~~~~~~~~~^^^^^^^^^^^^^^^^^^
  File "C:\Users\suryanarayanan\AppData\Local\Programs\Python\Python313\Lib\importlib\__init__.py", line 88, in import_module
    return _bootstrap._gcd_import(name[level:], package, level)
           ~~~~~~~~~~~~~~~~~~~~~~^^^^^^^^^^^^^^^^^^^^^^^^^^^^^^
  File "<frozen importlib._bootstrap>", line 1395, in _gcd_import
  File "<frozen importlib._bootstrap>", line 1360, in _find_and_load
  File "<frozen importlib._bootstrap>", line 1331, in _find_and_load_unlocked
  File "<frozen importlib._bootstrap>", line 935, in _load_unlocked
  File "<frozen importlib._bootstrap_external>", line 1023, in exec_module
  File "<frozen importlib._bootstrap>", line 488, in _call_with_frames_removed
  File "C:\Projects\customer-support-rag\.venv\Lib\site-packages\transformers\models\llava_onevision\image_processing_llava_onevision.py", line 24, in <module>
    import torchvision.transforms.v2.functional as tvF
ModuleNotFoundError: No module named 'torchvision'
2026-08-26 22:39:04.278 Examining the path of transformers.models.mask2former.image_processing_mask2former_fast raised:
Traceback (most recent call last):
  File "C:\Projects\customer-support-rag\.venv\Lib\site-packages\streamlit\watcher\local_sources_watcher.py", line 340, in get_module_paths
    potential_paths = extract_paths(module)
  File "C:\Projects\customer-support-rag\.venv\Lib\site-packages\streamlit\watcher\local_sources_watcher.py", line 327, in <lambda>
    if hasattr(m, "__path__")
       ~~~~~~~^^^^^^^^^^^^^^^
  File "C:\Projects\customer-support-rag\.venv\Lib\site-packages\transformers\__init__.py", line 865, in _getattr
    return getattr(importlib.import_module(target, __name__), name)
                   ~~~~~~~~~~~~~~~~~~~~~~~^^^^^^^^^^^^^^^^^^
  File "C:\Users\suryanarayanan\AppData\Local\Programs\Python\Python313\Lib\importlib\__init__.py", line 88, in import_module
    return _bootstrap._gcd_import(name[level:], package, level)
           ~~~~~~~~~~~~~~~~~~~~~~^^^^^^^^^^^^^^^^^^^^^^^^^^^^^^
  File "<frozen importlib._bootstrap>", line 1395, in _gcd_import
  File "<frozen importlib._bootstrap>", line 1360, in _find_and_load
  File "<frozen importlib._bootstrap>", line 1331, in _find_and_load_unlocked
  File "<frozen importlib._bootstrap>", line 935, in _load_unlocked
  File "<frozen importlib._bootstrap_external>", line 1023, in exec_module
  File "<frozen importlib._bootstrap>", line 488, in _call_with_frames_removed
  File "C:\Projects\customer-support-rag\.venv\Lib\site-packages\transformers\models\mask2former\image_processing_mask2former.py", line 27, in <module>
    from torchvision.transforms.v2 import functional as tvF
ModuleNotFoundError: No module named 'torchvision'
2026-08-26 22:39:04.294 Examining the path of transformers.models.maskformer.image_processing_maskformer_fast raised:
Traceback (most recent call last):
  File "C:\Projects\customer-support-rag\.venv\Lib\site-packages\streamlit\watcher\local_sources_watcher.py", line 340, in get_module_paths
    potential_paths = extract_paths(module)
  File "C:\Projects\customer-support-rag\.venv\Lib\site-packages\streamlit\watcher\local_sources_watcher.py", line 327, in <lambda>
    if hasattr(m, "__path__")
       ~~~~~~~^^^^^^^^^^^^^^^
  File "C:\Projects\customer-support-rag\.venv\Lib\site-packages\transformers\__init__.py", line 865, in _getattr
    return getattr(importlib.import_module(target, __name__), name)
                   ~~~~~~~~~~~~~~~~~~~~~~~^^^^^^^^^^^^^^^^^^
  File "C:\Users\suryanarayanan\AppData\Local\Programs\Python\Python313\Lib\importlib\__init__.py", line 88, in import_module
    return _bootstrap._gcd_import(name[level:], package, level)
           ~~~~~~~~~~~~~~~~~~~~~~^^^^^^^^^^^^^^^^^^^^^^^^^^^^^^
  File "<frozen importlib._bootstrap>", line 1395, in _gcd_import
  File "<frozen importlib._bootstrap>", line 1360, in _find_and_load
  File "<frozen importlib._bootstrap>", line 1331, in _find_and_load_unlocked
  File "<frozen importlib._bootstrap>", line 935, in _load_unlocked
  File "<frozen importlib._bootstrap_external>", line 1023, in exec_module
  File "<frozen importlib._bootstrap>", line 488, in _call_with_frames_removed
  File "C:\Projects\customer-support-rag\.venv\Lib\site-packages\transformers\models\maskformer\image_processing_maskformer.py", line 22, in <module>
    from torchvision.transforms.v2 import functional as tvF
ModuleNotFoundError: No module named 'torchvision'
2026-08-26 22:39:04.328 Examining the path of transformers.models.minimax_m3_vl.image_processing_minimax_m3_vl_fast raised:
Traceback (most recent call last):
  File "C:\Projects\customer-support-rag\.venv\Lib\site-packages\streamlit\watcher\local_sources_watcher.py", line 340, in get_module_paths
    potential_paths = extract_paths(module)
  File "C:\Projects\customer-support-rag\.venv\Lib\site-packages\streamlit\watcher\local_sources_watcher.py", line 327, in <lambda>
    if hasattr(m, "__path__")
       ~~~~~~~^^^^^^^^^^^^^^^
  File "C:\Projects\customer-support-rag\.venv\Lib\site-packages\transformers\__init__.py", line 865, in _getattr
    return getattr(importlib.import_module(target, __name__), name)
                   ~~~~~~~~~~~~~~~~~~~~~~~^^^^^^^^^^^^^^^^^^
  File "C:\Users\suryanarayanan\AppData\Local\Programs\Python\Python313\Lib\importlib\__init__.py", line 88, in import_module
    return _bootstrap._gcd_import(name[level:], package, level)
           ~~~~~~~~~~~~~~~~~~~~~~^^^^^^^^^^^^^^^^^^^^^^^^^^^^^^
  File "<frozen importlib._bootstrap>", line 1395, in _gcd_import
  File "<frozen importlib._bootstrap>", line 1360, in _find_and_load
  File "<frozen importlib._bootstrap>", line 1331, in _find_and_load_unlocked
  File "<frozen importlib._bootstrap>", line 935, in _load_unlocked
  File "<frozen importlib._bootstrap_external>", line 1023, in exec_module
  File "<frozen importlib._bootstrap>", line 488, in _call_with_frames_removed
  File "C:\Projects\customer-support-rag\.venv\Lib\site-packages\transformers\models\minimax_m3_vl\image_processing_minimax_m3_vl.py", line 25, in <module>
    from torchvision.transforms.v2 import functional as tvF
ModuleNotFoundError: No module named 'torchvision'
2026-08-26 22:39:04.336 Examining the path of transformers.models.mllama.image_processing_mllama_fast raised:
Traceback (most recent call last):
  File "C:\Projects\customer-support-rag\.venv\Lib\site-packages\streamlit\watcher\local_sources_watcher.py", line 340, in get_module_paths
    potential_paths = extract_paths(module)
  File "C:\Projects\customer-support-rag\.venv\Lib\site-packages\streamlit\watcher\local_sources_watcher.py", line 327, in <lambda>
    if hasattr(m, "__path__")
       ~~~~~~~^^^^^^^^^^^^^^^
  File "C:\Projects\customer-support-rag\.venv\Lib\site-packages\transformers\__init__.py", line 865, in _getattr
    return getattr(importlib.import_module(target, __name__), name)
                   ~~~~~~~~~~~~~~~~~~~~~~~^^^^^^^^^^^^^^^^^^
  File "C:\Users\suryanarayanan\AppData\Local\Programs\Python\Python313\Lib\importlib\__init__.py", line 88, in import_module
    return _bootstrap._gcd_import(name[level:], package, level)
           ~~~~~~~~~~~~~~~~~~~~~~^^^^^^^^^^^^^^^^^^^^^^^^^^^^^^
  File "<frozen importlib._bootstrap>", line 1395, in _gcd_import
  File "<frozen importlib._bootstrap>", line 1360, in _find_and_load
  File "<frozen importlib._bootstrap>", line 1331, in _find_and_load_unlocked
  File "<frozen importlib._bootstrap>", line 935, in _load_unlocked
  File "<frozen importlib._bootstrap_external>", line 1023, in exec_module
  File "<frozen importlib._bootstrap>", line 488, in _call_with_frames_removed
  File "C:\Projects\customer-support-rag\.venv\Lib\site-packages\transformers\models\mllama\image_processing_mllama.py", line 40, in <module>
    from torchvision.transforms.v2 import functional as tvF
ModuleNotFoundError: No module named 'torchvision'
2026-08-26 22:39:04.362 Examining the path of transformers.models.mobilenet_v2.image_processing_mobilenet_v2_fast raised:
Traceback (most recent call last):
  File "C:\Projects\customer-support-rag\.venv\Lib\site-packages\streamlit\watcher\local_sources_watcher.py", line 340, in get_module_paths
    potential_paths = extract_paths(module)
  File "C:\Projects\customer-support-rag\.venv\Lib\site-packages\streamlit\watcher\local_sources_watcher.py", line 327, in <lambda>
    if hasattr(m, "__path__")
       ~~~~~~~^^^^^^^^^^^^^^^
  File "C:\Projects\customer-support-rag\.venv\Lib\site-packages\transformers\__init__.py", line 865, in _getattr
    return getattr(importlib.import_module(target, __name__), name)
                   ~~~~~~~~~~~~~~~~~~~~~~~^^^^^^^^^^^^^^^^^^
  File "C:\Users\suryanarayanan\AppData\Local\Programs\Python\Python313\Lib\importlib\__init__.py", line 88, in import_module
    return _bootstrap._gcd_import(name[level:], package, level)
           ~~~~~~~~~~~~~~~~~~~~~~^^^^^^^^^^^^^^^^^^^^^^^^^^^^^^
  File "<frozen importlib._bootstrap>", line 1395, in _gcd_import
  File "<frozen importlib._bootstrap>", line 1360, in _find_and_load
  File "<frozen importlib._bootstrap>", line 1331, in _find_and_load_unlocked
  File "<frozen importlib._bootstrap>", line 935, in _load_unlocked
  File "<frozen importlib._bootstrap_external>", line 1023, in exec_module
  File "<frozen importlib._bootstrap>", line 488, in _call_with_frames_removed
  File "C:\Projects\customer-support-rag\.venv\Lib\site-packages\transformers\models\mobilenet_v2\image_processing_mobilenet_v2.py", line 19, in <module>
    from torchvision.transforms.v2 import functional as tvF
ModuleNotFoundError: No module named 'torchvision'
2026-08-26 22:39:04.374 Examining the path of transformers.models.mobilevit.image_processing_mobilevit_fast raised:
Traceback (most recent call last):
  File "C:\Projects\customer-support-rag\.venv\Lib\site-packages\streamlit\watcher\local_sources_watcher.py", line 340, in get_module_paths
    potential_paths = extract_paths(module)
  File "C:\Projects\customer-support-rag\.venv\Lib\site-packages\streamlit\watcher\local_sources_watcher.py", line 327, in <lambda>
    if hasattr(m, "__path__")
       ~~~~~~~^^^^^^^^^^^^^^^
  File "C:\Projects\customer-support-rag\.venv\Lib\site-packages\transformers\__init__.py", line 865, in _getattr
    return getattr(importlib.import_module(target, __name__), name)
                   ~~~~~~~~~~~~~~~~~~~~~~~^^^^^^^^^^^^^^^^^^
  File "C:\Users\suryanarayanan\AppData\Local\Programs\Python\Python313\Lib\importlib\__init__.py", line 88, in import_module
    return _bootstrap._gcd_import(name[level:], package, level)
           ~~~~~~~~~~~~~~~~~~~~~~^^^^^^^^^^^^^^^^^^^^^^^^^^^^^^
  File "<frozen importlib._bootstrap>", line 1395, in _gcd_import
  File "<frozen importlib._bootstrap>", line 1360, in _find_and_load
  File "<frozen importlib._bootstrap>", line 1331, in _find_and_load_unlocked
  File "<frozen importlib._bootstrap>", line 935, in _load_unlocked
  File "<frozen importlib._bootstrap_external>", line 1023, in exec_module
  File "<frozen importlib._bootstrap>", line 488, in _call_with_frames_removed
  File "C:\Projects\customer-support-rag\.venv\Lib\site-packages\transformers\models\mobilevit\image_processing_mobilevit.py", line 19, in <module>
    from torchvision.transforms.v2 import functional as tvF
ModuleNotFoundError: No module named 'torchvision'
2026-08-26 22:39:04.387 Examining the path of transformers.models.muse_glimmer.image_processing_muse_glimmer_fast raised:
Traceback (most recent call last):
  File "C:\Projects\customer-support-rag\.venv\Lib\site-packages\streamlit\watcher\local_sources_watcher.py", line 340, in get_module_paths
    potential_paths = extract_paths(module)
  File "C:\Projects\customer-support-rag\.venv\Lib\site-packages\streamlit\watcher\local_sources_watcher.py", line 327, in <lambda>
    if hasattr(m, "__path__")
       ~~~~~~~^^^^^^^^^^^^^^^
  File "C:\Projects\customer-support-rag\.venv\Lib\site-packages\transformers\__init__.py", line 865, in _getattr
    return getattr(importlib.import_module(target, __name__), name)
                   ~~~~~~~~~~~~~~~~~~~~~~~^^^^^^^^^^^^^^^^^^
  File "C:\Users\suryanarayanan\AppData\Local\Programs\Python\Python313\Lib\importlib\__init__.py", line 88, in import_module
    return _bootstrap._gcd_import(name[level:], package, level)
           ~~~~~~~~~~~~~~~~~~~~~~^^^^^^^^^^^^^^^^^^^^^^^^^^^^^^
  File "<frozen importlib._bootstrap>", line 1395, in _gcd_import
  File "<frozen importlib._bootstrap>", line 1360, in _find_and_load
  File "<frozen importlib._bootstrap>", line 1331, in _find_and_load_unlocked
  File "<frozen importlib._bootstrap>", line 935, in _load_unlocked
  File "<frozen importlib._bootstrap_external>", line 1023, in exec_module
  File "<frozen importlib._bootstrap>", line 488, in _call_with_frames_removed
  File "C:\Projects\customer-support-rag\.venv\Lib\site-packages\transformers\models\muse_glimmer\image_processing_muse_glimmer.py", line 25, in <module>
    from torchvision.transforms.v2 import functional as tvF
ModuleNotFoundError: No module named 'torchvision'
2026-08-26 22:39:04.392 Examining the path of transformers.models.nougat.image_processing_nougat_fast raised:
Traceback (most recent call last):
  File "C:\Projects\customer-support-rag\.venv\Lib\site-packages\streamlit\watcher\local_sources_watcher.py", line 340, in get_module_paths
    potential_paths = extract_paths(module)
  File "C:\Projects\customer-support-rag\.venv\Lib\site-packages\streamlit\watcher\local_sources_watcher.py", line 327, in <lambda>
    if hasattr(m, "__path__")
       ~~~~~~~^^^^^^^^^^^^^^^
  File "C:\Projects\customer-support-rag\.venv\Lib\site-packages\transformers\__init__.py", line 865, in _getattr
    return getattr(importlib.import_module(target, __name__), name)
                   ~~~~~~~~~~~~~~~~~~~~~~~^^^^^^^^^^^^^^^^^^
  File "C:\Users\suryanarayanan\AppData\Local\Programs\Python\Python313\Lib\importlib\__init__.py", line 88, in import_module
    return _bootstrap._gcd_import(name[level:], package, level)
           ~~~~~~~~~~~~~~~~~~~~~~^^^^^^^^^^^^^^^^^^^^^^^^^^^^^^
  File "<frozen importlib._bootstrap>", line 1395, in _gcd_import
  File "<frozen importlib._bootstrap>", line 1360, in _find_and_load
  File "<frozen importlib._bootstrap>", line 1331, in _find_and_load_unlocked
  File "<frozen importlib._bootstrap>", line 935, in _load_unlocked
  File "<frozen importlib._bootstrap_external>", line 1023, in exec_module
  File "<frozen importlib._bootstrap>", line 488, in _call_with_frames_removed
  File "C:\Projects\customer-support-rag\.venv\Lib\site-packages\transformers\models\nougat\image_processing_nougat.py", line 17, in <module>
    from torchvision.transforms.v2 import functional as tvF
ModuleNotFoundError: No module named 'torchvision'
2026-08-26 22:39:04.402 Examining the path of transformers.models.oneformer.image_processing_oneformer_fast raised:
Traceback (most recent call last):
  File "C:\Projects\customer-support-rag\.venv\Lib\site-packages\streamlit\watcher\local_sources_watcher.py", line 340, in get_module_paths
    potential_paths = extract_paths(module)
  File "C:\Projects\customer-support-rag\.venv\Lib\site-packages\streamlit\watcher\local_sources_watcher.py", line 327, in <lambda>
    if hasattr(m, "__path__")
       ~~~~~~~^^^^^^^^^^^^^^^
  File "C:\Projects\customer-support-rag\.venv\Lib\site-packages\transformers\__init__.py", line 865, in _getattr
    return getattr(importlib.import_module(target, __name__), name)
                   ~~~~~~~~~~~~~~~~~~~~~~~^^^^^^^^^^^^^^^^^^
  File "C:\Users\suryanarayanan\AppData\Local\Programs\Python\Python313\Lib\importlib\__init__.py", line 88, in import_module
    return _bootstrap._gcd_import(name[level:], package, level)
           ~~~~~~~~~~~~~~~~~~~~~~^^^^^^^^^^^^^^^^^^^^^^^^^^^^^^
  File "<frozen importlib._bootstrap>", line 1395, in _gcd_import
  File "<frozen importlib._bootstrap>", line 1360, in _find_and_load
  File "<frozen importlib._bootstrap>", line 1331, in _find_and_load_unlocked
  File "<frozen importlib._bootstrap>", line 935, in _load_unlocked
  File "<frozen importlib._bootstrap_external>", line 1023, in exec_module
  File "<frozen importlib._bootstrap>", line 488, in _call_with_frames_removed
  File "C:\Projects\customer-support-rag\.venv\Lib\site-packages\transformers\models\oneformer\image_processing_oneformer.py", line 23, in <module>
    from torchvision.transforms.v2 import functional as tvF
ModuleNotFoundError: No module named 'torchvision'
2026-08-26 22:39:04.414 Examining the path of transformers.models.ovis2.image_processing_ovis2_fast raised:
Traceback (most recent call last):
  File "C:\Projects\customer-support-rag\.venv\Lib\site-packages\streamlit\watcher\local_sources_watcher.py", line 340, in get_module_paths
    potential_paths = extract_paths(module)
  File "C:\Projects\customer-support-rag\.venv\Lib\site-packages\streamlit\watcher\local_sources_watcher.py", line 327, in <lambda>
    if hasattr(m, "__path__")
       ~~~~~~~^^^^^^^^^^^^^^^
  File "C:\Projects\customer-support-rag\.venv\Lib\site-packages\transformers\__init__.py", line 865, in _getattr
    return getattr(importlib.import_module(target, __name__), name)
                   ~~~~~~~~~~~~~~~~~~~~~~~^^^^^^^^^^^^^^^^^^
  File "C:\Users\suryanarayanan\AppData\Local\Programs\Python\Python313\Lib\importlib\__init__.py", line 88, in import_module
    return _bootstrap._gcd_import(name[level:], package, level)
           ~~~~~~~~~~~~~~~~~~~~~~^^^^^^^^^^^^^^^^^^^^^^^^^^^^^^
  File "<frozen importlib._bootstrap>", line 1395, in _gcd_import
  File "<frozen importlib._bootstrap>", line 1360, in _find_and_load
  File "<frozen importlib._bootstrap>", line 1331, in _find_and_load_unlocked
  File "<frozen importlib._bootstrap>", line 935, in _load_unlocked
  File "<frozen importlib._bootstrap_external>", line 1023, in exec_module
  File "<frozen importlib._bootstrap>", line 488, in _call_with_frames_removed
  File "C:\Projects\customer-support-rag\.venv\Lib\site-packages\transformers\models\ovis2\image_processing_ovis2.py", line 19, in <module>
    from torchvision.transforms.v2 import functional as tvF
ModuleNotFoundError: No module named 'torchvision'
2026-08-26 22:39:04.432 Examining the path of transformers.models.owlv2.image_processing_owlv2_fast raised:
Traceback (most recent call last):
  File "C:\Projects\customer-support-rag\.venv\Lib\site-packages\streamlit\watcher\local_sources_watcher.py", line 340, in get_module_paths
    potential_paths = extract_paths(module)
  File "C:\Projects\customer-support-rag\.venv\Lib\site-packages\streamlit\watcher\local_sources_watcher.py", line 327, in <lambda>
    if hasattr(m, "__path__")
       ~~~~~~~^^^^^^^^^^^^^^^
  File "C:\Projects\customer-support-rag\.venv\Lib\site-packages\transformers\__init__.py", line 865, in _getattr
    return getattr(importlib.import_module(target, __name__), name)
                   ~~~~~~~~~~~~~~~~~~~~~~~^^^^^^^^^^^^^^^^^^
  File "C:\Users\suryanarayanan\AppData\Local\Programs\Python\Python313\Lib\importlib\__init__.py", line 88, in import_module
    return _bootstrap._gcd_import(name[level:], package, level)
           ~~~~~~~~~~~~~~~~~~~~~~^^^^^^^^^^^^^^^^^^^^^^^^^^^^^^
  File "<frozen importlib._bootstrap>", line 1395, in _gcd_import
  File "<frozen importlib._bootstrap>", line 1360, in _find_and_load
  File "<frozen importlib._bootstrap>", line 1331, in _find_and_load_unlocked
  File "<frozen importlib._bootstrap>", line 935, in _load_unlocked
  File "<frozen importlib._bootstrap_external>", line 1023, in exec_module
  File "<frozen importlib._bootstrap>", line 488, in _call_with_frames_removed
  File "C:\Projects\customer-support-rag\.venv\Lib\site-packages\transformers\models\owlv2\image_processing_owlv2.py", line 25, in <module>
    import torchvision.transforms.v2.functional as tvF
ModuleNotFoundError: No module named 'torchvision'
2026-08-26 22:39:04.447 Examining the path of transformers.models.paddleocr_vl.image_processing_paddleocr_vl_fast raised:
Traceback (most recent call last):
  File "C:\Projects\customer-support-rag\.venv\Lib\site-packages\streamlit\watcher\local_sources_watcher.py", line 340, in get_module_paths
    potential_paths = extract_paths(module)
  File "C:\Projects\customer-support-rag\.venv\Lib\site-packages\streamlit\watcher\local_sources_watcher.py", line 327, in <lambda>
    if hasattr(m, "__path__")
       ~~~~~~~^^^^^^^^^^^^^^^
  File "C:\Projects\customer-support-rag\.venv\Lib\site-packages\transformers\__init__.py", line 865, in _getattr
    return getattr(importlib.import_module(target, __name__), name)
                   ~~~~~~~~~~~~~~~~~~~~~~~^^^^^^^^^^^^^^^^^^
  File "C:\Users\suryanarayanan\AppData\Local\Programs\Python\Python313\Lib\importlib\__init__.py", line 88, in import_module
    return _bootstrap._gcd_import(name[level:], package, level)
           ~~~~~~~~~~~~~~~~~~~~~~^^^^^^^^^^^^^^^^^^^^^^^^^^^^^^
  File "<frozen importlib._bootstrap>", line 1395, in _gcd_import
  File "<frozen importlib._bootstrap>", line 1360, in _find_and_load
  File "<frozen importlib._bootstrap>", line 1331, in _find_and_load_unlocked
  File "<frozen importlib._bootstrap>", line 935, in _load_unlocked
  File "<frozen importlib._bootstrap_external>", line 1023, in exec_module
  File "<frozen importlib._bootstrap>", line 488, in _call_with_frames_removed
  File "C:\Projects\customer-support-rag\.venv\Lib\site-packages\transformers\models\paddleocr_vl\image_processing_paddleocr_vl.py", line 30, in <module>
    from torchvision.transforms.v2 import functional as tvF
ModuleNotFoundError: No module named 'torchvision'
2026-08-26 22:39:04.488 Examining the path of transformers.models.perceiver.image_processing_perceiver_fast raised:
Traceback (most recent call last):
  File "C:\Projects\customer-support-rag\.venv\Lib\site-packages\streamlit\watcher\local_sources_watcher.py", line 340, in get_module_paths
    potential_paths = extract_paths(module)
  File "C:\Projects\customer-support-rag\.venv\Lib\site-packages\streamlit\watcher\local_sources_watcher.py", line 327, in <lambda>
    if hasattr(m, "__path__")
       ~~~~~~~^^^^^^^^^^^^^^^
  File "C:\Projects\customer-support-rag\.venv\Lib\site-packages\transformers\__init__.py", line 865, in _getattr
    return getattr(importlib.import_module(target, __name__), name)
                   ~~~~~~~~~~~~~~~~~~~~~~~^^^^^^^^^^^^^^^^^^
  File "C:\Users\suryanarayanan\AppData\Local\Programs\Python\Python313\Lib\importlib\__init__.py", line 88, in import_module
    return _bootstrap._gcd_import(name[level:], package, level)
           ~~~~~~~~~~~~~~~~~~~~~~^^^^^^^^^^^^^^^^^^^^^^^^^^^^^^
  File "<frozen importlib._bootstrap>", line 1395, in _gcd_import
  File "<frozen importlib._bootstrap>", line 1360, in _find_and_load
  File "<frozen importlib._bootstrap>", line 1331, in _find_and_load_unlocked
  File "<frozen importlib._bootstrap>", line 935, in _load_unlocked
  File "<frozen importlib._bootstrap_external>", line 1023, in exec_module
  File "<frozen importlib._bootstrap>", line 488, in _call_with_frames_removed
  File "C:\Projects\customer-support-rag\.venv\Lib\site-packages\transformers\models\perceiver\image_processing_perceiver.py", line 17, in <module>
    from torchvision.transforms.v2 import functional as tvF
ModuleNotFoundError: No module named 'torchvision'
2026-08-26 22:39:04.497 Examining the path of transformers.models.perception_lm.image_processing_perception_lm_fast raised:
Traceback (most recent call last):
  File "C:\Projects\customer-support-rag\.venv\Lib\site-packages\streamlit\watcher\local_sources_watcher.py", line 340, in get_module_paths
    potential_paths = extract_paths(module)
  File "C:\Projects\customer-support-rag\.venv\Lib\site-packages\streamlit\watcher\local_sources_watcher.py", line 327, in <lambda>
    if hasattr(m, "__path__")
       ~~~~~~~^^^^^^^^^^^^^^^
  File "C:\Projects\customer-support-rag\.venv\Lib\site-packages\transformers\__init__.py", line 865, in _getattr
    return getattr(importlib.import_module(target, __name__), name)
                   ~~~~~~~~~~~~~~~~~~~~~~~^^^^^^^^^^^^^^^^^^
  File "C:\Users\suryanarayanan\AppData\Local\Programs\Python\Python313\Lib\importlib\__init__.py", line 88, in import_module
    return _bootstrap._gcd_import(name[level:], package, level)
           ~~~~~~~~~~~~~~~~~~~~~~^^^^^^^^^^^^^^^^^^^^^^^^^^^^^^
  File "<frozen importlib._bootstrap>", line 1395, in _gcd_import
  File "<frozen importlib._bootstrap>", line 1360, in _find_and_load
  File "<frozen importlib._bootstrap>", line 1331, in _find_and_load_unlocked
  File "<frozen importlib._bootstrap>", line 935, in _load_unlocked
  File "<frozen importlib._bootstrap_external>", line 1023, in exec_module
  File "<frozen importlib._bootstrap>", line 488, in _call_with_frames_removed
  File "C:\Projects\customer-support-rag\.venv\Lib\site-packages\transformers\models\perception_lm\image_processing_perception_lm.py", line 19, in <module>
    from torchvision.transforms.v2 import functional as tvF
ModuleNotFoundError: No module named 'torchvision'
2026-08-26 22:39:04.500 Examining the path of transformers.models.phi4_multimodal.image_processing_phi4_multimodal_fast raised:
Traceback (most recent call last):
  File "C:\Projects\customer-support-rag\.venv\Lib\site-packages\streamlit\watcher\local_sources_watcher.py", line 340, in get_module_paths
    potential_paths = extract_paths(module)
  File "C:\Projects\customer-support-rag\.venv\Lib\site-packages\streamlit\watcher\local_sources_watcher.py", line 327, in <lambda>
    if hasattr(m, "__path__")
       ~~~~~~~^^^^^^^^^^^^^^^
  File "C:\Projects\customer-support-rag\.venv\Lib\site-packages\transformers\__init__.py", line 865, in _getattr
    return getattr(importlib.import_module(target, __name__), name)
                   ~~~~~~~~~~~~~~~~~~~~~~~^^^^^^^^^^^^^^^^^^
  File "C:\Users\suryanarayanan\AppData\Local\Programs\Python\Python313\Lib\importlib\__init__.py", line 88, in import_module
    return _bootstrap._gcd_import(name[level:], package, level)
           ~~~~~~~~~~~~~~~~~~~~~~^^^^^^^^^^^^^^^^^^^^^^^^^^^^^^
  File "<frozen importlib._bootstrap>", line 1395, in _gcd_import
  File "<frozen importlib._bootstrap>", line 1360, in _find_and_load
  File "<frozen importlib._bootstrap>", line 1331, in _find_and_load_unlocked
  File "<frozen importlib._bootstrap>", line 935, in _load_unlocked
  File "<frozen importlib._bootstrap_external>", line 1023, in exec_module
  File "<frozen importlib._bootstrap>", line 488, in _call_with_frames_removed
  File "C:\Projects\customer-support-rag\.venv\Lib\site-packages\transformers\models\phi4_multimodal\image_processing_phi4_multimodal.py", line 19, in <module>
    from torchvision.transforms.v2 import functional as tvF
ModuleNotFoundError: No module named 'torchvision'
2026-08-26 22:39:04.532 Examining the path of transformers.models.pix2struct.image_processing_pix2struct_fast raised:
Traceback (most recent call last):
  File "C:\Projects\customer-support-rag\.venv\Lib\site-packages\streamlit\watcher\local_sources_watcher.py", line 340, in get_module_paths
    potential_paths = extract_paths(module)
  File "C:\Projects\customer-support-rag\.venv\Lib\site-packages\streamlit\watcher\local_sources_watcher.py", line 327, in <lambda>
    if hasattr(m, "__path__")
       ~~~~~~~^^^^^^^^^^^^^^^
  File "C:\Projects\customer-support-rag\.venv\Lib\site-packages\transformers\__init__.py", line 865, in _getattr
    return getattr(importlib.import_module(target, __name__), name)
                   ~~~~~~~~~~~~~~~~~~~~~~~^^^^^^^^^^^^^^^^^^
  File "C:\Users\suryanarayanan\AppData\Local\Programs\Python\Python313\Lib\importlib\__init__.py", line 88, in import_module
    return _bootstrap._gcd_import(name[level:], package, level)
           ~~~~~~~~~~~~~~~~~~~~~~^^^^^^^^^^^^^^^^^^^^^^^^^^^^^^
  File "<frozen importlib._bootstrap>", line 1395, in _gcd_import
  File "<frozen importlib._bootstrap>", line 1360, in _find_and_load
  File "<frozen importlib._bootstrap>", line 1331, in _find_and_load_unlocked
  File "<frozen importlib._bootstrap>", line 935, in _load_unlocked
  File "<frozen importlib._bootstrap_external>", line 1023, in exec_module
  File "<frozen importlib._bootstrap>", line 488, in _call_with_frames_removed
  File "C:\Projects\customer-support-rag\.venv\Lib\site-packages\transformers\models\pix2struct\image_processing_pix2struct.py", line 21, in <module>
    import torchvision.transforms.v2.functional as tvF
ModuleNotFoundError: No module named 'torchvision'
2026-08-26 22:39:04.546 Examining the path of transformers.models.pixtral.image_processing_pixtral_fast raised:
Traceback (most recent call last):
  File "C:\Projects\customer-support-rag\.venv\Lib\site-packages\streamlit\watcher\local_sources_watcher.py", line 340, in get_module_paths
    potential_paths = extract_paths(module)
  File "C:\Projects\customer-support-rag\.venv\Lib\site-packages\streamlit\watcher\local_sources_watcher.py", line 327, in <lambda>
    if hasattr(m, "__path__")
       ~~~~~~~^^^^^^^^^^^^^^^
  File "C:\Projects\customer-support-rag\.venv\Lib\site-packages\transformers\__init__.py", line 865, in _getattr
    return getattr(importlib.import_module(target, __name__), name)
                   ~~~~~~~~~~~~~~~~~~~~~~~^^^^^^^^^^^^^^^^^^
  File "C:\Users\suryanarayanan\AppData\Local\Programs\Python\Python313\Lib\importlib\__init__.py", line 88, in import_module
    return _bootstrap._gcd_import(name[level:], package, level)
           ~~~~~~~~~~~~~~~~~~~~~~^^^^^^^^^^^^^^^^^^^^^^^^^^^^^^
  File "<frozen importlib._bootstrap>", line 1395, in _gcd_import
  File "<frozen importlib._bootstrap>", line 1360, in _find_and_load
  File "<frozen importlib._bootstrap>", line 1331, in _find_and_load_unlocked
  File "<frozen importlib._bootstrap>", line 935, in _load_unlocked
  File "<frozen importlib._bootstrap_external>", line 1023, in exec_module
  File "<frozen importlib._bootstrap>", line 488, in _call_with_frames_removed
  File "C:\Projects\customer-support-rag\.venv\Lib\site-packages\transformers\models\pixtral\image_processing_pixtral.py", line 19, in <module>
    from torchvision.transforms.v2 import functional as tvF
ModuleNotFoundError: No module named 'torchvision'
2026-08-26 22:39:04.554 Examining the path of transformers.models.poolformer.image_processing_poolformer_fast raised:
Traceback (most recent call last):
  File "C:\Projects\customer-support-rag\.venv\Lib\site-packages\streamlit\watcher\local_sources_watcher.py", line 340, in get_module_paths
    potential_paths = extract_paths(module)
  File "C:\Projects\customer-support-rag\.venv\Lib\site-packages\streamlit\watcher\local_sources_watcher.py", line 327, in <lambda>
    if hasattr(m, "__path__")
       ~~~~~~~^^^^^^^^^^^^^^^
  File "C:\Projects\customer-support-rag\.venv\Lib\site-packages\transformers\__init__.py", line 865, in _getattr
    return getattr(importlib.import_module(target, __name__), name)
                   ~~~~~~~~~~~~~~~~~~~~~~~^^^^^^^^^^^^^^^^^^
  File "C:\Users\suryanarayanan\AppData\Local\Programs\Python\Python313\Lib\importlib\__init__.py", line 88, in import_module
    return _bootstrap._gcd_import(name[level:], package, level)
           ~~~~~~~~~~~~~~~~~~~~~~^^^^^^^^^^^^^^^^^^^^^^^^^^^^^^
  File "<frozen importlib._bootstrap>", line 1395, in _gcd_import
  File "<frozen importlib._bootstrap>", line 1360, in _find_and_load
  File "<frozen importlib._bootstrap>", line 1331, in _find_and_load_unlocked
  File "<frozen importlib._bootstrap>", line 935, in _load_unlocked
  File "<frozen importlib._bootstrap_external>", line 1023, in exec_module
  File "<frozen importlib._bootstrap>", line 488, in _call_with_frames_removed
  File "C:\Projects\customer-support-rag\.venv\Lib\site-packages\transformers\models\poolformer\image_processing_poolformer.py", line 17, in <module>
    from torchvision.transforms.v2 import functional as tvF
ModuleNotFoundError: No module named 'torchvision'
2026-08-26 22:39:04.571 Examining the path of transformers.models.pp_doclayout_v2.image_processing_pp_doclayout_v2_fast raised:
Traceback (most recent call last):
  File "C:\Projects\customer-support-rag\.venv\Lib\site-packages\streamlit\watcher\local_sources_watcher.py", line 340, in get_module_paths
    potential_paths = extract_paths(module)
  File "C:\Projects\customer-support-rag\.venv\Lib\site-packages\streamlit\watcher\local_sources_watcher.py", line 327, in <lambda>
    if hasattr(m, "__path__")
       ~~~~~~~^^^^^^^^^^^^^^^
  File "C:\Projects\customer-support-rag\.venv\Lib\site-packages\transformers\__init__.py", line 865, in _getattr
    return getattr(importlib.import_module(target, __name__), name)
                   ~~~~~~~~~~~~~~~~~~~~~~~^^^^^^^^^^^^^^^^^^
  File "C:\Users\suryanarayanan\AppData\Local\Programs\Python\Python313\Lib\importlib\__init__.py", line 88, in import_module
    return _bootstrap._gcd_import(name[level:], package, level)
           ~~~~~~~~~~~~~~~~~~~~~~^^^^^^^^^^^^^^^^^^^^^^^^^^^^^^
  File "<frozen importlib._bootstrap>", line 1395, in _gcd_import
  File "<frozen importlib._bootstrap>", line 1360, in _find_and_load
  File "<frozen importlib._bootstrap>", line 1331, in _find_and_load_unlocked
  File "<frozen importlib._bootstrap>", line 935, in _load_unlocked
  File "<frozen importlib._bootstrap_external>", line 1023, in exec_module
  File "<frozen importlib._bootstrap>", line 488, in _call_with_frames_removed
  File "C:\Projects\customer-support-rag\.venv\Lib\site-packages\transformers\models\pp_doclayout_v2\image_processing_pp_doclayout_v2.py", line 23, in <module>
    from torchvision.transforms.v2 import functional as tvF
ModuleNotFoundError: No module named 'torchvision'
2026-08-26 22:39:04.577 Examining the path of transformers.models.pp_doclayout_v3.image_processing_pp_doclayout_v3_fast raised:
Traceback (most recent call last):
  File "C:\Projects\customer-support-rag\.venv\Lib\site-packages\streamlit\watcher\local_sources_watcher.py", line 340, in get_module_paths
    potential_paths = extract_paths(module)
  File "C:\Projects\customer-support-rag\.venv\Lib\site-packages\streamlit\watcher\local_sources_watcher.py", line 327, in <lambda>
    if hasattr(m, "__path__")
       ~~~~~~~^^^^^^^^^^^^^^^
  File "C:\Projects\customer-support-rag\.venv\Lib\site-packages\transformers\__init__.py", line 865, in _getattr
    return getattr(importlib.import_module(target, __name__), name)
                   ~~~~~~~~~~~~~~~~~~~~~~~^^^^^^^^^^^^^^^^^^
  File "C:\Users\suryanarayanan\AppData\Local\Programs\Python\Python313\Lib\importlib\__init__.py", line 88, in import_module
    return _bootstrap._gcd_import(name[level:], package, level)
           ~~~~~~~~~~~~~~~~~~~~~~^^^^^^^^^^^^^^^^^^^^^^^^^^^^^^
  File "<frozen importlib._bootstrap>", line 1395, in _gcd_import
  File "<frozen importlib._bootstrap>", line 1360, in _find_and_load
  File "<frozen importlib._bootstrap>", line 1331, in _find_and_load_unlocked
  File "<frozen importlib._bootstrap>", line 935, in _load_unlocked
  File "<frozen importlib._bootstrap_external>", line 1023, in exec_module
  File "<frozen importlib._bootstrap>", line 488, in _call_with_frames_removed
  File "C:\Projects\customer-support-rag\.venv\Lib\site-packages\transformers\models\pp_doclayout_v3\image_processing_pp_doclayout_v3.py", line 24, in <module>
    from torchvision.transforms.v2 import functional as tvF
ModuleNotFoundError: No module named 'torchvision'
2026-08-26 22:39:04.583 Examining the path of transformers.models.pp_formulanet.image_processing_pp_formulanet_fast raised:
Traceback (most recent call last):
  File "C:\Projects\customer-support-rag\.venv\Lib\site-packages\streamlit\watcher\local_sources_watcher.py", line 340, in get_module_paths
    potential_paths = extract_paths(module)
  File "C:\Projects\customer-support-rag\.venv\Lib\site-packages\streamlit\watcher\local_sources_watcher.py", line 327, in <lambda>
    if hasattr(m, "__path__")
       ~~~~~~~^^^^^^^^^^^^^^^
  File "C:\Projects\customer-support-rag\.venv\Lib\site-packages\transformers\__init__.py", line 865, in _getattr
    return getattr(importlib.import_module(target, __name__), name)
                   ~~~~~~~~~~~~~~~~~~~~~~~^^^^^^^^^^^^^^^^^^
  File "C:\Users\suryanarayanan\AppData\Local\Programs\Python\Python313\Lib\importlib\__init__.py", line 88, in import_module
    return _bootstrap._gcd_import(name[level:], package, level)
           ~~~~~~~~~~~~~~~~~~~~~~^^^^^^^^^^^^^^^^^^^^^^^^^^^^^^
  File "<frozen importlib._bootstrap>", line 1395, in _gcd_import
  File "<frozen importlib._bootstrap>", line 1360, in _find_and_load
  File "<frozen importlib._bootstrap>", line 1331, in _find_and_load_unlocked
  File "<frozen importlib._bootstrap>", line 935, in _load_unlocked
  File "<frozen importlib._bootstrap_external>", line 1023, in exec_module
  File "<frozen importlib._bootstrap>", line 488, in _call_with_frames_removed
  File "C:\Projects\customer-support-rag\.venv\Lib\site-packages\transformers\models\pp_formulanet\image_processing_pp_formulanet.py", line 23, in <module>
    from torchvision.transforms.v2 import functional as tvF
ModuleNotFoundError: No module named 'torchvision'
2026-08-26 22:39:04.589 Examining the path of transformers.models.pp_lcnet.image_processing_pp_lcnet_fast raised:
Traceback (most recent call last):
  File "C:\Projects\customer-support-rag\.venv\Lib\site-packages\streamlit\watcher\local_sources_watcher.py", line 340, in get_module_paths
    potential_paths = extract_paths(module)
  File "C:\Projects\customer-support-rag\.venv\Lib\site-packages\streamlit\watcher\local_sources_watcher.py", line 327, in <lambda>
    if hasattr(m, "__path__")
       ~~~~~~~^^^^^^^^^^^^^^^
  File "C:\Projects\customer-support-rag\.venv\Lib\site-packages\transformers\__init__.py", line 865, in _getattr
    return getattr(importlib.import_module(target, __name__), name)
                   ~~~~~~~~~~~~~~~~~~~~~~~^^^^^^^^^^^^^^^^^^
  File "C:\Users\suryanarayanan\AppData\Local\Programs\Python\Python313\Lib\importlib\__init__.py", line 88, in import_module
    return _bootstrap._gcd_import(name[level:], package, level)
           ~~~~~~~~~~~~~~~~~~~~~~^^^^^^^^^^^^^^^^^^^^^^^^^^^^^^
  File "<frozen importlib._bootstrap>", line 1395, in _gcd_import
  File "<frozen importlib._bootstrap>", line 1360, in _find_and_load
  File "<frozen importlib._bootstrap>", line 1331, in _find_and_load_unlocked
  File "<frozen importlib._bootstrap>", line 935, in _load_unlocked
  File "<frozen importlib._bootstrap_external>", line 1023, in exec_module
  File "<frozen importlib._bootstrap>", line 488, in _call_with_frames_removed
  File "C:\Projects\customer-support-rag\.venv\Lib\site-packages\transformers\models\pp_lcnet\image_processing_pp_lcnet.py", line 24, in <module>
    import torchvision.transforms.v2.functional as tvF
ModuleNotFoundError: No module named 'torchvision'
2026-08-26 22:39:04.594 Examining the path of transformers.models.pp_ocrv5_server_det.image_processing_pp_ocrv5_server_det_fast raised:
Traceback (most recent call last):
  File "C:\Projects\customer-support-rag\.venv\Lib\site-packages\streamlit\watcher\local_sources_watcher.py", line 340, in get_module_paths
    potential_paths = extract_paths(module)
  File "C:\Projects\customer-support-rag\.venv\Lib\site-packages\streamlit\watcher\local_sources_watcher.py", line 327, in <lambda>
    if hasattr(m, "__path__")
       ~~~~~~~^^^^^^^^^^^^^^^
  File "C:\Projects\customer-support-rag\.venv\Lib\site-packages\transformers\__init__.py", line 865, in _getattr
    return getattr(importlib.import_module(target, __name__), name)
                   ~~~~~~~~~~~~~~~~~~~~~~~^^^^^^^^^^^^^^^^^^
  File "C:\Users\suryanarayanan\AppData\Local\Programs\Python\Python313\Lib\importlib\__init__.py", line 88, in import_module
    return _bootstrap._gcd_import(name[level:], package, level)
           ~~~~~~~~~~~~~~~~~~~~~~^^^^^^^^^^^^^^^^^^^^^^^^^^^^^^
  File "<frozen importlib._bootstrap>", line 1395, in _gcd_import
  File "<frozen importlib._bootstrap>", line 1360, in _find_and_load
  File "<frozen importlib._bootstrap>", line 1331, in _find_and_load_unlocked
  File "<frozen importlib._bootstrap>", line 935, in _load_unlocked
  File "<frozen importlib._bootstrap_external>", line 1023, in exec_module
  File "<frozen importlib._bootstrap>", line 488, in _call_with_frames_removed
  File "C:\Projects\customer-support-rag\.venv\Lib\site-packages\transformers\models\pp_ocrv5_server_det\image_processing_pp_ocrv5_server_det.py", line 25, in <module>
    import torchvision.transforms.v2.functional as tvF
ModuleNotFoundError: No module named 'torchvision'
2026-08-26 22:39:04.599 Examining the path of transformers.models.pp_ocrv5_server_rec.image_processing_pp_ocrv5_server_rec_fast raised:
Traceback (most recent call last):
  File "C:\Projects\customer-support-rag\.venv\Lib\site-packages\streamlit\watcher\local_sources_watcher.py", line 340, in get_module_paths
    potential_paths = extract_paths(module)
  File "C:\Projects\customer-support-rag\.venv\Lib\site-packages\streamlit\watcher\local_sources_watcher.py", line 327, in <lambda>
    if hasattr(m, "__path__")
       ~~~~~~~^^^^^^^^^^^^^^^
  File "C:\Projects\customer-support-rag\.venv\Lib\site-packages\transformers\__init__.py", line 865, in _getattr
    return getattr(importlib.import_module(target, __name__), name)
                   ~~~~~~~~~~~~~~~~~~~~~~~^^^^^^^^^^^^^^^^^^
  File "C:\Users\suryanarayanan\AppData\Local\Programs\Python\Python313\Lib\importlib\__init__.py", line 88, in import_module
    return _bootstrap._gcd_import(name[level:], package, level)
           ~~~~~~~~~~~~~~~~~~~~~~^^^^^^^^^^^^^^^^^^^^^^^^^^^^^^
  File "<frozen importlib._bootstrap>", line 1395, in _gcd_import
  File "<frozen importlib._bootstrap>", line 1360, in _find_and_load
  File "<frozen importlib._bootstrap>", line 1331, in _find_and_load_unlocked
  File "<frozen importlib._bootstrap>", line 935, in _load_unlocked
  File "<frozen importlib._bootstrap_external>", line 1023, in exec_module
  File "<frozen importlib._bootstrap>", line 488, in _call_with_frames_removed
  File "C:\Projects\customer-support-rag\.venv\Lib\site-packages\transformers\models\pp_ocrv5_server_rec\image_processing_pp_ocrv5_server_rec.py", line 24, in <module>
    import torchvision.transforms.v2.functional as tvF
ModuleNotFoundError: No module named 'torchvision'
2026-08-26 22:39:04.606 Examining the path of transformers.models.pp_ocrv6_small_rec.image_processing_pp_ocrv6_small_rec_fast raised:
Traceback (most recent call last):
  File "C:\Projects\customer-support-rag\.venv\Lib\site-packages\streamlit\watcher\local_sources_watcher.py", line 340, in get_module_paths
    potential_paths = extract_paths(module)
  File "C:\Projects\customer-support-rag\.venv\Lib\site-packages\streamlit\watcher\local_sources_watcher.py", line 327, in <lambda>
    if hasattr(m, "__path__")
       ~~~~~~~^^^^^^^^^^^^^^^
  File "C:\Projects\customer-support-rag\.venv\Lib\site-packages\transformers\__init__.py", line 865, in _getattr
    return getattr(importlib.import_module(target, __name__), name)
                   ~~~~~~~~~~~~~~~~~~~~~~~^^^^^^^^^^^^^^^^^^
  File "C:\Users\suryanarayanan\AppData\Local\Programs\Python\Python313\Lib\importlib\__init__.py", line 88, in import_module
    return _bootstrap._gcd_import(name[level:], package, level)
           ~~~~~~~~~~~~~~~~~~~~~~^^^^^^^^^^^^^^^^^^^^^^^^^^^^^^
  File "<frozen importlib._bootstrap>", line 1395, in _gcd_import
  File "<frozen importlib._bootstrap>", line 1360, in _find_and_load
  File "<frozen importlib._bootstrap>", line 1331, in _find_and_load_unlocked
  File "<frozen importlib._bootstrap>", line 935, in _load_unlocked
  File "<frozen importlib._bootstrap_external>", line 1023, in exec_module
  File "<frozen importlib._bootstrap>", line 488, in _call_with_frames_removed
  File "C:\Projects\customer-support-rag\.venv\Lib\site-packages\transformers\models\pp_ocrv6_small_rec\image_processing_pp_ocrv6_small_rec.py", line 24, in <module>
    import torchvision.transforms.v2.functional as tvF
ModuleNotFoundError: No module named 'torchvision'
2026-08-26 22:39:04.624 Examining the path of transformers.models.prompt_depth_anything.image_processing_prompt_depth_anything_fast raised:
Traceback (most recent call last):
  File "C:\Projects\customer-support-rag\.venv\Lib\site-packages\streamlit\watcher\local_sources_watcher.py", line 340, in get_module_paths
    potential_paths = extract_paths(module)
  File "C:\Projects\customer-support-rag\.venv\Lib\site-packages\streamlit\watcher\local_sources_watcher.py", line 327, in <lambda>
    if hasattr(m, "__path__")
       ~~~~~~~^^^^^^^^^^^^^^^
  File "C:\Projects\customer-support-rag\.venv\Lib\site-packages\transformers\__init__.py", line 865, in _getattr
    return getattr(importlib.import_module(target, __name__), name)
                   ~~~~~~~~~~~~~~~~~~~~~~~^^^^^^^^^^^^^^^^^^
  File "C:\Users\suryanarayanan\AppData\Local\Programs\Python\Python313\Lib\importlib\__init__.py", line 88, in import_module
    return _bootstrap._gcd_import(name[level:], package, level)
           ~~~~~~~~~~~~~~~~~~~~~~^^^^^^^^^^^^^^^^^^^^^^^^^^^^^^
  File "<frozen importlib._bootstrap>", line 1395, in _gcd_import
  File "<frozen importlib._bootstrap>", line 1360, in _find_and_load
  File "<frozen importlib._bootstrap>", line 1331, in _find_and_load_unlocked
  File "<frozen importlib._bootstrap>", line 935, in _load_unlocked
  File "<frozen importlib._bootstrap_external>", line 1023, in exec_module
  File "<frozen importlib._bootstrap>", line 488, in _call_with_frames_removed
  File "C:\Projects\customer-support-rag\.venv\Lib\site-packages\transformers\models\prompt_depth_anything\image_processing_prompt_depth_anything.py", line 42, in <module>
    from torchvision.transforms.v2 import functional as tvF
ModuleNotFoundError: No module named 'torchvision'
2026-08-26 22:39:04.657 Examining the path of transformers.models.qwen2_vl.image_processing_qwen2_vl_fast raised:
Traceback (most recent call last):
  File "C:\Projects\customer-support-rag\.venv\Lib\site-packages\streamlit\watcher\local_sources_watcher.py", line 340, in get_module_paths
    potential_paths = extract_paths(module)
  File "C:\Projects\customer-support-rag\.venv\Lib\site-packages\streamlit\watcher\local_sources_watcher.py", line 327, in <lambda>
    if hasattr(m, "__path__")
       ~~~~~~~^^^^^^^^^^^^^^^
  File "C:\Projects\customer-support-rag\.venv\Lib\site-packages\transformers\__init__.py", line 865, in _getattr
    return getattr(importlib.import_module(target, __name__), name)
                   ~~~~~~~~~~~~~~~~~~~~~~~^^^^^^^^^^^^^^^^^^
  File "C:\Users\suryanarayanan\AppData\Local\Programs\Python\Python313\Lib\importlib\__init__.py", line 88, in import_module
    return _bootstrap._gcd_import(name[level:], package, level)
           ~~~~~~~~~~~~~~~~~~~~~~^^^^^^^^^^^^^^^^^^^^^^^^^^^^^^
  File "<frozen importlib._bootstrap>", line 1395, in _gcd_import
  File "<frozen importlib._bootstrap>", line 1360, in _find_and_load
  File "<frozen importlib._bootstrap>", line 1331, in _find_and_load_unlocked
  File "<frozen importlib._bootstrap>", line 935, in _load_unlocked
  File "<frozen importlib._bootstrap_external>", line 1023, in exec_module
  File "<frozen importlib._bootstrap>", line 488, in _call_with_frames_removed
  File "C:\Projects\customer-support-rag\.venv\Lib\site-packages\transformers\models\qwen2_vl\image_processing_qwen2_vl.py", line 25, in <module>
    from torchvision.transforms.v2 import functional as tvF
ModuleNotFoundError: No module named 'torchvision'
2026-08-26 22:39:04.665 Examining the path of transformers.models.rf_detr.image_processing_rf_detr_fast raised:
Traceback (most recent call last):
  File "C:\Projects\customer-support-rag\.venv\Lib\site-packages\streamlit\watcher\local_sources_watcher.py", line 340, in get_module_paths
    potential_paths = extract_paths(module)
  File "C:\Projects\customer-support-rag\.venv\Lib\site-packages\streamlit\watcher\local_sources_watcher.py", line 327, in <lambda>
    if hasattr(m, "__path__")
       ~~~~~~~^^^^^^^^^^^^^^^
  File "C:\Projects\customer-support-rag\.venv\Lib\site-packages\transformers\__init__.py", line 865, in _getattr
    return getattr(importlib.import_module(target, __name__), name)
                   ~~~~~~~~~~~~~~~~~~~~~~~^^^^^^^^^^^^^^^^^^
  File "C:\Users\suryanarayanan\AppData\Local\Programs\Python\Python313\Lib\importlib\__init__.py", line 88, in import_module
    return _bootstrap._gcd_import(name[level:], package, level)
           ~~~~~~~~~~~~~~~~~~~~~~^^^^^^^^^^^^^^^^^^^^^^^^^^^^^^
  File "<frozen importlib._bootstrap>", line 1395, in _gcd_import
  File "<frozen importlib._bootstrap>", line 1360, in _find_and_load
  File "<frozen importlib._bootstrap>", line 1331, in _find_and_load_unlocked
  File "<frozen importlib._bootstrap>", line 935, in _load_unlocked
  File "<frozen importlib._bootstrap_external>", line 1023, in exec_module
  File "<frozen importlib._bootstrap>", line 488, in _call_with_frames_removed
  File "C:\Projects\customer-support-rag\.venv\Lib\site-packages\transformers\models\rf_detr\image_processing_rf_detr.py", line 26, in <module>
    from torchvision.transforms.v2 import functional as tvF
ModuleNotFoundError: No module named 'torchvision'
2026-08-26 22:39:04.689 Examining the path of transformers.models.rt_detr.image_processing_rt_detr_fast raised:
Traceback (most recent call last):
  File "C:\Projects\customer-support-rag\.venv\Lib\site-packages\streamlit\watcher\local_sources_watcher.py", line 340, in get_module_paths
    potential_paths = extract_paths(module)
  File "C:\Projects\customer-support-rag\.venv\Lib\site-packages\streamlit\watcher\local_sources_watcher.py", line 327, in <lambda>
    if hasattr(m, "__path__")
       ~~~~~~~^^^^^^^^^^^^^^^
  File "C:\Projects\customer-support-rag\.venv\Lib\site-packages\transformers\__init__.py", line 865, in _getattr
    return getattr(importlib.import_module(target, __name__), name)
                   ~~~~~~~~~~~~~~~~~~~~~~~^^^^^^^^^^^^^^^^^^
  File "C:\Users\suryanarayanan\AppData\Local\Programs\Python\Python313\Lib\importlib\__init__.py", line 88, in import_module
    return _bootstrap._gcd_import(name[level:], package, level)
           ~~~~~~~~~~~~~~~~~~~~~~^^^^^^^^^^^^^^^^^^^^^^^^^^^^^^
  File "<frozen importlib._bootstrap>", line 1395, in _gcd_import
  File "<frozen importlib._bootstrap>", line 1360, in _find_and_load
  File "<frozen importlib._bootstrap>", line 1331, in _find_and_load_unlocked
  File "<frozen importlib._bootstrap>", line 935, in _load_unlocked
  File "<frozen importlib._bootstrap_external>", line 1023, in exec_module
  File "<frozen importlib._bootstrap>", line 488, in _call_with_frames_removed
  File "C:\Projects\customer-support-rag\.venv\Lib\site-packages\transformers\models\rt_detr\image_processing_rt_detr.py", line 24, in <module>
    from torchvision.transforms.v2 import functional as tvF
ModuleNotFoundError: No module named 'torchvision'
2026-08-26 22:39:04.710 Examining the path of transformers.models.sam.image_processing_sam_fast raised:
Traceback (most recent call last):
  File "C:\Projects\customer-support-rag\.venv\Lib\site-packages\streamlit\watcher\local_sources_watcher.py", line 340, in get_module_paths
    potential_paths = extract_paths(module)
  File "C:\Projects\customer-support-rag\.venv\Lib\site-packages\streamlit\watcher\local_sources_watcher.py", line 327, in <lambda>
    if hasattr(m, "__path__")
       ~~~~~~~^^^^^^^^^^^^^^^
  File "C:\Projects\customer-support-rag\.venv\Lib\site-packages\transformers\__init__.py", line 865, in _getattr
    return getattr(importlib.import_module(target, __name__), name)
                   ~~~~~~~~~~~~~~~~~~~~~~~^^^^^^^^^^^^^^^^^^
  File "C:\Users\suryanarayanan\AppData\Local\Programs\Python\Python313\Lib\importlib\__init__.py", line 88, in import_module
    return _bootstrap._gcd_import(name[level:], package, level)
           ~~~~~~~~~~~~~~~~~~~~~~^^^^^^^^^^^^^^^^^^^^^^^^^^^^^^
  File "<frozen importlib._bootstrap>", line 1395, in _gcd_import
  File "<frozen importlib._bootstrap>", line 1360, in _find_and_load
  File "<frozen importlib._bootstrap>", line 1331, in _find_and_load_unlocked
  File "<frozen importlib._bootstrap>", line 935, in _load_unlocked
  File "<frozen importlib._bootstrap_external>", line 1023, in exec_module
  File "<frozen importlib._bootstrap>", line 488, in _call_with_frames_removed
  File "C:\Projects\customer-support-rag\.venv\Lib\site-packages\transformers\models\sam\image_processing_sam.py", line 25, in <module>
    from torchvision.ops.boxes import batched_nms
ModuleNotFoundError: No module named 'torchvision'
2026-08-26 22:39:04.716 Examining the path of transformers.models.sam2.image_processing_sam2_fast raised:
Traceback (most recent call last):
  File "C:\Projects\customer-support-rag\.venv\Lib\site-packages\streamlit\watcher\local_sources_watcher.py", line 340, in get_module_paths
    potential_paths = extract_paths(module)
  File "C:\Projects\customer-support-rag\.venv\Lib\site-packages\streamlit\watcher\local_sources_watcher.py", line 327, in <lambda>
    if hasattr(m, "__path__")
       ~~~~~~~^^^^^^^^^^^^^^^
  File "C:\Projects\customer-support-rag\.venv\Lib\site-packages\transformers\__init__.py", line 865, in _getattr
    return getattr(importlib.import_module(target, __name__), name)
                   ~~~~~~~~~~~~~~~~~~~~~~~^^^^^^^^^^^^^^^^^^
  File "C:\Users\suryanarayanan\AppData\Local\Programs\Python\Python313\Lib\importlib\__init__.py", line 88, in import_module
    return _bootstrap._gcd_import(name[level:], package, level)
           ~~~~~~~~~~~~~~~~~~~~~~^^^^^^^^^^^^^^^^^^^^^^^^^^^^^^
  File "<frozen importlib._bootstrap>", line 1395, in _gcd_import
  File "<frozen importlib._bootstrap>", line 1360, in _find_and_load
  File "<frozen importlib._bootstrap>", line 1331, in _find_and_load_unlocked
  File "<frozen importlib._bootstrap>", line 935, in _load_unlocked
  File "<frozen importlib._bootstrap_external>", line 1023, in exec_module
  File "<frozen importlib._bootstrap>", line 488, in _call_with_frames_removed
  File "C:\Projects\customer-support-rag\.venv\Lib\site-packages\transformers\models\sam2\image_processing_sam2.py", line 28, in <module>
    from torchvision.ops.boxes import batched_nms
ModuleNotFoundError: No module named 'torchvision'
2026-08-26 22:39:04.724 Examining the path of transformers.models.sam3.image_processing_sam3_fast raised:
Traceback (most recent call last):
  File "C:\Projects\customer-support-rag\.venv\Lib\site-packages\streamlit\watcher\local_sources_watcher.py", line 340, in get_module_paths
    potential_paths = extract_paths(module)
  File "C:\Projects\customer-support-rag\.venv\Lib\site-packages\streamlit\watcher\local_sources_watcher.py", line 327, in <lambda>
    if hasattr(m, "__path__")
       ~~~~~~~^^^^^^^^^^^^^^^
  File "C:\Projects\customer-support-rag\.venv\Lib\site-packages\transformers\__init__.py", line 865, in _getattr
    return getattr(importlib.import_module(target, __name__), name)
                   ~~~~~~~~~~~~~~~~~~~~~~~^^^^^^^^^^^^^^^^^^
  File "C:\Users\suryanarayanan\AppData\Local\Programs\Python\Python313\Lib\importlib\__init__.py", line 88, in import_module
    return _bootstrap._gcd_import(name[level:], package, level)
           ~~~~~~~~~~~~~~~~~~~~~~^^^^^^^^^^^^^^^^^^^^^^^^^^^^^^
  File "<frozen importlib._bootstrap>", line 1395, in _gcd_import
  File "<frozen importlib._bootstrap>", line 1360, in _find_and_load
  File "<frozen importlib._bootstrap>", line 1331, in _find_and_load_unlocked
  File "<frozen importlib._bootstrap>", line 935, in _load_unlocked
  File "<frozen importlib._bootstrap_external>", line 1023, in exec_module
  File "<frozen importlib._bootstrap>", line 488, in _call_with_frames_removed
  File "C:\Projects\customer-support-rag\.venv\Lib\site-packages\transformers\models\sam3\image_processing_sam3.py", line 30, in <module>
    from torchvision.ops.boxes import batched_nms
ModuleNotFoundError: No module named 'torchvision'
2026-08-26 22:39:04.730 Examining the path of transformers.models.sapiens2.image_processing_sapiens2_fast raised:
Traceback (most recent call last):
  File "C:\Projects\customer-support-rag\.venv\Lib\site-packages\streamlit\watcher\local_sources_watcher.py", line 340, in get_module_paths
    potential_paths = extract_paths(module)
  File "C:\Projects\customer-support-rag\.venv\Lib\site-packages\streamlit\watcher\local_sources_watcher.py", line 327, in <lambda>
    if hasattr(m, "__path__")
       ~~~~~~~^^^^^^^^^^^^^^^
  File "C:\Projects\customer-support-rag\.venv\Lib\site-packages\transformers\__init__.py", line 865, in _getattr
    return getattr(importlib.import_module(target, __name__), name)
                   ~~~~~~~~~~~~~~~~~~~~~~~^^^^^^^^^^^^^^^^^^
  File "C:\Users\suryanarayanan\AppData\Local\Programs\Python\Python313\Lib\importlib\__init__.py", line 88, in import_module
    return _bootstrap._gcd_import(name[level:], package, level)
           ~~~~~~~~~~~~~~~~~~~~~~^^^^^^^^^^^^^^^^^^^^^^^^^^^^^^
  File "<frozen importlib._bootstrap>", line 1395, in _gcd_import
  File "<frozen importlib._bootstrap>", line 1360, in _find_and_load
  File "<frozen importlib._bootstrap>", line 1331, in _find_and_load_unlocked
  File "<frozen importlib._bootstrap>", line 935, in _load_unlocked
  File "<frozen importlib._bootstrap_external>", line 1023, in exec_module
  File "<frozen importlib._bootstrap>", line 488, in _call_with_frames_removed
  File "C:\Projects\customer-support-rag\.venv\Lib\site-packages\transformers\models\sapiens2\image_processing_sapiens2.py", line 23, in <module>
    from torchvision.transforms.v2 import functional as tvF
ModuleNotFoundError: No module named 'torchvision'
2026-08-26 22:39:04.742 Examining the path of transformers.models.segformer.image_processing_segformer_fast raised:
Traceback (most recent call last):
  File "C:\Projects\customer-support-rag\.venv\Lib\site-packages\streamlit\watcher\local_sources_watcher.py", line 340, in get_module_paths
    potential_paths = extract_paths(module)
  File "C:\Projects\customer-support-rag\.venv\Lib\site-packages\streamlit\watcher\local_sources_watcher.py", line 327, in <lambda>
    if hasattr(m, "__path__")
       ~~~~~~~^^^^^^^^^^^^^^^
  File "C:\Projects\customer-support-rag\.venv\Lib\site-packages\transformers\__init__.py", line 865, in _getattr
    return getattr(importlib.import_module(target, __name__), name)
                   ~~~~~~~~~~~~~~~~~~~~~~~^^^^^^^^^^^^^^^^^^
  File "C:\Users\suryanarayanan\AppData\Local\Programs\Python\Python313\Lib\importlib\__init__.py", line 88, in import_module
    return _bootstrap._gcd_import(name[level:], package, level)
           ~~~~~~~~~~~~~~~~~~~~~~^^^^^^^^^^^^^^^^^^^^^^^^^^^^^^
  File "<frozen importlib._bootstrap>", line 1395, in _gcd_import
  File "<frozen importlib._bootstrap>", line 1360, in _find_and_load
  File "<frozen importlib._bootstrap>", line 1331, in _find_and_load_unlocked
  File "<frozen importlib._bootstrap>", line 935, in _load_unlocked
  File "<frozen importlib._bootstrap_external>", line 1023, in exec_module
  File "<frozen importlib._bootstrap>", line 488, in _call_with_frames_removed
  File "C:\Projects\customer-support-rag\.venv\Lib\site-packages\transformers\models\segformer\image_processing_segformer.py", line 25, in <module>
    import torchvision.transforms.v2.functional as tvF
ModuleNotFoundError: No module named 'torchvision'
2026-08-26 22:39:04.755 Examining the path of transformers.models.seggpt.image_processing_seggpt_fast raised:
Traceback (most recent call last):
  File "C:\Projects\customer-support-rag\.venv\Lib\site-packages\streamlit\watcher\local_sources_watcher.py", line 340, in get_module_paths
    potential_paths = extract_paths(module)
  File "C:\Projects\customer-support-rag\.venv\Lib\site-packages\streamlit\watcher\local_sources_watcher.py", line 327, in <lambda>
    if hasattr(m, "__path__")
       ~~~~~~~^^^^^^^^^^^^^^^
  File "C:\Projects\customer-support-rag\.venv\Lib\site-packages\transformers\__init__.py", line 865, in _getattr
    return getattr(importlib.import_module(target, __name__), name)
                   ~~~~~~~~~~~~~~~~~~~~~~~^^^^^^^^^^^^^^^^^^
  File "C:\Users\suryanarayanan\AppData\Local\Programs\Python\Python313\Lib\importlib\__init__.py", line 88, in import_module
    return _bootstrap._gcd_import(name[level:], package, level)
           ~~~~~~~~~~~~~~~~~~~~~~^^^^^^^^^^^^^^^^^^^^^^^^^^^^^^
  File "<frozen importlib._bootstrap>", line 1395, in _gcd_import
  File "<frozen importlib._bootstrap>", line 1360, in _find_and_load
  File "<frozen importlib._bootstrap>", line 1331, in _find_and_load_unlocked
  File "<frozen importlib._bootstrap>", line 935, in _load_unlocked
  File "<frozen importlib._bootstrap_external>", line 1023, in exec_module
  File "<frozen importlib._bootstrap>", line 488, in _call_with_frames_removed
  File "C:\Projects\customer-support-rag\.venv\Lib\site-packages\transformers\models\seggpt\image_processing_seggpt.py", line 20, in <module>
    from torchvision.transforms.v2 import functional as tvF
ModuleNotFoundError: No module named 'torchvision'
2026-08-26 22:39:04.778 Examining the path of transformers.models.siglip2.image_processing_siglip2_fast raised:
Traceback (most recent call last):
  File "C:\Projects\customer-support-rag\.venv\Lib\site-packages\streamlit\watcher\local_sources_watcher.py", line 340, in get_module_paths
    potential_paths = extract_paths(module)
  File "C:\Projects\customer-support-rag\.venv\Lib\site-packages\streamlit\watcher\local_sources_watcher.py", line 327, in <lambda>
    if hasattr(m, "__path__")
       ~~~~~~~^^^^^^^^^^^^^^^
  File "C:\Projects\customer-support-rag\.venv\Lib\site-packages\transformers\__init__.py", line 865, in _getattr
    return getattr(importlib.import_module(target, __name__), name)
                   ~~~~~~~~~~~~~~~~~~~~~~~^^^^^^^^^^^^^^^^^^
  File "C:\Users\suryanarayanan\AppData\Local\Programs\Python\Python313\Lib\importlib\__init__.py", line 88, in import_module
    return _bootstrap._gcd_import(name[level:], package, level)
           ~~~~~~~~~~~~~~~~~~~~~~^^^^^^^^^^^^^^^^^^^^^^^^^^^^^^
  File "<frozen importlib._bootstrap>", line 1395, in _gcd_import
  File "<frozen importlib._bootstrap>", line 1360, in _find_and_load
  File "<frozen importlib._bootstrap>", line 1331, in _find_and_load_unlocked
  File "<frozen importlib._bootstrap>", line 935, in _load_unlocked
  File "<frozen importlib._bootstrap_external>", line 1023, in exec_module
  File "<frozen importlib._bootstrap>", line 488, in _call_with_frames_removed
  File "C:\Projects\customer-support-rag\.venv\Lib\site-packages\transformers\models\siglip2\image_processing_siglip2.py", line 17, in <module>
    from torchvision.transforms.v2 import functional as tvF
ModuleNotFoundError: No module named 'torchvision'
2026-08-26 22:39:04.783 Examining the path of transformers.models.slanext.image_processing_slanext_fast raised:
Traceback (most recent call last):
  File "C:\Projects\customer-support-rag\.venv\Lib\site-packages\streamlit\watcher\local_sources_watcher.py", line 340, in get_module_paths
    potential_paths = extract_paths(module)
  File "C:\Projects\customer-support-rag\.venv\Lib\site-packages\streamlit\watcher\local_sources_watcher.py", line 327, in <lambda>
    if hasattr(m, "__path__")
       ~~~~~~~^^^^^^^^^^^^^^^
  File "C:\Projects\customer-support-rag\.venv\Lib\site-packages\transformers\__init__.py", line 865, in _getattr
    return getattr(importlib.import_module(target, __name__), name)
                   ~~~~~~~~~~~~~~~~~~~~~~~^^^^^^^^^^^^^^^^^^
  File "C:\Users\suryanarayanan\AppData\Local\Programs\Python\Python313\Lib\importlib\__init__.py", line 88, in import_module
    return _bootstrap._gcd_import(name[level:], package, level)
           ~~~~~~~~~~~~~~~~~~~~~~^^^^^^^^^^^^^^^^^^^^^^^^^^^^^^
  File "<frozen importlib._bootstrap>", line 1395, in _gcd_import
  File "<frozen importlib._bootstrap>", line 1360, in _find_and_load
  File "<frozen importlib._bootstrap>", line 1331, in _find_and_load_unlocked
  File "<frozen importlib._bootstrap>", line 935, in _load_unlocked
  File "<frozen importlib._bootstrap_external>", line 1023, in exec_module
  File "<frozen importlib._bootstrap>", line 488, in _call_with_frames_removed
  File "C:\Projects\customer-support-rag\.venv\Lib\site-packages\transformers\models\slanext\image_processing_slanext.py", line 23, in <module>
    import torchvision.transforms.v2.functional as tvF
ModuleNotFoundError: No module named 'torchvision'
2026-08-26 22:39:04.813 Examining the path of transformers.models.smolvlm.image_processing_smolvlm_fast raised:
Traceback (most recent call last):
  File "C:\Projects\customer-support-rag\.venv\Lib\site-packages\streamlit\watcher\local_sources_watcher.py", line 340, in get_module_paths
    potential_paths = extract_paths(module)
  File "C:\Projects\customer-support-rag\.venv\Lib\site-packages\streamlit\watcher\local_sources_watcher.py", line 327, in <lambda>
    if hasattr(m, "__path__")
       ~~~~~~~^^^^^^^^^^^^^^^
  File "C:\Projects\customer-support-rag\.venv\Lib\site-packages\transformers\__init__.py", line 865, in _getattr
    return getattr(importlib.import_module(target, __name__), name)
                   ~~~~~~~~~~~~~~~~~~~~~~~^^^^^^^^^^^^^^^^^^
  File "C:\Users\suryanarayanan\AppData\Local\Programs\Python\Python313\Lib\importlib\__init__.py", line 88, in import_module
    return _bootstrap._gcd_import(name[level:], package, level)
           ~~~~~~~~~~~~~~~~~~~~~~^^^^^^^^^^^^^^^^^^^^^^^^^^^^^^
  File "<frozen importlib._bootstrap>", line 1395, in _gcd_import
  File "<frozen importlib._bootstrap>", line 1360, in _find_and_load
  File "<frozen importlib._bootstrap>", line 1331, in _find_and_load_unlocked
  File "<frozen importlib._bootstrap>", line 935, in _load_unlocked
  File "<frozen importlib._bootstrap_external>", line 1023, in exec_module
  File "<frozen importlib._bootstrap>", line 488, in _call_with_frames_removed
  File "C:\Projects\customer-support-rag\.venv\Lib\site-packages\transformers\models\smolvlm\image_processing_smolvlm.py", line 27, in <module>
    from torchvision.transforms.v2 import functional as tvF
ModuleNotFoundError: No module named 'torchvision'
2026-08-26 22:39:04.863 Examining the path of transformers.models.superglue.image_processing_superglue_fast raised:
Traceback (most recent call last):
  File "C:\Projects\customer-support-rag\.venv\Lib\site-packages\streamlit\watcher\local_sources_watcher.py", line 340, in get_module_paths
    potential_paths = extract_paths(module)
  File "C:\Projects\customer-support-rag\.venv\Lib\site-packages\streamlit\watcher\local_sources_watcher.py", line 327, in <lambda>
    if hasattr(m, "__path__")
       ~~~~~~~^^^^^^^^^^^^^^^
  File "C:\Projects\customer-support-rag\.venv\Lib\site-packages\transformers\__init__.py", line 865, in _getattr
    return getattr(importlib.import_module(target, __name__), name)
                   ~~~~~~~~~~~~~~~~~~~~~~~^^^^^^^^^^^^^^^^^^
  File "C:\Users\suryanarayanan\AppData\Local\Programs\Python\Python313\Lib\importlib\__init__.py", line 88, in import_module
    return _bootstrap._gcd_import(name[level:], package, level)
           ~~~~~~~~~~~~~~~~~~~~~~^^^^^^^^^^^^^^^^^^^^^^^^^^^^^^
  File "<frozen importlib._bootstrap>", line 1395, in _gcd_import
  File "<frozen importlib._bootstrap>", line 1360, in _find_and_load
  File "<frozen importlib._bootstrap>", line 1331, in _find_and_load_unlocked
  File "<frozen importlib._bootstrap>", line 935, in _load_unlocked
  File "<frozen importlib._bootstrap_external>", line 1023, in exec_module
  File "<frozen importlib._bootstrap>", line 488, in _call_with_frames_removed
  File "C:\Projects\customer-support-rag\.venv\Lib\site-packages\transformers\models\superglue\image_processing_superglue.py", line 47, in <module>
    from torchvision.transforms.v2 import functional as tvF
ModuleNotFoundError: No module named 'torchvision'
2026-08-26 22:39:04.871 Examining the path of transformers.models.superpoint.image_processing_superpoint_fast raised:
Traceback (most recent call last):
  File "C:\Projects\customer-support-rag\.venv\Lib\site-packages\streamlit\watcher\local_sources_watcher.py", line 340, in get_module_paths
    potential_paths = extract_paths(module)
  File "C:\Projects\customer-support-rag\.venv\Lib\site-packages\streamlit\watcher\local_sources_watcher.py", line 327, in <lambda>
    if hasattr(m, "__path__")
       ~~~~~~~^^^^^^^^^^^^^^^
  File "C:\Projects\customer-support-rag\.venv\Lib\site-packages\transformers\__init__.py", line 865, in _getattr
    return getattr(importlib.import_module(target, __name__), name)
                   ~~~~~~~~~~~~~~~~~~~~~~~^^^^^^^^^^^^^^^^^^
  File "C:\Users\suryanarayanan\AppData\Local\Programs\Python\Python313\Lib\importlib\__init__.py", line 88, in import_module
    return _bootstrap._gcd_import(name[level:], package, level)
           ~~~~~~~~~~~~~~~~~~~~~~^^^^^^^^^^^^^^^^^^^^^^^^^^^^^^
  File "<frozen importlib._bootstrap>", line 1395, in _gcd_import
  File "<frozen importlib._bootstrap>", line 1360, in _find_and_load
  File "<frozen importlib._bootstrap>", line 1331, in _find_and_load_unlocked
  File "<frozen importlib._bootstrap>", line 935, in _load_unlocked
  File "<frozen importlib._bootstrap_external>", line 1023, in exec_module
  File "<frozen importlib._bootstrap>", line 488, in _call_with_frames_removed
  File "C:\Projects\customer-support-rag\.venv\Lib\site-packages\transformers\models\superpoint\image_processing_superpoint.py", line 31, in <module>
    from torchvision.transforms.v2 import functional as tvF
ModuleNotFoundError: No module named 'torchvision'
2026-08-26 22:39:04.898 Examining the path of transformers.models.swin2sr.image_processing_swin2sr_fast raised:
Traceback (most recent call last):
  File "C:\Projects\customer-support-rag\.venv\Lib\site-packages\streamlit\watcher\local_sources_watcher.py", line 340, in get_module_paths
    potential_paths = extract_paths(module)
  File "C:\Projects\customer-support-rag\.venv\Lib\site-packages\streamlit\watcher\local_sources_watcher.py", line 327, in <lambda>
    if hasattr(m, "__path__")
       ~~~~~~~^^^^^^^^^^^^^^^
  File "C:\Projects\customer-support-rag\.venv\Lib\site-packages\transformers\__init__.py", line 865, in _getattr
    return getattr(importlib.import_module(target, __name__), name)
                   ~~~~~~~~~~~~~~~~~~~~~~~^^^^^^^^^^^^^^^^^^
  File "C:\Users\suryanarayanan\AppData\Local\Programs\Python\Python313\Lib\importlib\__init__.py", line 88, in import_module
    return _bootstrap._gcd_import(name[level:], package, level)
           ~~~~~~~~~~~~~~~~~~~~~~^^^^^^^^^^^^^^^^^^^^^^^^^^^^^^
  File "<frozen importlib._bootstrap>", line 1395, in _gcd_import
  File "<frozen importlib._bootstrap>", line 1360, in _find_and_load
  File "<frozen importlib._bootstrap>", line 1331, in _find_and_load_unlocked
  File "<frozen importlib._bootstrap>", line 935, in _load_unlocked
  File "<frozen importlib._bootstrap_external>", line 1023, in exec_module
  File "<frozen importlib._bootstrap>", line 488, in _call_with_frames_removed
  File "C:\Projects\customer-support-rag\.venv\Lib\site-packages\transformers\models\swin2sr\image_processing_swin2sr.py", line 17, in <module>
    from torchvision.transforms.v2 import functional as tvF
ModuleNotFoundError: No module named 'torchvision'
2026-08-26 22:39:04.919 Examining the path of transformers.models.textnet.image_processing_textnet_fast raised:
Traceback (most recent call last):
  File "C:\Projects\customer-support-rag\.venv\Lib\site-packages\streamlit\watcher\local_sources_watcher.py", line 340, in get_module_paths
    potential_paths = extract_paths(module)
  File "C:\Projects\customer-support-rag\.venv\Lib\site-packages\streamlit\watcher\local_sources_watcher.py", line 327, in <lambda>
    if hasattr(m, "__path__")
       ~~~~~~~^^^^^^^^^^^^^^^
  File "C:\Projects\customer-support-rag\.venv\Lib\site-packages\transformers\__init__.py", line 865, in _getattr
    return getattr(importlib.import_module(target, __name__), name)
                   ~~~~~~~~~~~~~~~~~~~~~~~^^^^^^^^^^^^^^^^^^
  File "C:\Users\suryanarayanan\AppData\Local\Programs\Python\Python313\Lib\importlib\__init__.py", line 88, in import_module
    return _bootstrap._gcd_import(name[level:], package, level)
           ~~~~~~~~~~~~~~~~~~~~~~^^^^^^^^^^^^^^^^^^^^^^^^^^^^^^
  File "<frozen importlib._bootstrap>", line 1395, in _gcd_import
  File "<frozen importlib._bootstrap>", line 1360, in _find_and_load
  File "<frozen importlib._bootstrap>", line 1331, in _find_and_load_unlocked
  File "<frozen importlib._bootstrap>", line 935, in _load_unlocked
  File "<frozen importlib._bootstrap_external>", line 1023, in exec_module
  File "<frozen importlib._bootstrap>", line 488, in _call_with_frames_removed
  File "C:\Projects\customer-support-rag\.venv\Lib\site-packages\transformers\models\textnet\image_processing_textnet.py", line 17, in <module>
    from torchvision.transforms.v2 import functional as tvF
ModuleNotFoundError: No module named 'torchvision'
2026-08-26 22:39:04.970 Examining the path of transformers.models.tvp.image_processing_tvp_fast raised:
Traceback (most recent call last):
  File "C:\Projects\customer-support-rag\.venv\Lib\site-packages\streamlit\watcher\local_sources_watcher.py", line 340, in get_module_paths
    potential_paths = extract_paths(module)
  File "C:\Projects\customer-support-rag\.venv\Lib\site-packages\streamlit\watcher\local_sources_watcher.py", line 327, in <lambda>
    if hasattr(m, "__path__")
       ~~~~~~~^^^^^^^^^^^^^^^
  File "C:\Projects\customer-support-rag\.venv\Lib\site-packages\transformers\__init__.py", line 865, in _getattr
    return getattr(importlib.import_module(target, __name__), name)
                   ~~~~~~~~~~~~~~~~~~~~~~~^^^^^^^^^^^^^^^^^^
  File "C:\Users\suryanarayanan\AppData\Local\Programs\Python\Python313\Lib\importlib\__init__.py", line 88, in import_module
    return _bootstrap._gcd_import(name[level:], package, level)
           ~~~~~~~~~~~~~~~~~~~~~~^^^^^^^^^^^^^^^^^^^^^^^^^^^^^^
  File "<frozen importlib._bootstrap>", line 1395, in _gcd_import
  File "<frozen importlib._bootstrap>", line 1360, in _find_and_load
  File "<frozen importlib._bootstrap>", line 1331, in _find_and_load_unlocked
  File "<frozen importlib._bootstrap>", line 935, in _load_unlocked
  File "<frozen importlib._bootstrap_external>", line 1023, in exec_module
  File "<frozen importlib._bootstrap>", line 488, in _call_with_frames_removed
  File "C:\Projects\customer-support-rag\.venv\Lib\site-packages\transformers\models\tvp\image_processing_tvp.py", line 17, in <module>
    from torchvision.transforms.v2 import functional as tvF
ModuleNotFoundError: No module named 'torchvision'
2026-08-26 22:39:05.019 Examining the path of transformers.models.video_llama_3.image_processing_video_llama_3_fast raised:
Traceback (most recent call last):
  File "C:\Projects\customer-support-rag\.venv\Lib\site-packages\streamlit\watcher\local_sources_watcher.py", line 340, in get_module_paths
    potential_paths = extract_paths(module)
  File "C:\Projects\customer-support-rag\.venv\Lib\site-packages\streamlit\watcher\local_sources_watcher.py", line 327, in <lambda>
    if hasattr(m, "__path__")
       ~~~~~~~^^^^^^^^^^^^^^^
  File "C:\Projects\customer-support-rag\.venv\Lib\site-packages\transformers\__init__.py", line 865, in _getattr
    return getattr(importlib.import_module(target, __name__), name)
                   ~~~~~~~~~~~~~~~~~~~~~~~^^^^^^^^^^^^^^^^^^
  File "C:\Users\suryanarayanan\AppData\Local\Programs\Python\Python313\Lib\importlib\__init__.py", line 88, in import_module
    return _bootstrap._gcd_import(name[level:], package, level)
           ~~~~~~~~~~~~~~~~~~~~~~^^^^^^^^^^^^^^^^^^^^^^^^^^^^^^
  File "<frozen importlib._bootstrap>", line 1395, in _gcd_import
  File "<frozen importlib._bootstrap>", line 1360, in _find_and_load
  File "<frozen importlib._bootstrap>", line 1331, in _find_and_load_unlocked
  File "<frozen importlib._bootstrap>", line 935, in _load_unlocked
  File "<frozen importlib._bootstrap_external>", line 1023, in exec_module
  File "<frozen importlib._bootstrap>", line 488, in _call_with_frames_removed
  File "C:\Projects\customer-support-rag\.venv\Lib\site-packages\transformers\models\video_llama_3\image_processing_video_llama_3.py", line 24, in <module>
    import torchvision.transforms.v2.functional as tvF
ModuleNotFoundError: No module named 'torchvision'
2026-08-26 22:39:05.030 Examining the path of transformers.models.videomae.image_processing_videomae_fast raised:
Traceback (most recent call last):
  File "C:\Projects\customer-support-rag\.venv\Lib\site-packages\streamlit\watcher\local_sources_watcher.py", line 340, in get_module_paths
    potential_paths = extract_paths(module)
  File "C:\Projects\customer-support-rag\.venv\Lib\site-packages\streamlit\watcher\local_sources_watcher.py", line 327, in <lambda>
    if hasattr(m, "__path__")
       ~~~~~~~^^^^^^^^^^^^^^^
  File "C:\Projects\customer-support-rag\.venv\Lib\site-packages\transformers\__init__.py", line 865, in _getattr
    return getattr(importlib.import_module(target, __name__), name)
                   ~~~~~~~~~~~~~~~~~~~~~~~^^^^^^^^^^^^^^^^^^
  File "C:\Users\suryanarayanan\AppData\Local\Programs\Python\Python313\Lib\importlib\__init__.py", line 88, in import_module
    return _bootstrap._gcd_import(name[level:], package, level)
           ~~~~~~~~~~~~~~~~~~~~~~^^^^^^^^^^^^^^^^^^^^^^^^^^^^^^
  File "<frozen importlib._bootstrap>", line 1395, in _gcd_import
  File "<frozen importlib._bootstrap>", line 1360, in _find_and_load
  File "<frozen importlib._bootstrap>", line 1331, in _find_and_load_unlocked
  File "<frozen importlib._bootstrap>", line 935, in _load_unlocked
  File "<frozen importlib._bootstrap_external>", line 1023, in exec_module
  File "<frozen importlib._bootstrap>", line 488, in _call_with_frames_removed
  File "C:\Projects\customer-support-rag\.venv\Lib\site-packages\transformers\models\videomae\image_processing_videomae.py", line 17, in <module>
    from torchvision.transforms.v2 import functional as tvF
ModuleNotFoundError: No module named 'torchvision'
2026-08-26 22:39:05.048 Examining the path of transformers.models.vilt.image_processing_vilt_fast raised:
Traceback (most recent call last):
  File "C:\Projects\customer-support-rag\.venv\Lib\site-packages\streamlit\watcher\local_sources_watcher.py", line 340, in get_module_paths
    potential_paths = extract_paths(module)
  File "C:\Projects\customer-support-rag\.venv\Lib\site-packages\streamlit\watcher\local_sources_watcher.py", line 327, in <lambda>
    if hasattr(m, "__path__")
       ~~~~~~~^^^^^^^^^^^^^^^
  File "C:\Projects\customer-support-rag\.venv\Lib\site-packages\transformers\__init__.py", line 865, in _getattr
    return getattr(importlib.import_module(target, __name__), name)
                   ~~~~~~~~~~~~~~~~~~~~~~~^^^^^^^^^^^^^^^^^^
  File "C:\Users\suryanarayanan\AppData\Local\Programs\Python\Python313\Lib\importlib\__init__.py", line 88, in import_module
    return _bootstrap._gcd_import(name[level:], package, level)
           ~~~~~~~~~~~~~~~~~~~~~~^^^^^^^^^^^^^^^^^^^^^^^^^^^^^^
  File "<frozen importlib._bootstrap>", line 1395, in _gcd_import
  File "<frozen importlib._bootstrap>", line 1360, in _find_and_load
  File "<frozen importlib._bootstrap>", line 1331, in _find_and_load_unlocked
  File "<frozen importlib._bootstrap>", line 935, in _load_unlocked
  File "<frozen importlib._bootstrap_external>", line 1023, in exec_module
  File "<frozen importlib._bootstrap>", line 488, in _call_with_frames_removed
  File "C:\Projects\customer-support-rag\.venv\Lib\site-packages\transformers\models\vilt\image_processing_vilt.py", line 17, in <module>
    from torchvision.transforms.v2 import functional as tvF
ModuleNotFoundError: No module named 'torchvision'
2026-08-26 22:39:05.101 Examining the path of transformers.models.vitmatte.image_processing_vitmatte_fast raised:
Traceback (most recent call last):
  File "C:\Projects\customer-support-rag\.venv\Lib\site-packages\streamlit\watcher\local_sources_watcher.py", line 340, in get_module_paths
    potential_paths = extract_paths(module)
  File "C:\Projects\customer-support-rag\.venv\Lib\site-packages\streamlit\watcher\local_sources_watcher.py", line 327, in <lambda>
    if hasattr(m, "__path__")
       ~~~~~~~^^^^^^^^^^^^^^^
  File "C:\Projects\customer-support-rag\.venv\Lib\site-packages\transformers\__init__.py", line 865, in _getattr
    return getattr(importlib.import_module(target, __name__), name)
                   ~~~~~~~~~~~~~~~~~~~~~~~^^^^^^^^^^^^^^^^^^
  File "C:\Users\suryanarayanan\AppData\Local\Programs\Python\Python313\Lib\importlib\__init__.py", line 88, in import_module
    return _bootstrap._gcd_import(name[level:], package, level)
           ~~~~~~~~~~~~~~~~~~~~~~^^^^^^^^^^^^^^^^^^^^^^^^^^^^^^
  File "<frozen importlib._bootstrap>", line 1395, in _gcd_import
  File "<frozen importlib._bootstrap>", line 1360, in _find_and_load
  File "<frozen importlib._bootstrap>", line 1331, in _find_and_load_unlocked
  File "<frozen importlib._bootstrap>", line 935, in _load_unlocked
  File "<frozen importlib._bootstrap_external>", line 1023, in exec_module
  File "<frozen importlib._bootstrap>", line 488, in _call_with_frames_removed
  File "C:\Projects\customer-support-rag\.venv\Lib\site-packages\transformers\models\vitmatte\image_processing_vitmatte.py", line 19, in <module>
    from torchvision.transforms.v2 import functional as tvF
ModuleNotFoundError: No module named 'torchvision'
2026-08-26 22:39:05.132 Examining the path of transformers.models.vitpose.image_processing_vitpose_fast raised:
Traceback (most recent call last):
  File "C:\Projects\customer-support-rag\.venv\Lib\site-packages\streamlit\watcher\local_sources_watcher.py", line 340, in get_module_paths
    potential_paths = extract_paths(module)
  File "C:\Projects\customer-support-rag\.venv\Lib\site-packages\streamlit\watcher\local_sources_watcher.py", line 327, in <lambda>
    if hasattr(m, "__path__")
       ~~~~~~~^^^^^^^^^^^^^^^
  File "C:\Projects\customer-support-rag\.venv\Lib\site-packages\transformers\__init__.py", line 865, in _getattr
    return getattr(importlib.import_module(target, __name__), name)
                   ~~~~~~~~~~~~~~~~~~~~~~~^^^^^^^^^^^^^^^^^^
  File "C:\Users\suryanarayanan\AppData\Local\Programs\Python\Python313\Lib\importlib\__init__.py", line 88, in import_module
    return _bootstrap._gcd_import(name[level:], package, level)
           ~~~~~~~~~~~~~~~~~~~~~~^^^^^^^^^^^^^^^^^^^^^^^^^^^^^^
  File "<frozen importlib._bootstrap>", line 1395, in _gcd_import
  File "<frozen importlib._bootstrap>", line 1360, in _find_and_load
  File "<frozen importlib._bootstrap>", line 1331, in _find_and_load_unlocked
  File "<frozen importlib._bootstrap>", line 935, in _load_unlocked
  File "<frozen importlib._bootstrap_external>", line 1023, in exec_module
  File "<frozen importlib._bootstrap>", line 488, in _call_with_frames_removed
  File "C:\Projects\customer-support-rag\.venv\Lib\site-packages\transformers\models\vitpose\image_processing_vitpose.py", line 22, in <module>
    from torchvision.transforms.v2 import functional as tvF
ModuleNotFoundError: No module named 'torchvision'
2026-08-26 22:39:05.157 Examining the path of transformers.models.yolos.image_processing_yolos_fast raised:
Traceback (most recent call last):
  File "C:\Projects\customer-support-rag\.venv\Lib\site-packages\streamlit\watcher\local_sources_watcher.py", line 340, in get_module_paths
    potential_paths = extract_paths(module)
  File "C:\Projects\customer-support-rag\.venv\Lib\site-packages\streamlit\watcher\local_sources_watcher.py", line 327, in <lambda>
    if hasattr(m, "__path__")
       ~~~~~~~^^^^^^^^^^^^^^^
  File "C:\Projects\customer-support-rag\.venv\Lib\site-packages\transformers\__init__.py", line 865, in _getattr
    return getattr(importlib.import_module(target, __name__), name)
                   ~~~~~~~~~~~~~~~~~~~~~~~^^^^^^^^^^^^^^^^^^
  File "C:\Users\suryanarayanan\AppData\Local\Programs\Python\Python313\Lib\importlib\__init__.py", line 88, in import_module
    return _bootstrap._gcd_import(name[level:], package, level)
           ~~~~~~~~~~~~~~~~~~~~~~^^^^^^^^^^^^^^^^^^^^^^^^^^^^^^
  File "<frozen importlib._bootstrap>", line 1395, in _gcd_import
  File "<frozen importlib._bootstrap>", line 1360, in _find_and_load
  File "<frozen importlib._bootstrap>", line 1331, in _find_and_load_unlocked
  File "<frozen importlib._bootstrap>", line 935, in _load_unlocked
  File "<frozen importlib._bootstrap_external>", line 1023, in exec_module
  File "<frozen importlib._bootstrap>", line 488, in _call_with_frames_removed
  File "C:\Projects\customer-support-rag\.venv\Lib\site-packages\transformers\models\yolos\image_processing_yolos.py", line 12, in <module>
    from torchvision.io import read_image
ModuleNotFoundError: No module named 'torchvision'
2026-08-26 22:39:05.174 Examining the path of transformers.models.zoedepth.image_processing_zoedepth_fast raised:
Traceback (most recent call last):
  File "C:\Projects\customer-support-rag\.venv\Lib\site-packages\streamlit\watcher\local_sources_watcher.py", line 340, in get_module_paths
    potential_paths = extract_paths(module)
  File "C:\Projects\customer-support-rag\.venv\Lib\site-packages\streamlit\watcher\local_sources_watcher.py", line 327, in <lambda>
    if hasattr(m, "__path__")
       ~~~~~~~^^^^^^^^^^^^^^^
  File "C:\Projects\customer-support-rag\.venv\Lib\site-packages\transformers\__init__.py", line 865, in _getattr
    return getattr(importlib.import_module(target, __name__), name)
                   ~~~~~~~~~~~~~~~~~~~~~~~^^^^^^^^^^^^^^^^^^
  File "C:\Users\suryanarayanan\AppData\Local\Programs\Python\Python313\Lib\importlib\__init__.py", line 88, in import_module
    return _bootstrap._gcd_import(name[level:], package, level)
           ~~~~~~~~~~~~~~~~~~~~~~^^^^^^^^^^^^^^^^^^^^^^^^^^^^^^
  File "<frozen importlib._bootstrap>", line 1395, in _gcd_import
  File "<frozen importlib._bootstrap>", line 1360, in _find_and_load
  File "<frozen importlib._bootstrap>", line 1331, in _find_and_load_unlocked
  File "<frozen importlib._bootstrap>", line 935, in _load_unlocked
  File "<frozen importlib._bootstrap_external>", line 1023, in exec_module
  File "<frozen importlib._bootstrap>", line 488, in _call_with_frames_removed
  File "C:\Projects\customer-support-rag\.venv\Lib\site-packages\transformers\models\zoedepth\image_processing_zoedepth.py", line 43, in <module>
    from torchvision.transforms.v2 import functional as tvF
ModuleNotFoundError: No module named 'torchvision'
2026-08-26 22:39:54.198 Examining the path of transformers.models.aria.image_processing_aria_fast raised:
Traceback (most recent call last):
  File "C:\Projects\customer-support-rag\.venv\Lib\site-packages\streamlit\watcher\local_sources_watcher.py", line 340, in get_module_paths
    potential_paths = extract_paths(module)
  File "C:\Projects\customer-support-rag\.venv\Lib\site-packages\streamlit\watcher\local_sources_watcher.py", line 327, in <lambda>
    if hasattr(m, "__path__")
       ~~~~~~~^^^^^^^^^^^^^^^
  File "C:\Projects\customer-support-rag\.venv\Lib\site-packages\transformers\__init__.py", line 865, in _getattr
    return getattr(importlib.import_module(target, __name__), name)
                   ~~~~~~~~~~~~~~~~~~~~~~~^^^^^^^^^^^^^^^^^^
  File "C:\Users\suryanarayanan\AppData\Local\Programs\Python\Python313\Lib\importlib\__init__.py", line 88, in import_module
    return _bootstrap._gcd_import(name[level:], package, level)
           ~~~~~~~~~~~~~~~~~~~~~~^^^^^^^^^^^^^^^^^^^^^^^^^^^^^^
  File "<frozen importlib._bootstrap>", line 1395, in _gcd_import
  File "<frozen importlib._bootstrap>", line 1360, in _find_and_load
  File "<frozen importlib._bootstrap>", line 1331, in _find_and_load_unlocked
  File "<frozen importlib._bootstrap>", line 935, in _load_unlocked
  File "<frozen importlib._bootstrap_external>", line 1023, in exec_module
  File "<frozen importlib._bootstrap>", line 488, in _call_with_frames_removed
  File "C:\Projects\customer-support-rag\.venv\Lib\site-packages\transformers\models\aria\image_processing_aria.py", line 23, in <module>
    from torchvision.transforms.v2 import functional as tvF
ModuleNotFoundError: No module named 'torchvision'
2026-08-26 22:39:54.201 Examining the path of transformers.models.beit.image_processing_beit_fast raised:
Traceback (most recent call last):
  File "C:\Projects\customer-support-rag\.venv\Lib\site-packages\streamlit\watcher\local_sources_watcher.py", line 340, in get_module_paths
    potential_paths = extract_paths(module)
  File "C:\Projects\customer-support-rag\.venv\Lib\site-packages\streamlit\watcher\local_sources_watcher.py", line 327, in <lambda>
    if hasattr(m, "__path__")
       ~~~~~~~^^^^^^^^^^^^^^^
  File "C:\Projects\customer-support-rag\.venv\Lib\site-packages\transformers\__init__.py", line 865, in _getattr
    return getattr(importlib.import_module(target, __name__), name)
                   ~~~~~~~~~~~~~~~~~~~~~~~^^^^^^^^^^^^^^^^^^
  File "C:\Users\suryanarayanan\AppData\Local\Programs\Python\Python313\Lib\importlib\__init__.py", line 88, in import_module
    return _bootstrap._gcd_import(name[level:], package, level)
           ~~~~~~~~~~~~~~~~~~~~~~^^^^^^^^^^^^^^^^^^^^^^^^^^^^^^
  File "<frozen importlib._bootstrap>", line 1395, in _gcd_import
  File "<frozen importlib._bootstrap>", line 1360, in _find_and_load
  File "<frozen importlib._bootstrap>", line 1331, in _find_and_load_unlocked
  File "<frozen importlib._bootstrap>", line 935, in _load_unlocked
  File "<frozen importlib._bootstrap_external>", line 1023, in exec_module
  File "<frozen importlib._bootstrap>", line 488, in _call_with_frames_removed
  File "C:\Projects\customer-support-rag\.venv\Lib\site-packages\transformers\models\beit\image_processing_beit.py", line 20, in <module>
    from torchvision.transforms.v2 import functional as tvF
ModuleNotFoundError: No module named 'torchvision'
2026-08-26 22:39:54.204 Examining the path of transformers.models.bridgetower.image_processing_bridgetower_fast raised:
Traceback (most recent call last):
  File "C:\Projects\customer-support-rag\.venv\Lib\site-packages\streamlit\watcher\local_sources_watcher.py", line 340, in get_module_paths
    potential_paths = extract_paths(module)
  File "C:\Projects\customer-support-rag\.venv\Lib\site-packages\streamlit\watcher\local_sources_watcher.py", line 327, in <lambda>
    if hasattr(m, "__path__")
       ~~~~~~~^^^^^^^^^^^^^^^
  File "C:\Projects\customer-support-rag\.venv\Lib\site-packages\transformers\__init__.py", line 865, in _getattr
    return getattr(importlib.import_module(target, __name__), name)
                   ~~~~~~~~~~~~~~~~~~~~~~~^^^^^^^^^^^^^^^^^^
  File "C:\Users\suryanarayanan\AppData\Local\Programs\Python\Python313\Lib\importlib\__init__.py", line 88, in import_module
    return _bootstrap._gcd_import(name[level:], package, level)
           ~~~~~~~~~~~~~~~~~~~~~~^^^^^^^^^^^^^^^^^^^^^^^^^^^^^^
  File "<frozen importlib._bootstrap>", line 1395, in _gcd_import
  File "<frozen importlib._bootstrap>", line 1360, in _find_and_load
  File "<frozen importlib._bootstrap>", line 1331, in _find_and_load_unlocked
  File "<frozen importlib._bootstrap>", line 935, in _load_unlocked
  File "<frozen importlib._bootstrap_external>", line 1023, in exec_module
  File "<frozen importlib._bootstrap>", line 488, in _call_with_frames_removed
  File "C:\Projects\customer-support-rag\.venv\Lib\site-packages\transformers\models\bridgetower\image_processing_bridgetower.py", line 20, in <module>
    from torchvision.transforms.v2 import functional as tvF
ModuleNotFoundError: No module named 'torchvision'
2026-08-26 22:39:54.206 Examining the path of transformers.models.chmv2.image_processing_chmv2_fast raised:
Traceback (most recent call last):
  File "C:\Projects\customer-support-rag\.venv\Lib\site-packages\streamlit\watcher\local_sources_watcher.py", line 340, in get_module_paths
    potential_paths = extract_paths(module)
  File "C:\Projects\customer-support-rag\.venv\Lib\site-packages\streamlit\watcher\local_sources_watcher.py", line 327, in <lambda>
    if hasattr(m, "__path__")
       ~~~~~~~^^^^^^^^^^^^^^^
  File "C:\Projects\customer-support-rag\.venv\Lib\site-packages\transformers\__init__.py", line 865, in _getattr
    return getattr(importlib.import_module(target, __name__), name)
                   ~~~~~~~~~~~~~~~~~~~~~~~^^^^^^^^^^^^^^^^^^
  File "C:\Users\suryanarayanan\AppData\Local\Programs\Python\Python313\Lib\importlib\__init__.py", line 88, in import_module
    return _bootstrap._gcd_import(name[level:], package, level)
           ~~~~~~~~~~~~~~~~~~~~~~^^^^^^^^^^^^^^^^^^^^^^^^^^^^^^
  File "<frozen importlib._bootstrap>", line 1395, in _gcd_import
  File "<frozen importlib._bootstrap>", line 1360, in _find_and_load
  File "<frozen importlib._bootstrap>", line 1331, in _find_and_load_unlocked
  File "<frozen importlib._bootstrap>", line 935, in _load_unlocked
  File "<frozen importlib._bootstrap_external>", line 1023, in exec_module
  File "<frozen importlib._bootstrap>", line 488, in _call_with_frames_removed
  File "C:\Projects\customer-support-rag\.venv\Lib\site-packages\transformers\models\chmv2\image_processing_chmv2.py", line 27, in <module>
    from torchvision.transforms.v2 import functional as tvF
ModuleNotFoundError: No module named 'torchvision'
2026-08-26 22:39:54.209 Examining the path of transformers.models.cohere2_vision.image_processing_cohere2_vision_fast raised:
Traceback (most recent call last):
  File "C:\Projects\customer-support-rag\.venv\Lib\site-packages\streamlit\watcher\local_sources_watcher.py", line 340, in get_module_paths
    potential_paths = extract_paths(module)
  File "C:\Projects\customer-support-rag\.venv\Lib\site-packages\streamlit\watcher\local_sources_watcher.py", line 327, in <lambda>
    if hasattr(m, "__path__")
       ~~~~~~~^^^^^^^^^^^^^^^
  File "C:\Projects\customer-support-rag\.venv\Lib\site-packages\transformers\__init__.py", line 865, in _getattr
    return getattr(importlib.import_module(target, __name__), name)
                   ~~~~~~~~~~~~~~~~~~~~~~~^^^^^^^^^^^^^^^^^^
  File "C:\Users\suryanarayanan\AppData\Local\Programs\Python\Python313\Lib\importlib\__init__.py", line 88, in import_module
    return _bootstrap._gcd_import(name[level:], package, level)
           ~~~~~~~~~~~~~~~~~~~~~~^^^^^^^^^^^^^^^^^^^^^^^^^^^^^^
  File "<frozen importlib._bootstrap>", line 1395, in _gcd_import
  File "<frozen importlib._bootstrap>", line 1360, in _find_and_load
  File "<frozen importlib._bootstrap>", line 1331, in _find_and_load_unlocked
  File "<frozen importlib._bootstrap>", line 935, in _load_unlocked
  File "<frozen importlib._bootstrap_external>", line 1023, in exec_module
  File "<frozen importlib._bootstrap>", line 488, in _call_with_frames_removed
  File "C:\Projects\customer-support-rag\.venv\Lib\site-packages\transformers\models\cohere2_vision\image_processing_cohere2_vision.py", line 25, in <module>
    from torchvision.transforms.v2 import functional as tvF
ModuleNotFoundError: No module named 'torchvision'
2026-08-26 22:39:54.211 Examining the path of transformers.models.cohere_compass.image_processing_cohere_compass_fast raised:
Traceback (most recent call last):
  File "C:\Projects\customer-support-rag\.venv\Lib\site-packages\streamlit\watcher\local_sources_watcher.py", line 340, in get_module_paths
    potential_paths = extract_paths(module)
  File "C:\Projects\customer-support-rag\.venv\Lib\site-packages\streamlit\watcher\local_sources_watcher.py", line 327, in <lambda>
    if hasattr(m, "__path__")
       ~~~~~~~^^^^^^^^^^^^^^^
  File "C:\Projects\customer-support-rag\.venv\Lib\site-packages\transformers\__init__.py", line 865, in _getattr
    return getattr(importlib.import_module(target, __name__), name)
                   ~~~~~~~~~~~~~~~~~~~~~~~^^^^^^^^^^^^^^^^^^
  File "C:\Users\suryanarayanan\AppData\Local\Programs\Python\Python313\Lib\importlib\__init__.py", line 88, in import_module
    return _bootstrap._gcd_import(name[level:], package, level)
           ~~~~~~~~~~~~~~~~~~~~~~^^^^^^^^^^^^^^^^^^^^^^^^^^^^^^
  File "<frozen importlib._bootstrap>", line 1395, in _gcd_import
  File "<frozen importlib._bootstrap>", line 1360, in _find_and_load
  File "<frozen importlib._bootstrap>", line 1331, in _find_and_load_unlocked
  File "<frozen importlib._bootstrap>", line 935, in _load_unlocked
  File "<frozen importlib._bootstrap_external>", line 1023, in exec_module
  File "<frozen importlib._bootstrap>", line 488, in _call_with_frames_removed
  File "C:\Projects\customer-support-rag\.venv\Lib\site-packages\transformers\models\cohere_compass\image_processing_cohere_compass.py", line 25, in <module>
    from torchvision.transforms.v2 import functional as tvF
ModuleNotFoundError: No module named 'torchvision'
2026-08-26 22:39:54.214 Examining the path of transformers.models.conditional_detr.image_processing_conditional_detr_fast raised:
Traceback (most recent call last):
  File "C:\Projects\customer-support-rag\.venv\Lib\site-packages\streamlit\watcher\local_sources_watcher.py", line 340, in get_module_paths
    potential_paths = extract_paths(module)
  File "C:\Projects\customer-support-rag\.venv\Lib\site-packages\streamlit\watcher\local_sources_watcher.py", line 327, in <lambda>
    if hasattr(m, "__path__")
       ~~~~~~~^^^^^^^^^^^^^^^
  File "C:\Projects\customer-support-rag\.venv\Lib\site-packages\transformers\__init__.py", line 865, in _getattr
    return getattr(importlib.import_module(target, __name__), name)
                   ~~~~~~~~~~~~~~~~~~~~~~~^^^^^^^^^^^^^^^^^^
  File "C:\Users\suryanarayanan\AppData\Local\Programs\Python\Python313\Lib\importlib\__init__.py", line 88, in import_module
    return _bootstrap._gcd_import(name[level:], package, level)
           ~~~~~~~~~~~~~~~~~~~~~~^^^^^^^^^^^^^^^^^^^^^^^^^^^^^^
  File "<frozen importlib._bootstrap>", line 1395, in _gcd_import
  File "<frozen importlib._bootstrap>", line 1360, in _find_and_load
  File "<frozen importlib._bootstrap>", line 1331, in _find_and_load_unlocked
  File "<frozen importlib._bootstrap>", line 935, in _load_unlocked
  File "<frozen importlib._bootstrap_external>", line 1023, in exec_module
  File "<frozen importlib._bootstrap>", line 488, in _call_with_frames_removed
  File "C:\Projects\customer-support-rag\.venv\Lib\site-packages\transformers\models\conditional_detr\image_processing_conditional_detr.py", line 27, in <module>
    from torchvision.io import read_image
ModuleNotFoundError: No module named 'torchvision'
2026-08-26 22:39:54.216 Examining the path of transformers.models.convnext.image_processing_convnext_fast raised:
Traceback (most recent call last):
  File "C:\Projects\customer-support-rag\.venv\Lib\site-packages\streamlit\watcher\local_sources_watcher.py", line 340, in get_module_paths
    potential_paths = extract_paths(module)
  File "C:\Projects\customer-support-rag\.venv\Lib\site-packages\streamlit\watcher\local_sources_watcher.py", line 327, in <lambda>
    if hasattr(m, "__path__")
       ~~~~~~~^^^^^^^^^^^^^^^
  File "C:\Projects\customer-support-rag\.venv\Lib\site-packages\transformers\__init__.py", line 865, in _getattr
    return getattr(importlib.import_module(target, __name__), name)
                   ~~~~~~~~~~~~~~~~~~~~~~~^^^^^^^^^^^^^^^^^^
  File "C:\Users\suryanarayanan\AppData\Local\Programs\Python\Python313\Lib\importlib\__init__.py", line 88, in import_module
    return _bootstrap._gcd_import(name[level:], package, level)
           ~~~~~~~~~~~~~~~~~~~~~~^^^^^^^^^^^^^^^^^^^^^^^^^^^^^^
  File "<frozen importlib._bootstrap>", line 1395, in _gcd_import
  File "<frozen importlib._bootstrap>", line 1360, in _find_and_load
  File "<frozen importlib._bootstrap>", line 1331, in _find_and_load_unlocked
  File "<frozen importlib._bootstrap>", line 935, in _load_unlocked
  File "<frozen importlib._bootstrap_external>", line 1023, in exec_module
  File "<frozen importlib._bootstrap>", line 488, in _call_with_frames_removed
  File "C:\Projects\customer-support-rag\.venv\Lib\site-packages\transformers\models\convnext\image_processing_convnext.py", line 17, in <module>
    from torchvision.transforms.v2 import functional as tvF
ModuleNotFoundError: No module named 'torchvision'
2026-08-26 22:39:54.218 Examining the path of transformers.models.cosmos3_edge.image_processing_cosmos3_edge_fast raised:
Traceback (most recent call last):
  File "C:\Projects\customer-support-rag\.venv\Lib\site-packages\streamlit\watcher\local_sources_watcher.py", line 340, in get_module_paths
    potential_paths = extract_paths(module)
  File "C:\Projects\customer-support-rag\.venv\Lib\site-packages\streamlit\watcher\local_sources_watcher.py", line 327, in <lambda>
    if hasattr(m, "__path__")
       ~~~~~~~^^^^^^^^^^^^^^^
  File "C:\Projects\customer-support-rag\.venv\Lib\site-packages\transformers\__init__.py", line 865, in _getattr
    return getattr(importlib.import_module(target, __name__), name)
                   ~~~~~~~~~~~~~~~~~~~~~~~^^^^^^^^^^^^^^^^^^
  File "C:\Users\suryanarayanan\AppData\Local\Programs\Python\Python313\Lib\importlib\__init__.py", line 88, in import_module
    return _bootstrap._gcd_import(name[level:], package, level)
           ~~~~~~~~~~~~~~~~~~~~~~^^^^^^^^^^^^^^^^^^^^^^^^^^^^^^
  File "<frozen importlib._bootstrap>", line 1395, in _gcd_import
  File "<frozen importlib._bootstrap>", line 1360, in _find_and_load
  File "<frozen importlib._bootstrap>", line 1331, in _find_and_load_unlocked
  File "<frozen importlib._bootstrap>", line 935, in _load_unlocked
  File "<frozen importlib._bootstrap_external>", line 1023, in exec_module
  File "<frozen importlib._bootstrap>", line 488, in _call_with_frames_removed
  File "C:\Projects\customer-support-rag\.venv\Lib\site-packages\transformers\models\cosmos3_edge\image_processing_cosmos3_edge.py", line 23, in <module>
    from torchvision.transforms.v2 import functional as tvF
ModuleNotFoundError: No module named 'torchvision'
2026-08-26 22:39:54.221 Examining the path of transformers.models.deepseek_ocr2.image_processing_deepseek_ocr2_fast raised:
Traceback (most recent call last):
  File "C:\Projects\customer-support-rag\.venv\Lib\site-packages\streamlit\watcher\local_sources_watcher.py", line 340, in get_module_paths
    potential_paths = extract_paths(module)
  File "C:\Projects\customer-support-rag\.venv\Lib\site-packages\streamlit\watcher\local_sources_watcher.py", line 327, in <lambda>
    if hasattr(m, "__path__")
       ~~~~~~~^^^^^^^^^^^^^^^
  File "C:\Projects\customer-support-rag\.venv\Lib\site-packages\transformers\__init__.py", line 865, in _getattr
    return getattr(importlib.import_module(target, __name__), name)
                   ~~~~~~~~~~~~~~~~~~~~~~~^^^^^^^^^^^^^^^^^^
  File "C:\Users\suryanarayanan\AppData\Local\Programs\Python\Python313\Lib\importlib\__init__.py", line 88, in import_module
    return _bootstrap._gcd_import(name[level:], package, level)
           ~~~~~~~~~~~~~~~~~~~~~~^^^^^^^^^^^^^^^^^^^^^^^^^^^^^^
  File "<frozen importlib._bootstrap>", line 1395, in _gcd_import
  File "<frozen importlib._bootstrap>", line 1360, in _find_and_load
  File "<frozen importlib._bootstrap>", line 1331, in _find_and_load_unlocked
  File "<frozen importlib._bootstrap>", line 935, in _load_unlocked
  File "<frozen importlib._bootstrap_external>", line 1023, in exec_module
  File "<frozen importlib._bootstrap>", line 488, in _call_with_frames_removed
  File "C:\Projects\customer-support-rag\.venv\Lib\site-packages\transformers\models\deepseek_ocr2\image_processing_deepseek_ocr2.py", line 24, in <module>
    from torchvision.transforms.v2 import functional as tvF
ModuleNotFoundError: No module named 'torchvision'
2026-08-26 22:39:54.224 Examining the path of transformers.models.deepseek_vl.image_processing_deepseek_vl_fast raised:
Traceback (most recent call last):
  File "C:\Projects\customer-support-rag\.venv\Lib\site-packages\streamlit\watcher\local_sources_watcher.py", line 340, in get_module_paths
    potential_paths = extract_paths(module)
  File "C:\Projects\customer-support-rag\.venv\Lib\site-packages\streamlit\watcher\local_sources_watcher.py", line 327, in <lambda>
    if hasattr(m, "__path__")
       ~~~~~~~^^^^^^^^^^^^^^^
  File "C:\Projects\customer-support-rag\.venv\Lib\site-packages\transformers\__init__.py", line 865, in _getattr
    return getattr(importlib.import_module(target, __name__), name)
                   ~~~~~~~~~~~~~~~~~~~~~~~^^^^^^^^^^^^^^^^^^
  File "C:\Users\suryanarayanan\AppData\Local\Programs\Python\Python313\Lib\importlib\__init__.py", line 88, in import_module
    return _bootstrap._gcd_import(name[level:], package, level)
           ~~~~~~~~~~~~~~~~~~~~~~^^^^^^^^^^^^^^^^^^^^^^^^^^^^^^
  File "<frozen importlib._bootstrap>", line 1395, in _gcd_import
  File "<frozen importlib._bootstrap>", line 1360, in _find_and_load
  File "<frozen importlib._bootstrap>", line 1331, in _find_and_load_unlocked
  File "<frozen importlib._bootstrap>", line 935, in _load_unlocked
  File "<frozen importlib._bootstrap_external>", line 1023, in exec_module
  File "<frozen importlib._bootstrap>", line 488, in _call_with_frames_removed
  File "C:\Projects\customer-support-rag\.venv\Lib\site-packages\transformers\models\deepseek_vl\image_processing_deepseek_vl.py", line 23, in <module>
    import torchvision.transforms.v2.functional as tvF
ModuleNotFoundError: No module named 'torchvision'
2026-08-26 22:39:54.227 Examining the path of transformers.models.deepseek_vl_hybrid.image_processing_deepseek_vl_hybrid_fast raised:
Traceback (most recent call last):
  File "C:\Projects\customer-support-rag\.venv\Lib\site-packages\streamlit\watcher\local_sources_watcher.py", line 340, in get_module_paths
    potential_paths = extract_paths(module)
  File "C:\Projects\customer-support-rag\.venv\Lib\site-packages\streamlit\watcher\local_sources_watcher.py", line 327, in <lambda>
    if hasattr(m, "__path__")
       ~~~~~~~^^^^^^^^^^^^^^^
  File "C:\Projects\customer-support-rag\.venv\Lib\site-packages\transformers\__init__.py", line 865, in _getattr
    return getattr(importlib.import_module(target, __name__), name)
                   ~~~~~~~~~~~~~~~~~~~~~~~^^^^^^^^^^^^^^^^^^
  File "C:\Users\suryanarayanan\AppData\Local\Programs\Python\Python313\Lib\importlib\__init__.py", line 88, in import_module
    return _bootstrap._gcd_import(name[level:], package, level)
           ~~~~~~~~~~~~~~~~~~~~~~^^^^^^^^^^^^^^^^^^^^^^^^^^^^^^
  File "<frozen importlib._bootstrap>", line 1395, in _gcd_import
  File "<frozen importlib._bootstrap>", line 1360, in _find_and_load
  File "<frozen importlib._bootstrap>", line 1331, in _find_and_load_unlocked
  File "<frozen importlib._bootstrap>", line 935, in _load_unlocked
  File "<frozen importlib._bootstrap_external>", line 1023, in exec_module
  File "<frozen importlib._bootstrap>", line 488, in _call_with_frames_removed
  File "C:\Projects\customer-support-rag\.venv\Lib\site-packages\transformers\models\deepseek_vl_hybrid\image_processing_deepseek_vl_hybrid.py", line 25, in <module>
    import torchvision.transforms.v2.functional as tvF
ModuleNotFoundError: No module named 'torchvision'
2026-08-26 22:39:54.231 Examining the path of transformers.models.deformable_detr.image_processing_deformable_detr_fast raised:
Traceback (most recent call last):
  File "C:\Projects\customer-support-rag\.venv\Lib\site-packages\streamlit\watcher\local_sources_watcher.py", line 340, in get_module_paths
    potential_paths = extract_paths(module)
  File "C:\Projects\customer-support-rag\.venv\Lib\site-packages\streamlit\watcher\local_sources_watcher.py", line 327, in <lambda>
    if hasattr(m, "__path__")
       ~~~~~~~^^^^^^^^^^^^^^^
  File "C:\Projects\customer-support-rag\.venv\Lib\site-packages\transformers\__init__.py", line 865, in _getattr
    return getattr(importlib.import_module(target, __name__), name)
                   ~~~~~~~~~~~~~~~~~~~~~~~^^^^^^^^^^^^^^^^^^
  File "C:\Users\suryanarayanan\AppData\Local\Programs\Python\Python313\Lib\importlib\__init__.py", line 88, in import_module
    return _bootstrap._gcd_import(name[level:], package, level)
           ~~~~~~~~~~~~~~~~~~~~~~^^^^^^^^^^^^^^^^^^^^^^^^^^^^^^
  File "<frozen importlib._bootstrap>", line 1395, in _gcd_import
  File "<frozen importlib._bootstrap>", line 1360, in _find_and_load
  File "<frozen importlib._bootstrap>", line 1331, in _find_and_load_unlocked
  File "<frozen importlib._bootstrap>", line 935, in _load_unlocked
  File "<frozen importlib._bootstrap_external>", line 1023, in exec_module
  File "<frozen importlib._bootstrap>", line 488, in _call_with_frames_removed
  File "C:\Projects\customer-support-rag\.venv\Lib\site-packages\transformers\models\deformable_detr\image_processing_deformable_detr.py", line 25, in <module>
    from torchvision.io import read_image
ModuleNotFoundError: No module named 'torchvision'
2026-08-26 22:39:54.239 Examining the path of transformers.models.depth_pro.image_processing_depth_pro_fast raised:
Traceback (most recent call last):
  File "C:\Projects\customer-support-rag\.venv\Lib\site-packages\streamlit\watcher\local_sources_watcher.py", line 340, in get_module_paths
    potential_paths = extract_paths(module)
  File "C:\Projects\customer-support-rag\.venv\Lib\site-packages\streamlit\watcher\local_sources_watcher.py", line 327, in <lambda>
    if hasattr(m, "__path__")
       ~~~~~~~^^^^^^^^^^^^^^^
  File "C:\Projects\customer-support-rag\.venv\Lib\site-packages\transformers\__init__.py", line 865, in _getattr
    return getattr(importlib.import_module(target, __name__), name)
                   ~~~~~~~~~~~~~~~~~~~~~~~^^^^^^^^^^^^^^^^^^
  File "C:\Users\suryanarayanan\AppData\Local\Programs\Python\Python313\Lib\importlib\__init__.py", line 88, in import_module
    return _bootstrap._gcd_import(name[level:], package, level)
           ~~~~~~~~~~~~~~~~~~~~~~^^^^^^^^^^^^^^^^^^^^^^^^^^^^^^
  File "<frozen importlib._bootstrap>", line 1395, in _gcd_import
  File "<frozen importlib._bootstrap>", line 1360, in _find_and_load
  File "<frozen importlib._bootstrap>", line 1331, in _find_and_load_unlocked
  File "<frozen importlib._bootstrap>", line 935, in _load_unlocked
  File "<frozen importlib._bootstrap_external>", line 1023, in exec_module
  File "<frozen importlib._bootstrap>", line 488, in _call_with_frames_removed
  File "C:\Projects\customer-support-rag\.venv\Lib\site-packages\transformers\models\depth_pro\image_processing_depth_pro.py", line 19, in <module>
    from torchvision.transforms.v2 import functional as tvF
ModuleNotFoundError: No module named 'torchvision'
2026-08-26 22:39:54.245 Examining the path of transformers.models.detr.image_processing_detr_fast raised:
Traceback (most recent call last):
  File "C:\Projects\customer-support-rag\.venv\Lib\site-packages\streamlit\watcher\local_sources_watcher.py", line 340, in get_module_paths
    potential_paths = extract_paths(module)
  File "C:\Projects\customer-support-rag\.venv\Lib\site-packages\streamlit\watcher\local_sources_watcher.py", line 327, in <lambda>
    if hasattr(m, "__path__")
       ~~~~~~~^^^^^^^^^^^^^^^
  File "C:\Projects\customer-support-rag\.venv\Lib\site-packages\transformers\__init__.py", line 865, in _getattr
    return getattr(importlib.import_module(target, __name__), name)
                   ~~~~~~~~~~~~~~~~~~~~~~~^^^^^^^^^^^^^^^^^^
  File "C:\Users\suryanarayanan\AppData\Local\Programs\Python\Python313\Lib\importlib\__init__.py", line 88, in import_module
    return _bootstrap._gcd_import(name[level:], package, level)
           ~~~~~~~~~~~~~~~~~~~~~~^^^^^^^^^^^^^^^^^^^^^^^^^^^^^^
  File "<frozen importlib._bootstrap>", line 1395, in _gcd_import
  File "<frozen importlib._bootstrap>", line 1360, in _find_and_load
  File "<frozen importlib._bootstrap>", line 1331, in _find_and_load_unlocked
  File "<frozen importlib._bootstrap>", line 935, in _load_unlocked
  File "<frozen importlib._bootstrap_external>", line 1023, in exec_module
  File "<frozen importlib._bootstrap>", line 488, in _call_with_frames_removed
  File "C:\Projects\customer-support-rag\.venv\Lib\site-packages\transformers\models\detr\image_processing_detr.py", line 22, in <module>
    from torchvision.io import read_image
ModuleNotFoundError: No module named 'torchvision'
2026-08-26 22:39:54.247 Examining the path of transformers.models.dinov3_vit.image_processing_dinov3_vit_fast raised:
Traceback (most recent call last):
  File "C:\Projects\customer-support-rag\.venv\Lib\site-packages\streamlit\watcher\local_sources_watcher.py", line 340, in get_module_paths
    potential_paths = extract_paths(module)
  File "C:\Projects\customer-support-rag\.venv\Lib\site-packages\streamlit\watcher\local_sources_watcher.py", line 327, in <lambda>
    if hasattr(m, "__path__")
       ~~~~~~~^^^^^^^^^^^^^^^
  File "C:\Projects\customer-support-rag\.venv\Lib\site-packages\transformers\__init__.py", line 865, in _getattr
    return getattr(importlib.import_module(target, __name__), name)
                   ~~~~~~~~~~~~~~~~~~~~~~~^^^^^^^^^^^^^^^^^^
  File "C:\Users\suryanarayanan\AppData\Local\Programs\Python\Python313\Lib\importlib\__init__.py", line 88, in import_module
    return _bootstrap._gcd_import(name[level:], package, level)
           ~~~~~~~~~~~~~~~~~~~~~~^^^^^^^^^^^^^^^^^^^^^^^^^^^^^^
  File "<frozen importlib._bootstrap>", line 1395, in _gcd_import
  File "<frozen importlib._bootstrap>", line 1360, in _find_and_load
  File "<frozen importlib._bootstrap>", line 1331, in _find_and_load_unlocked
  File "<frozen importlib._bootstrap>", line 935, in _load_unlocked
  File "<frozen importlib._bootstrap_external>", line 1023, in exec_module
  File "<frozen importlib._bootstrap>", line 488, in _call_with_frames_removed
  File "C:\Projects\customer-support-rag\.venv\Lib\site-packages\transformers\models\dinov3_vit\image_processing_dinov3_vit.py", line 17, in <module>
    from torchvision.transforms.v2 import functional as tvF
ModuleNotFoundError: No module named 'torchvision'
2026-08-26 22:39:54.250 Examining the path of transformers.models.donut.image_processing_donut_fast raised:
Traceback (most recent call last):
  File "C:\Projects\customer-support-rag\.venv\Lib\site-packages\streamlit\watcher\local_sources_watcher.py", line 340, in get_module_paths
    potential_paths = extract_paths(module)
  File "C:\Projects\customer-support-rag\.venv\Lib\site-packages\streamlit\watcher\local_sources_watcher.py", line 327, in <lambda>
    if hasattr(m, "__path__")
       ~~~~~~~^^^^^^^^^^^^^^^
  File "C:\Projects\customer-support-rag\.venv\Lib\site-packages\transformers\__init__.py", line 865, in _getattr
    return getattr(importlib.import_module(target, __name__), name)
                   ~~~~~~~~~~~~~~~~~~~~~~~^^^^^^^^^^^^^^^^^^
  File "C:\Users\suryanarayanan\AppData\Local\Programs\Python\Python313\Lib\importlib\__init__.py", line 88, in import_module
    return _bootstrap._gcd_import(name[level:], package, level)
           ~~~~~~~~~~~~~~~~~~~~~~^^^^^^^^^^^^^^^^^^^^^^^^^^^^^^
  File "<frozen importlib._bootstrap>", line 1395, in _gcd_import
  File "<frozen importlib._bootstrap>", line 1360, in _find_and_load
  File "<frozen importlib._bootstrap>", line 1331, in _find_and_load_unlocked
  File "<frozen importlib._bootstrap>", line 935, in _load_unlocked
  File "<frozen importlib._bootstrap_external>", line 1023, in exec_module
  File "<frozen importlib._bootstrap>", line 488, in _call_with_frames_removed
  File "C:\Projects\customer-support-rag\.venv\Lib\site-packages\transformers\models\donut\image_processing_donut.py", line 17, in <module>
    from torchvision.transforms.v2 import functional as tvF
ModuleNotFoundError: No module named 'torchvision'
2026-08-26 22:39:54.253 Examining the path of transformers.models.dpt.image_processing_dpt_fast raised:
Traceback (most recent call last):
  File "C:\Projects\customer-support-rag\.venv\Lib\site-packages\streamlit\watcher\local_sources_watcher.py", line 340, in get_module_paths
    potential_paths = extract_paths(module)
  File "C:\Projects\customer-support-rag\.venv\Lib\site-packages\streamlit\watcher\local_sources_watcher.py", line 327, in <lambda>
    if hasattr(m, "__path__")
       ~~~~~~~^^^^^^^^^^^^^^^
  File "C:\Projects\customer-support-rag\.venv\Lib\site-packages\transformers\__init__.py", line 865, in _getattr
    return getattr(importlib.import_module(target, __name__), name)
                   ~~~~~~~~~~~~~~~~~~~~~~~^^^^^^^^^^^^^^^^^^
  File "C:\Users\suryanarayanan\AppData\Local\Programs\Python\Python313\Lib\importlib\__init__.py", line 88, in import_module
    return _bootstrap._gcd_import(name[level:], package, level)
           ~~~~~~~~~~~~~~~~~~~~~~^^^^^^^^^^^^^^^^^^^^^^^^^^^^^^
  File "<frozen importlib._bootstrap>", line 1395, in _gcd_import
  File "<frozen importlib._bootstrap>", line 1360, in _find_and_load
  File "<frozen importlib._bootstrap>", line 1331, in _find_and_load_unlocked
  File "<frozen importlib._bootstrap>", line 935, in _load_unlocked
  File "<frozen importlib._bootstrap_external>", line 1023, in exec_module
  File "<frozen importlib._bootstrap>", line 488, in _call_with_frames_removed
  File "C:\Projects\customer-support-rag\.venv\Lib\site-packages\transformers\models\dpt\image_processing_dpt.py", line 28, in <module>
    from torchvision.transforms.v2 import functional as tvF
ModuleNotFoundError: No module named 'torchvision'
2026-08-26 22:39:54.258 Examining the path of transformers.models.efficientloftr.image_processing_efficientloftr_fast raised:
Traceback (most recent call last):
  File "C:\Projects\customer-support-rag\.venv\Lib\site-packages\streamlit\watcher\local_sources_watcher.py", line 340, in get_module_paths
    potential_paths = extract_paths(module)
  File "C:\Projects\customer-support-rag\.venv\Lib\site-packages\streamlit\watcher\local_sources_watcher.py", line 327, in <lambda>
    if hasattr(m, "__path__")
       ~~~~~~~^^^^^^^^^^^^^^^
  File "C:\Projects\customer-support-rag\.venv\Lib\site-packages\transformers\__init__.py", line 865, in _getattr
    return getattr(importlib.import_module(target, __name__), name)
                   ~~~~~~~~~~~~~~~~~~~~~~~^^^^^^^^^^^^^^^^^^
  File "C:\Users\suryanarayanan\AppData\Local\Programs\Python\Python313\Lib\importlib\__init__.py", line 88, in import_module
    return _bootstrap._gcd_import(name[level:], package, level)
           ~~~~~~~~~~~~~~~~~~~~~~^^^^^^^^^^^^^^^^^^^^^^^^^^^^^^
  File "<frozen importlib._bootstrap>", line 1395, in _gcd_import
  File "<frozen importlib._bootstrap>", line 1360, in _find_and_load
  File "<frozen importlib._bootstrap>", line 1331, in _find_and_load_unlocked
  File "<frozen importlib._bootstrap>", line 935, in _load_unlocked
  File "<frozen importlib._bootstrap_external>", line 1023, in exec_module
  File "<frozen importlib._bootstrap>", line 488, in _call_with_frames_removed
  File "C:\Projects\customer-support-rag\.venv\Lib\site-packages\transformers\models\efficientloftr\image_processing_efficientloftr.py", line 10, in <module>
    from torchvision.transforms.v2 import functional as tvF
ModuleNotFoundError: No module named 'torchvision'
2026-08-26 22:39:54.262 Examining the path of transformers.models.efficientnet.image_processing_efficientnet_fast raised:
Traceback (most recent call last):
  File "C:\Projects\customer-support-rag\.venv\Lib\site-packages\streamlit\watcher\local_sources_watcher.py", line 340, in get_module_paths
    potential_paths = extract_paths(module)
  File "C:\Projects\customer-support-rag\.venv\Lib\site-packages\streamlit\watcher\local_sources_watcher.py", line 327, in <lambda>
    if hasattr(m, "__path__")
       ~~~~~~~^^^^^^^^^^^^^^^
  File "C:\Projects\customer-support-rag\.venv\Lib\site-packages\transformers\__init__.py", line 865, in _getattr
    return getattr(importlib.import_module(target, __name__), name)
                   ~~~~~~~~~~~~~~~~~~~~~~~^^^^^^^^^^^^^^^^^^
  File "C:\Users\suryanarayanan\AppData\Local\Programs\Python\Python313\Lib\importlib\__init__.py", line 88, in import_module
    return _bootstrap._gcd_import(name[level:], package, level)
           ~~~~~~~~~~~~~~~~~~~~~~^^^^^^^^^^^^^^^^^^^^^^^^^^^^^^
  File "<frozen importlib._bootstrap>", line 1395, in _gcd_import
  File "<frozen importlib._bootstrap>", line 1360, in _find_and_load
  File "<frozen importlib._bootstrap>", line 1331, in _find_and_load_unlocked
  File "<frozen importlib._bootstrap>", line 935, in _load_unlocked
  File "<frozen importlib._bootstrap_external>", line 1023, in exec_module
  File "<frozen importlib._bootstrap>", line 488, in _call_with_frames_removed
  File "C:\Projects\customer-support-rag\.venv\Lib\site-packages\transformers\models\efficientnet\image_processing_efficientnet.py", line 20, in <module>
    from torchvision.transforms.v2 import functional as tvF
ModuleNotFoundError: No module named 'torchvision'
2026-08-26 22:39:54.266 Examining the path of transformers.models.eomt.image_processing_eomt_fast raised:
Traceback (most recent call last):
  File "C:\Projects\customer-support-rag\.venv\Lib\site-packages\streamlit\watcher\local_sources_watcher.py", line 340, in get_module_paths
    potential_paths = extract_paths(module)
  File "C:\Projects\customer-support-rag\.venv\Lib\site-packages\streamlit\watcher\local_sources_watcher.py", line 327, in <lambda>
    if hasattr(m, "__path__")
       ~~~~~~~^^^^^^^^^^^^^^^
  File "C:\Projects\customer-support-rag\.venv\Lib\site-packages\transformers\__init__.py", line 865, in _getattr
    return getattr(importlib.import_module(target, __name__), name)
                   ~~~~~~~~~~~~~~~~~~~~~~~^^^^^^^^^^^^^^^^^^
  File "C:\Users\suryanarayanan\AppData\Local\Programs\Python\Python313\Lib\importlib\__init__.py", line 88, in import_module
    return _bootstrap._gcd_import(name[level:], package, level)
           ~~~~~~~~~~~~~~~~~~~~~~^^^^^^^^^^^^^^^^^^^^^^^^^^^^^^
  File "<frozen importlib._bootstrap>", line 1395, in _gcd_import
  File "<frozen importlib._bootstrap>", line 1360, in _find_and_load
  File "<frozen importlib._bootstrap>", line 1331, in _find_and_load_unlocked
  File "<frozen importlib._bootstrap>", line 935, in _load_unlocked
  File "<frozen importlib._bootstrap_external>", line 1023, in exec_module
  File "<frozen importlib._bootstrap>", line 488, in _call_with_frames_removed
  File "C:\Projects\customer-support-rag\.venv\Lib\site-packages\transformers\models\eomt\image_processing_eomt.py", line 20, in <module>
    from torchvision.transforms.v2 import functional as tvF
ModuleNotFoundError: No module named 'torchvision'
2026-08-26 22:39:54.268 Examining the path of transformers.models.ernie4_5_vl_moe.image_processing_ernie4_5_vl_moe_fast raised:
Traceback (most recent call last):
  File "C:\Projects\customer-support-rag\.venv\Lib\site-packages\streamlit\watcher\local_sources_watcher.py", line 340, in get_module_paths
    potential_paths = extract_paths(module)
  File "C:\Projects\customer-support-rag\.venv\Lib\site-packages\streamlit\watcher\local_sources_watcher.py", line 327, in <lambda>
    if hasattr(m, "__path__")
       ~~~~~~~^^^^^^^^^^^^^^^
  File "C:\Projects\customer-support-rag\.venv\Lib\site-packages\transformers\__init__.py", line 865, in _getattr
    return getattr(importlib.import_module(target, __name__), name)
                   ~~~~~~~~~~~~~~~~~~~~~~~^^^^^^^^^^^^^^^^^^
  File "C:\Users\suryanarayanan\AppData\Local\Programs\Python\Python313\Lib\importlib\__init__.py", line 88, in import_module
    return _bootstrap._gcd_import(name[level:], package, level)
           ~~~~~~~~~~~~~~~~~~~~~~^^^^^^^^^^^^^^^^^^^^^^^^^^^^^^
  File "<frozen importlib._bootstrap>", line 1395, in _gcd_import
  File "<frozen importlib._bootstrap>", line 1360, in _find_and_load
  File "<frozen importlib._bootstrap>", line 1331, in _find_and_load_unlocked
  File "<frozen importlib._bootstrap>", line 935, in _load_unlocked
  File "<frozen importlib._bootstrap_external>", line 1023, in exec_module
  File "<frozen importlib._bootstrap>", line 488, in _call_with_frames_removed
  File "C:\Projects\customer-support-rag\.venv\Lib\site-packages\transformers\models\ernie4_5_vl_moe\image_processing_ernie4_5_vl_moe.py", line 24, in <module>
    from torchvision.transforms.v2 import functional as tvF
ModuleNotFoundError: No module named 'torchvision'
2026-08-26 22:39:54.271 Examining the path of transformers.models.flava.image_processing_flava_fast raised:
Traceback (most recent call last):
  File "C:\Projects\customer-support-rag\.venv\Lib\site-packages\streamlit\watcher\local_sources_watcher.py", line 340, in get_module_paths
    potential_paths = extract_paths(module)
  File "C:\Projects\customer-support-rag\.venv\Lib\site-packages\streamlit\watcher\local_sources_watcher.py", line 327, in <lambda>
    if hasattr(m, "__path__")
       ~~~~~~~^^^^^^^^^^^^^^^
  File "C:\Projects\customer-support-rag\.venv\Lib\site-packages\transformers\__init__.py", line 865, in _getattr
    return getattr(importlib.import_module(target, __name__), name)
                   ~~~~~~~~~~~~~~~~~~~~~~~^^^^^^^^^^^^^^^^^^
  File "C:\Users\suryanarayanan\AppData\Local\Programs\Python\Python313\Lib\importlib\__init__.py", line 88, in import_module
    return _bootstrap._gcd_import(name[level:], package, level)
           ~~~~~~~~~~~~~~~~~~~~~~^^^^^^^^^^^^^^^^^^^^^^^^^^^^^^
  File "<frozen importlib._bootstrap>", line 1395, in _gcd_import
  File "<frozen importlib._bootstrap>", line 1360, in _find_and_load
  File "<frozen importlib._bootstrap>", line 1331, in _find_and_load_unlocked
  File "<frozen importlib._bootstrap>", line 935, in _load_unlocked
  File "<frozen importlib._bootstrap_external>", line 1023, in exec_module
  File "<frozen importlib._bootstrap>", line 488, in _call_with_frames_removed
  File "C:\Projects\customer-support-rag\.venv\Lib\site-packages\transformers\models\flava\image_processing_flava.py", line 23, in <module>
    from torchvision.transforms.v2 import functional as tvF
ModuleNotFoundError: No module named 'torchvision'
2026-08-26 22:39:54.273 Examining the path of transformers.models.fuyu.image_processing_fuyu_fast raised:
Traceback (most recent call last):
  File "C:\Projects\customer-support-rag\.venv\Lib\site-packages\streamlit\watcher\local_sources_watcher.py", line 340, in get_module_paths
    potential_paths = extract_paths(module)
  File "C:\Projects\customer-support-rag\.venv\Lib\site-packages\streamlit\watcher\local_sources_watcher.py", line 327, in <lambda>
    if hasattr(m, "__path__")
       ~~~~~~~^^^^^^^^^^^^^^^
  File "C:\Projects\customer-support-rag\.venv\Lib\site-packages\transformers\__init__.py", line 865, in _getattr
    return getattr(importlib.import_module(target, __name__), name)
                   ~~~~~~~~~~~~~~~~~~~~~~~^^^^^^^^^^^^^^^^^^
  File "C:\Users\suryanarayanan\AppData\Local\Programs\Python\Python313\Lib\importlib\__init__.py", line 88, in import_module
    return _bootstrap._gcd_import(name[level:], package, level)
           ~~~~~~~~~~~~~~~~~~~~~~^^^^^^^^^^^^^^^^^^^^^^^^^^^^^^
  File "<frozen importlib._bootstrap>", line 1395, in _gcd_import
  File "<frozen importlib._bootstrap>", line 1360, in _find_and_load
  File "<frozen importlib._bootstrap>", line 1331, in _find_and_load_unlocked
  File "<frozen importlib._bootstrap>", line 935, in _load_unlocked
  File "<frozen importlib._bootstrap_external>", line 1023, in exec_module
  File "<frozen importlib._bootstrap>", line 488, in _call_with_frames_removed
  File "C:\Projects\customer-support-rag\.venv\Lib\site-packages\transformers\models\fuyu\image_processing_fuyu.py", line 19, in <module>
    from torchvision.transforms.v2 import functional as tvF
ModuleNotFoundError: No module named 'torchvision'
2026-08-26 22:39:54.275 Examining the path of transformers.models.gemma3.image_processing_gemma3_fast raised:
Traceback (most recent call last):
  File "C:\Projects\customer-support-rag\.venv\Lib\site-packages\streamlit\watcher\local_sources_watcher.py", line 340, in get_module_paths
    potential_paths = extract_paths(module)
  File "C:\Projects\customer-support-rag\.venv\Lib\site-packages\streamlit\watcher\local_sources_watcher.py", line 327, in <lambda>
    if hasattr(m, "__path__")
       ~~~~~~~^^^^^^^^^^^^^^^
  File "C:\Projects\customer-support-rag\.venv\Lib\site-packages\transformers\__init__.py", line 865, in _getattr
    return getattr(importlib.import_module(target, __name__), name)
                   ~~~~~~~~~~~~~~~~~~~~~~~^^^^^^^^^^^^^^^^^^
  File "C:\Users\suryanarayanan\AppData\Local\Programs\Python\Python313\Lib\importlib\__init__.py", line 88, in import_module
    return _bootstrap._gcd_import(name[level:], package, level)
           ~~~~~~~~~~~~~~~~~~~~~~^^^^^^^^^^^^^^^^^^^^^^^^^^^^^^
  File "<frozen importlib._bootstrap>", line 1395, in _gcd_import
  File "<frozen importlib._bootstrap>", line 1360, in _find_and_load
  File "<frozen importlib._bootstrap>", line 1331, in _find_and_load_unlocked
  File "<frozen importlib._bootstrap>", line 935, in _load_unlocked
  File "<frozen importlib._bootstrap_external>", line 1023, in exec_module
  File "<frozen importlib._bootstrap>", line 488, in _call_with_frames_removed
  File "C:\Projects\customer-support-rag\.venv\Lib\site-packages\transformers\models\gemma3\image_processing_gemma3.py", line 20, in <module>
    from torchvision.transforms.v2 import functional as tvF
ModuleNotFoundError: No module named 'torchvision'
2026-08-26 22:39:54.277 Examining the path of transformers.models.gemma4.image_processing_gemma4_fast raised:
Traceback (most recent call last):
  File "C:\Projects\customer-support-rag\.venv\Lib\site-packages\streamlit\watcher\local_sources_watcher.py", line 340, in get_module_paths
    potential_paths = extract_paths(module)
  File "C:\Projects\customer-support-rag\.venv\Lib\site-packages\streamlit\watcher\local_sources_watcher.py", line 327, in <lambda>
    if hasattr(m, "__path__")
       ~~~~~~~^^^^^^^^^^^^^^^
  File "C:\Projects\customer-support-rag\.venv\Lib\site-packages\transformers\__init__.py", line 865, in _getattr
    return getattr(importlib.import_module(target, __name__), name)
                   ~~~~~~~~~~~~~~~~~~~~~~~^^^^^^^^^^^^^^^^^^
  File "C:\Users\suryanarayanan\AppData\Local\Programs\Python\Python313\Lib\importlib\__init__.py", line 88, in import_module
    return _bootstrap._gcd_import(name[level:], package, level)
           ~~~~~~~~~~~~~~~~~~~~~~^^^^^^^^^^^^^^^^^^^^^^^^^^^^^^
  File "<frozen importlib._bootstrap>", line 1395, in _gcd_import
  File "<frozen importlib._bootstrap>", line 1360, in _find_and_load
  File "<frozen importlib._bootstrap>", line 1331, in _find_and_load_unlocked
  File "<frozen importlib._bootstrap>", line 935, in _load_unlocked
  File "<frozen importlib._bootstrap_external>", line 1023, in exec_module
  File "<frozen importlib._bootstrap>", line 488, in _call_with_frames_removed
  File "C:\Projects\customer-support-rag\.venv\Lib\site-packages\transformers\models\gemma4\image_processing_gemma4.py", line 17, in <module>
    from torchvision.transforms.v2 import functional as tvF
ModuleNotFoundError: No module named 'torchvision'
2026-08-26 22:39:54.280 Examining the path of transformers.models.gemma4_unified.image_processing_gemma4_unified_fast raised:
Traceback (most recent call last):
  File "C:\Projects\customer-support-rag\.venv\Lib\site-packages\streamlit\watcher\local_sources_watcher.py", line 340, in get_module_paths
    potential_paths = extract_paths(module)
  File "C:\Projects\customer-support-rag\.venv\Lib\site-packages\streamlit\watcher\local_sources_watcher.py", line 327, in <lambda>
    if hasattr(m, "__path__")
       ~~~~~~~^^^^^^^^^^^^^^^
  File "C:\Projects\customer-support-rag\.venv\Lib\site-packages\transformers\__init__.py", line 865, in _getattr
    return getattr(importlib.import_module(target, __name__), name)
                   ~~~~~~~~~~~~~~~~~~~~~~~^^^^^^^^^^^^^^^^^^
  File "C:\Users\suryanarayanan\AppData\Local\Programs\Python\Python313\Lib\importlib\__init__.py", line 88, in import_module
    return _bootstrap._gcd_import(name[level:], package, level)
           ~~~~~~~~~~~~~~~~~~~~~~^^^^^^^^^^^^^^^^^^^^^^^^^^^^^^
  File "<frozen importlib._bootstrap>", line 1395, in _gcd_import
  File "<frozen importlib._bootstrap>", line 1360, in _find_and_load
  File "<frozen importlib._bootstrap>", line 1331, in _find_and_load_unlocked
  File "<frozen importlib._bootstrap>", line 935, in _load_unlocked
  File "<frozen importlib._bootstrap_external>", line 1023, in exec_module
  File "<frozen importlib._bootstrap>", line 488, in _call_with_frames_removed
  File "C:\Projects\customer-support-rag\.venv\Lib\site-packages\transformers\models\gemma4_unified\image_processing_gemma4_unified.py", line 23, in <module>
    from torchvision.transforms.v2 import functional as tvF
ModuleNotFoundError: No module named 'torchvision'
2026-08-26 22:39:54.283 Examining the path of transformers.models.glm46v.image_processing_glm46v_fast raised:
Traceback (most recent call last):
  File "C:\Projects\customer-support-rag\.venv\Lib\site-packages\streamlit\watcher\local_sources_watcher.py", line 340, in get_module_paths
    potential_paths = extract_paths(module)
  File "C:\Projects\customer-support-rag\.venv\Lib\site-packages\streamlit\watcher\local_sources_watcher.py", line 327, in <lambda>
    if hasattr(m, "__path__")
       ~~~~~~~^^^^^^^^^^^^^^^
  File "C:\Projects\customer-support-rag\.venv\Lib\site-packages\transformers\__init__.py", line 865, in _getattr
    return getattr(importlib.import_module(target, __name__), name)
                   ~~~~~~~~~~~~~~~~~~~~~~~^^^^^^^^^^^^^^^^^^
  File "C:\Users\suryanarayanan\AppData\Local\Programs\Python\Python313\Lib\importlib\__init__.py", line 88, in import_module
    return _bootstrap._gcd_import(name[level:], package, level)
           ~~~~~~~~~~~~~~~~~~~~~~^^^^^^^^^^^^^^^^^^^^^^^^^^^^^^
  File "<frozen importlib._bootstrap>", line 1395, in _gcd_import
  File "<frozen importlib._bootstrap>", line 1360, in _find_and_load
  File "<frozen importlib._bootstrap>", line 1331, in _find_and_load_unlocked
  File "<frozen importlib._bootstrap>", line 935, in _load_unlocked
  File "<frozen importlib._bootstrap_external>", line 1023, in exec_module
  File "<frozen importlib._bootstrap>", line 488, in _call_with_frames_removed
  File "C:\Projects\customer-support-rag\.venv\Lib\site-packages\transformers\models\glm46v\image_processing_glm46v.py", line 25, in <module>
    from torchvision.transforms.v2 import functional as tvF
ModuleNotFoundError: No module named 'torchvision'
2026-08-26 22:39:54.286 Examining the path of transformers.models.glm4v.image_processing_glm4v_fast raised:
Traceback (most recent call last):
  File "C:\Projects\customer-support-rag\.venv\Lib\site-packages\streamlit\watcher\local_sources_watcher.py", line 340, in get_module_paths
    potential_paths = extract_paths(module)
  File "C:\Projects\customer-support-rag\.venv\Lib\site-packages\streamlit\watcher\local_sources_watcher.py", line 327, in <lambda>
    if hasattr(m, "__path__")
       ~~~~~~~^^^^^^^^^^^^^^^
  File "C:\Projects\customer-support-rag\.venv\Lib\site-packages\transformers\__init__.py", line 865, in _getattr
    return getattr(importlib.import_module(target, __name__), name)
                   ~~~~~~~~~~~~~~~~~~~~~~~^^^^^^^^^^^^^^^^^^
  File "C:\Users\suryanarayanan\AppData\Local\Programs\Python\Python313\Lib\importlib\__init__.py", line 88, in import_module
    return _bootstrap._gcd_import(name[level:], package, level)
           ~~~~~~~~~~~~~~~~~~~~~~^^^^^^^^^^^^^^^^^^^^^^^^^^^^^^
  File "<frozen importlib._bootstrap>", line 1395, in _gcd_import
  File "<frozen importlib._bootstrap>", line 1360, in _find_and_load
  File "<frozen importlib._bootstrap>", line 1331, in _find_and_load_unlocked
  File "<frozen importlib._bootstrap>", line 935, in _load_unlocked
  File "<frozen importlib._bootstrap_external>", line 1023, in exec_module
  File "<frozen importlib._bootstrap>", line 488, in _call_with_frames_removed
  File "C:\Projects\customer-support-rag\.venv\Lib\site-packages\transformers\models\glm4v\image_processing_glm4v.py", line 19, in <module>
    from torchvision.transforms.v2 import functional as tvF
ModuleNotFoundError: No module named 'torchvision'
2026-08-26 22:39:54.288 Examining the path of transformers.models.glm5_next.image_processing_glm5_next_fast raised:
Traceback (most recent call last):
  File "C:\Projects\customer-support-rag\.venv\Lib\site-packages\streamlit\watcher\local_sources_watcher.py", line 340, in get_module_paths
    potential_paths = extract_paths(module)
  File "C:\Projects\customer-support-rag\.venv\Lib\site-packages\streamlit\watcher\local_sources_watcher.py", line 327, in <lambda>
    if hasattr(m, "__path__")
       ~~~~~~~^^^^^^^^^^^^^^^
  File "C:\Projects\customer-support-rag\.venv\Lib\site-packages\transformers\__init__.py", line 865, in _getattr
    return getattr(importlib.import_module(target, __name__), name)
                   ~~~~~~~~~~~~~~~~~~~~~~~^^^^^^^^^^^^^^^^^^
  File "C:\Users\suryanarayanan\AppData\Local\Programs\Python\Python313\Lib\importlib\__init__.py", line 88, in import_module
    return _bootstrap._gcd_import(name[level:], package, level)
           ~~~~~~~~~~~~~~~~~~~~~~^^^^^^^^^^^^^^^^^^^^^^^^^^^^^^
  File "<frozen importlib._bootstrap>", line 1395, in _gcd_import
  File "<frozen importlib._bootstrap>", line 1360, in _find_and_load
  File "<frozen importlib._bootstrap>", line 1331, in _find_and_load_unlocked
  File "<frozen importlib._bootstrap>", line 935, in _load_unlocked
  File "<frozen importlib._bootstrap_external>", line 1023, in exec_module
  File "<frozen importlib._bootstrap>", line 488, in _call_with_frames_removed
  File "C:\Projects\customer-support-rag\.venv\Lib\site-packages\transformers\models\glm5_next\image_processing_glm5_next.py", line 24, in <module>
    from torchvision.transforms.v2 import functional as tvF
ModuleNotFoundError: No module named 'torchvision'
2026-08-26 22:39:54.291 Examining the path of transformers.models.glm_image.image_processing_glm_image_fast raised:
Traceback (most recent call last):
  File "C:\Projects\customer-support-rag\.venv\Lib\site-packages\streamlit\watcher\local_sources_watcher.py", line 340, in get_module_paths
    potential_paths = extract_paths(module)
  File "C:\Projects\customer-support-rag\.venv\Lib\site-packages\streamlit\watcher\local_sources_watcher.py", line 327, in <lambda>
    if hasattr(m, "__path__")
       ~~~~~~~^^^^^^^^^^^^^^^
  File "C:\Projects\customer-support-rag\.venv\Lib\site-packages\transformers\__init__.py", line 865, in _getattr
    return getattr(importlib.import_module(target, __name__), name)
                   ~~~~~~~~~~~~~~~~~~~~~~~^^^^^^^^^^^^^^^^^^
  File "C:\Users\suryanarayanan\AppData\Local\Programs\Python\Python313\Lib\importlib\__init__.py", line 88, in import_module
    return _bootstrap._gcd_import(name[level:], package, level)
           ~~~~~~~~~~~~~~~~~~~~~~^^^^^^^^^^^^^^^^^^^^^^^^^^^^^^
  File "<frozen importlib._bootstrap>", line 1395, in _gcd_import
  File "<frozen importlib._bootstrap>", line 1360, in _find_and_load
  File "<frozen importlib._bootstrap>", line 1331, in _find_and_load_unlocked
  File "<frozen importlib._bootstrap>", line 935, in _load_unlocked
  File "<frozen importlib._bootstrap_external>", line 1023, in exec_module
  File "<frozen importlib._bootstrap>", line 488, in _call_with_frames_removed
  File "C:\Projects\customer-support-rag\.venv\Lib\site-packages\transformers\models\glm_image\image_processing_glm_image.py", line 25, in <module>
    from torchvision.transforms.v2 import functional as tvF
ModuleNotFoundError: No module named 'torchvision'
2026-08-26 22:39:54.293 Examining the path of transformers.models.glmga.image_processing_glmga_fast raised:
Traceback (most recent call last):
  File "C:\Projects\customer-support-rag\.venv\Lib\site-packages\streamlit\watcher\local_sources_watcher.py", line 340, in get_module_paths
    potential_paths = extract_paths(module)
  File "C:\Projects\customer-support-rag\.venv\Lib\site-packages\streamlit\watcher\local_sources_watcher.py", line 327, in <lambda>
    if hasattr(m, "__path__")
       ~~~~~~~^^^^^^^^^^^^^^^
  File "C:\Projects\customer-support-rag\.venv\Lib\site-packages\transformers\__init__.py", line 865, in _getattr
    return getattr(importlib.import_module(target, __name__), name)
                   ~~~~~~~~~~~~~~~~~~~~~~~^^^^^^^^^^^^^^^^^^
  File "C:\Users\suryanarayanan\AppData\Local\Programs\Python\Python313\Lib\importlib\__init__.py", line 88, in import_module
    return _bootstrap._gcd_import(name[level:], package, level)
           ~~~~~~~~~~~~~~~~~~~~~~^^^^^^^^^^^^^^^^^^^^^^^^^^^^^^
  File "<frozen importlib._bootstrap>", line 1395, in _gcd_import
  File "<frozen importlib._bootstrap>", line 1360, in _find_and_load
  File "<frozen importlib._bootstrap>", line 1331, in _find_and_load_unlocked
  File "<frozen importlib._bootstrap>", line 935, in _load_unlocked
  File "<frozen importlib._bootstrap_external>", line 1023, in exec_module
  File "<frozen importlib._bootstrap>", line 488, in _call_with_frames_removed
  File "C:\Projects\customer-support-rag\.venv\Lib\site-packages\transformers\models\glmga\image_processing_glmga.py", line 24, in <module>
    from torchvision.transforms.v2 import functional as tvF
ModuleNotFoundError: No module named 'torchvision'
2026-08-26 22:39:54.295 Examining the path of transformers.models.glpn.image_processing_glpn_fast raised:
Traceback (most recent call last):
  File "C:\Projects\customer-support-rag\.venv\Lib\site-packages\streamlit\watcher\local_sources_watcher.py", line 340, in get_module_paths
    potential_paths = extract_paths(module)
  File "C:\Projects\customer-support-rag\.venv\Lib\site-packages\streamlit\watcher\local_sources_watcher.py", line 327, in <lambda>
    if hasattr(m, "__path__")
       ~~~~~~~^^^^^^^^^^^^^^^
  File "C:\Projects\customer-support-rag\.venv\Lib\site-packages\transformers\__init__.py", line 865, in _getattr
    return getattr(importlib.import_module(target, __name__), name)
                   ~~~~~~~~~~~~~~~~~~~~~~~^^^^^^^^^^^^^^^^^^
  File "C:\Users\suryanarayanan\AppData\Local\Programs\Python\Python313\Lib\importlib\__init__.py", line 88, in import_module
    return _bootstrap._gcd_import(name[level:], package, level)
           ~~~~~~~~~~~~~~~~~~~~~~^^^^^^^^^^^^^^^^^^^^^^^^^^^^^^
  File "<frozen importlib._bootstrap>", line 1395, in _gcd_import
  File "<frozen importlib._bootstrap>", line 1360, in _find_and_load
  File "<frozen importlib._bootstrap>", line 1331, in _find_and_load_unlocked
  File "<frozen importlib._bootstrap>", line 935, in _load_unlocked
  File "<frozen importlib._bootstrap_external>", line 1023, in exec_module
  File "<frozen importlib._bootstrap>", line 488, in _call_with_frames_removed
  File "C:\Projects\customer-support-rag\.venv\Lib\site-packages\transformers\models\glpn\image_processing_glpn.py", line 34, in <module>
    from torchvision.transforms.v2 import functional as tvF
ModuleNotFoundError: No module named 'torchvision'
2026-08-26 22:39:54.297 Examining the path of transformers.models.got_ocr2.image_processing_got_ocr2_fast raised:
Traceback (most recent call last):
  File "C:\Projects\customer-support-rag\.venv\Lib\site-packages\streamlit\watcher\local_sources_watcher.py", line 340, in get_module_paths
    potential_paths = extract_paths(module)
  File "C:\Projects\customer-support-rag\.venv\Lib\site-packages\streamlit\watcher\local_sources_watcher.py", line 327, in <lambda>
    if hasattr(m, "__path__")
       ~~~~~~~^^^^^^^^^^^^^^^
  File "C:\Projects\customer-support-rag\.venv\Lib\site-packages\transformers\__init__.py", line 865, in _getattr
    return getattr(importlib.import_module(target, __name__), name)
                   ~~~~~~~~~~~~~~~~~~~~~~~^^^^^^^^^^^^^^^^^^
  File "C:\Users\suryanarayanan\AppData\Local\Programs\Python\Python313\Lib\importlib\__init__.py", line 88, in import_module
    return _bootstrap._gcd_import(name[level:], package, level)
           ~~~~~~~~~~~~~~~~~~~~~~^^^^^^^^^^^^^^^^^^^^^^^^^^^^^^
  File "<frozen importlib._bootstrap>", line 1395, in _gcd_import
  File "<frozen importlib._bootstrap>", line 1360, in _find_and_load
  File "<frozen importlib._bootstrap>", line 1331, in _find_and_load_unlocked
  File "<frozen importlib._bootstrap>", line 935, in _load_unlocked
  File "<frozen importlib._bootstrap_external>", line 1023, in exec_module
  File "<frozen importlib._bootstrap>", line 488, in _call_with_frames_removed
  File "C:\Projects\customer-support-rag\.venv\Lib\site-packages\transformers\models\got_ocr2\image_processing_got_ocr2.py", line 19, in <module>
    from torchvision.transforms.v2 import functional as tvF
ModuleNotFoundError: No module named 'torchvision'
2026-08-26 22:39:54.299 Examining the path of transformers.models.grounding_dino.image_processing_grounding_dino_fast raised:
Traceback (most recent call last):
  File "C:\Projects\customer-support-rag\.venv\Lib\site-packages\streamlit\watcher\local_sources_watcher.py", line 340, in get_module_paths
    potential_paths = extract_paths(module)
  File "C:\Projects\customer-support-rag\.venv\Lib\site-packages\streamlit\watcher\local_sources_watcher.py", line 327, in <lambda>
    if hasattr(m, "__path__")
       ~~~~~~~^^^^^^^^^^^^^^^
  File "C:\Projects\customer-support-rag\.venv\Lib\site-packages\transformers\__init__.py", line 865, in _getattr
    return getattr(importlib.import_module(target, __name__), name)
                   ~~~~~~~~~~~~~~~~~~~~~~~^^^^^^^^^^^^^^^^^^
  File "C:\Users\suryanarayanan\AppData\Local\Programs\Python\Python313\Lib\importlib\__init__.py", line 88, in import_module
    return _bootstrap._gcd_import(name[level:], package, level)
           ~~~~~~~~~~~~~~~~~~~~~~^^^^^^^^^^^^^^^^^^^^^^^^^^^^^^
  File "<frozen importlib._bootstrap>", line 1395, in _gcd_import
  File "<frozen importlib._bootstrap>", line 1360, in _find_and_load
  File "<frozen importlib._bootstrap>", line 1331, in _find_and_load_unlocked
  File "<frozen importlib._bootstrap>", line 935, in _load_unlocked
  File "<frozen importlib._bootstrap_external>", line 1023, in exec_module
  File "<frozen importlib._bootstrap>", line 488, in _call_with_frames_removed
  File "C:\Projects\customer-support-rag\.venv\Lib\site-packages\transformers\models\grounding_dino\image_processing_grounding_dino.py", line 30, in <module>
    from torchvision.io import read_image
ModuleNotFoundError: No module named 'torchvision'
2026-08-26 22:39:54.303 Examining the path of transformers.models.hunyuan_vl.image_processing_hunyuan_vl_fast raised:
Traceback (most recent call last):
  File "C:\Projects\customer-support-rag\.venv\Lib\site-packages\streamlit\watcher\local_sources_watcher.py", line 340, in get_module_paths
    potential_paths = extract_paths(module)
  File "C:\Projects\customer-support-rag\.venv\Lib\site-packages\streamlit\watcher\local_sources_watcher.py", line 327, in <lambda>
    if hasattr(m, "__path__")
       ~~~~~~~^^^^^^^^^^^^^^^
  File "C:\Projects\customer-support-rag\.venv\Lib\site-packages\transformers\__init__.py", line 865, in _getattr
    return getattr(importlib.import_module(target, __name__), name)
                   ~~~~~~~~~~~~~~~~~~~~~~~^^^^^^^^^^^^^^^^^^
  File "C:\Users\suryanarayanan\AppData\Local\Programs\Python\Python313\Lib\importlib\__init__.py", line 88, in import_module
    return _bootstrap._gcd_import(name[level:], package, level)
           ~~~~~~~~~~~~~~~~~~~~~~^^^^^^^^^^^^^^^^^^^^^^^^^^^^^^
  File "<frozen importlib._bootstrap>", line 1395, in _gcd_import
  File "<frozen importlib._bootstrap>", line 1360, in _find_and_load
  File "<frozen importlib._bootstrap>", line 1331, in _find_and_load_unlocked
  File "<frozen importlib._bootstrap>", line 935, in _load_unlocked
  File "<frozen importlib._bootstrap_external>", line 1023, in exec_module
  File "<frozen importlib._bootstrap>", line 488, in _call_with_frames_removed
  File "C:\Projects\customer-support-rag\.venv\Lib\site-packages\transformers\models\hunyuan_vl\image_processing_hunyuan_vl.py", line 25, in <module>
    from torchvision.transforms.v2 import functional as tvF
ModuleNotFoundError: No module named 'torchvision'
2026-08-26 22:39:54.305 Examining the path of transformers.models.idefics2.image_processing_idefics2_fast raised:
Traceback (most recent call last):
  File "C:\Projects\customer-support-rag\.venv\Lib\site-packages\streamlit\watcher\local_sources_watcher.py", line 340, in get_module_paths
    potential_paths = extract_paths(module)
  File "C:\Projects\customer-support-rag\.venv\Lib\site-packages\streamlit\watcher\local_sources_watcher.py", line 327, in <lambda>
    if hasattr(m, "__path__")
       ~~~~~~~^^^^^^^^^^^^^^^
  File "C:\Projects\customer-support-rag\.venv\Lib\site-packages\transformers\__init__.py", line 865, in _getattr
    return getattr(importlib.import_module(target, __name__), name)
                   ~~~~~~~~~~~~~~~~~~~~~~~^^^^^^^^^^^^^^^^^^
  File "C:\Users\suryanarayanan\AppData\Local\Programs\Python\Python313\Lib\importlib\__init__.py", line 88, in import_module
    return _bootstrap._gcd_import(name[level:], package, level)
           ~~~~~~~~~~~~~~~~~~~~~~^^^^^^^^^^^^^^^^^^^^^^^^^^^^^^
  File "<frozen importlib._bootstrap>", line 1395, in _gcd_import
  File "<frozen importlib._bootstrap>", line 1360, in _find_and_load
  File "<frozen importlib._bootstrap>", line 1331, in _find_and_load_unlocked
  File "<frozen importlib._bootstrap>", line 935, in _load_unlocked
  File "<frozen importlib._bootstrap_external>", line 1023, in exec_module
  File "<frozen importlib._bootstrap>", line 488, in _call_with_frames_removed
  File "C:\Projects\customer-support-rag\.venv\Lib\site-packages\transformers\models\idefics2\image_processing_idefics2.py", line 37, in <module>
    from torchvision.transforms.v2 import functional as tvF
ModuleNotFoundError: No module named 'torchvision'
2026-08-26 22:39:54.308 Examining the path of transformers.models.idefics3.image_processing_idefics3_fast raised:
Traceback (most recent call last):
  File "C:\Projects\customer-support-rag\.venv\Lib\site-packages\streamlit\watcher\local_sources_watcher.py", line 340, in get_module_paths
    potential_paths = extract_paths(module)
  File "C:\Projects\customer-support-rag\.venv\Lib\site-packages\streamlit\watcher\local_sources_watcher.py", line 327, in <lambda>
    if hasattr(m, "__path__")
       ~~~~~~~^^^^^^^^^^^^^^^
  File "C:\Projects\customer-support-rag\.venv\Lib\site-packages\transformers\__init__.py", line 865, in _getattr
    return getattr(importlib.import_module(target, __name__), name)
                   ~~~~~~~~~~~~~~~~~~~~~~~^^^^^^^^^^^^^^^^^^
  File "C:\Users\suryanarayanan\AppData\Local\Programs\Python\Python313\Lib\importlib\__init__.py", line 88, in import_module
    return _bootstrap._gcd_import(name[level:], package, level)
           ~~~~~~~~~~~~~~~~~~~~~~^^^^^^^^^^^^^^^^^^^^^^^^^^^^^^
  File "<frozen importlib._bootstrap>", line 1395, in _gcd_import
  File "<frozen importlib._bootstrap>", line 1360, in _find_and_load
  File "<frozen importlib._bootstrap>", line 1331, in _find_and_load_unlocked
  File "<frozen importlib._bootstrap>", line 935, in _load_unlocked
  File "<frozen importlib._bootstrap_external>", line 1023, in exec_module
  File "<frozen importlib._bootstrap>", line 488, in _call_with_frames_removed
  File "C:\Projects\customer-support-rag\.venv\Lib\site-packages\transformers\models\idefics3\image_processing_idefics3.py", line 20, in <module>
    from torchvision.transforms.v2 import functional as tvF
ModuleNotFoundError: No module named 'torchvision'
2026-08-26 22:39:54.310 Examining the path of transformers.models.imagegpt.image_processing_imagegpt_fast raised:
Traceback (most recent call last):
  File "C:\Projects\customer-support-rag\.venv\Lib\site-packages\streamlit\watcher\local_sources_watcher.py", line 340, in get_module_paths
    potential_paths = extract_paths(module)
  File "C:\Projects\customer-support-rag\.venv\Lib\site-packages\streamlit\watcher\local_sources_watcher.py", line 327, in <lambda>
    if hasattr(m, "__path__")
       ~~~~~~~^^^^^^^^^^^^^^^
  File "C:\Projects\customer-support-rag\.venv\Lib\site-packages\transformers\__init__.py", line 865, in _getattr
    return getattr(importlib.import_module(target, __name__), name)
                   ~~~~~~~~~~~~~~~~~~~~~~~^^^^^^^^^^^^^^^^^^
  File "C:\Users\suryanarayanan\AppData\Local\Programs\Python\Python313\Lib\importlib\__init__.py", line 88, in import_module
    return _bootstrap._gcd_import(name[level:], package, level)
           ~~~~~~~~~~~~~~~~~~~~~~^^^^^^^^^^^^^^^^^^^^^^^^^^^^^^
  File "<frozen importlib._bootstrap>", line 1395, in _gcd_import
  File "<frozen importlib._bootstrap>", line 1360, in _find_and_load
  File "<frozen importlib._bootstrap>", line 1331, in _find_and_load_unlocked
  File "<frozen importlib._bootstrap>", line 935, in _load_unlocked
  File "<frozen importlib._bootstrap_external>", line 1023, in exec_module
  File "<frozen importlib._bootstrap>", line 488, in _call_with_frames_removed
  File "C:\Projects\customer-support-rag\.venv\Lib\site-packages\transformers\models\imagegpt\image_processing_imagegpt.py", line 20, in <module>
    from torchvision.transforms.v2 import functional as tvF
ModuleNotFoundError: No module named 'torchvision'
2026-08-26 22:39:54.312 Examining the path of transformers.models.inkling.image_processing_inkling_fast raised:
Traceback (most recent call last):
  File "C:\Projects\customer-support-rag\.venv\Lib\site-packages\streamlit\watcher\local_sources_watcher.py", line 340, in get_module_paths
    potential_paths = extract_paths(module)
  File "C:\Projects\customer-support-rag\.venv\Lib\site-packages\streamlit\watcher\local_sources_watcher.py", line 327, in <lambda>
    if hasattr(m, "__path__")
       ~~~~~~~^^^^^^^^^^^^^^^
  File "C:\Projects\customer-support-rag\.venv\Lib\site-packages\transformers\__init__.py", line 865, in _getattr
    return getattr(importlib.import_module(target, __name__), name)
                   ~~~~~~~~~~~~~~~~~~~~~~~^^^^^^^^^^^^^^^^^^
  File "C:\Users\suryanarayanan\AppData\Local\Programs\Python\Python313\Lib\importlib\__init__.py", line 88, in import_module
    return _bootstrap._gcd_import(name[level:], package, level)
           ~~~~~~~~~~~~~~~~~~~~~~^^^^^^^^^^^^^^^^^^^^^^^^^^^^^^
  File "<frozen importlib._bootstrap>", line 1395, in _gcd_import
  File "<frozen importlib._bootstrap>", line 1360, in _find_and_load
  File "<frozen importlib._bootstrap>", line 1331, in _find_and_load_unlocked
  File "<frozen importlib._bootstrap>", line 935, in _load_unlocked
  File "<frozen importlib._bootstrap_external>", line 1023, in exec_module
  File "<frozen importlib._bootstrap>", line 488, in _call_with_frames_removed
  File "C:\Projects\customer-support-rag\.venv\Lib\site-packages\transformers\models\inkling\image_processing_inkling.py", line 19, in <module>
    from torchvision.transforms.v2 import functional as tvF
ModuleNotFoundError: No module named 'torchvision'
2026-08-26 22:39:54.314 Examining the path of transformers.models.janus.image_processing_janus_fast raised:
Traceback (most recent call last):
  File "C:\Projects\customer-support-rag\.venv\Lib\site-packages\streamlit\watcher\local_sources_watcher.py", line 340, in get_module_paths
    potential_paths = extract_paths(module)
  File "C:\Projects\customer-support-rag\.venv\Lib\site-packages\streamlit\watcher\local_sources_watcher.py", line 327, in <lambda>
    if hasattr(m, "__path__")
       ~~~~~~~^^^^^^^^^^^^^^^
  File "C:\Projects\customer-support-rag\.venv\Lib\site-packages\transformers\__init__.py", line 865, in _getattr
    return getattr(importlib.import_module(target, __name__), name)
                   ~~~~~~~~~~~~~~~~~~~~~~~^^^^^^^^^^^^^^^^^^
  File "C:\Users\suryanarayanan\AppData\Local\Programs\Python\Python313\Lib\importlib\__init__.py", line 88, in import_module
    return _bootstrap._gcd_import(name[level:], package, level)
           ~~~~~~~~~~~~~~~~~~~~~~^^^^^^^^^^^^^^^^^^^^^^^^^^^^^^
  File "<frozen importlib._bootstrap>", line 1395, in _gcd_import
  File "<frozen importlib._bootstrap>", line 1360, in _find_and_load
  File "<frozen importlib._bootstrap>", line 1331, in _find_and_load_unlocked
  File "<frozen importlib._bootstrap>", line 935, in _load_unlocked
  File "<frozen importlib._bootstrap_external>", line 1023, in exec_module
  File "<frozen importlib._bootstrap>", line 488, in _call_with_frames_removed
  File "C:\Projects\customer-support-rag\.venv\Lib\site-packages\transformers\models\janus\image_processing_janus.py", line 17, in <module>
    import torchvision.transforms.v2.functional as tvF
ModuleNotFoundError: No module named 'torchvision'
2026-08-26 22:39:54.316 Examining the path of transformers.models.kimi_k25.image_processing_kimi_k25_fast raised:
Traceback (most recent call last):
  File "C:\Projects\customer-support-rag\.venv\Lib\site-packages\streamlit\watcher\local_sources_watcher.py", line 340, in get_module_paths
    potential_paths = extract_paths(module)
  File "C:\Projects\customer-support-rag\.venv\Lib\site-packages\streamlit\watcher\local_sources_watcher.py", line 327, in <lambda>
    if hasattr(m, "__path__")
       ~~~~~~~^^^^^^^^^^^^^^^
  File "C:\Projects\customer-support-rag\.venv\Lib\site-packages\transformers\__init__.py", line 865, in _getattr
    return getattr(importlib.import_module(target, __name__), name)
                   ~~~~~~~~~~~~~~~~~~~~~~~^^^^^^^^^^^^^^^^^^
  File "C:\Users\suryanarayanan\AppData\Local\Programs\Python\Python313\Lib\importlib\__init__.py", line 88, in import_module
    return _bootstrap._gcd_import(name[level:], package, level)
           ~~~~~~~~~~~~~~~~~~~~~~^^^^^^^^^^^^^^^^^^^^^^^^^^^^^^
  File "<frozen importlib._bootstrap>", line 1395, in _gcd_import
  File "<frozen importlib._bootstrap>", line 1360, in _find_and_load
  File "<frozen importlib._bootstrap>", line 1331, in _find_and_load_unlocked
  File "<frozen importlib._bootstrap>", line 935, in _load_unlocked
  File "<frozen importlib._bootstrap_external>", line 1023, in exec_module
  File "<frozen importlib._bootstrap>", line 488, in _call_with_frames_removed
  File "C:\Projects\customer-support-rag\.venv\Lib\site-packages\transformers\models\kimi_k25\image_processing_kimi_k25.py", line 19, in <module>
    from torchvision.transforms.v2 import functional as tvF
ModuleNotFoundError: No module named 'torchvision'
2026-08-26 22:39:54.319 Examining the path of transformers.models.layoutlmv2.image_processing_layoutlmv2_fast raised:
Traceback (most recent call last):
  File "C:\Projects\customer-support-rag\.venv\Lib\site-packages\streamlit\watcher\local_sources_watcher.py", line 340, in get_module_paths
    potential_paths = extract_paths(module)
  File "C:\Projects\customer-support-rag\.venv\Lib\site-packages\streamlit\watcher\local_sources_watcher.py", line 327, in <lambda>
    if hasattr(m, "__path__")
       ~~~~~~~^^^^^^^^^^^^^^^
  File "C:\Projects\customer-support-rag\.venv\Lib\site-packages\transformers\__init__.py", line 865, in _getattr
    return getattr(importlib.import_module(target, __name__), name)
                   ~~~~~~~~~~~~~~~~~~~~~~~^^^^^^^^^^^^^^^^^^
  File "C:\Users\suryanarayanan\AppData\Local\Programs\Python\Python313\Lib\importlib\__init__.py", line 88, in import_module
    return _bootstrap._gcd_import(name[level:], package, level)
           ~~~~~~~~~~~~~~~~~~~~~~^^^^^^^^^^^^^^^^^^^^^^^^^^^^^^
  File "<frozen importlib._bootstrap>", line 1395, in _gcd_import
  File "<frozen importlib._bootstrap>", line 1360, in _find_and_load
  File "<frozen importlib._bootstrap>", line 1331, in _find_and_load_unlocked
  File "<frozen importlib._bootstrap>", line 935, in _load_unlocked
  File "<frozen importlib._bootstrap_external>", line 1023, in exec_module
  File "<frozen importlib._bootstrap>", line 488, in _call_with_frames_removed
  File "C:\Projects\customer-support-rag\.venv\Lib\site-packages\transformers\models\layoutlmv2\image_processing_layoutlmv2.py", line 36, in <module>
    from torchvision.transforms.v2 import functional as tvF
ModuleNotFoundError: No module named 'torchvision'
2026-08-26 22:39:54.321 Examining the path of transformers.models.layoutlmv3.image_processing_layoutlmv3_fast raised:
Traceback (most recent call last):
  File "C:\Projects\customer-support-rag\.venv\Lib\site-packages\streamlit\watcher\local_sources_watcher.py", line 340, in get_module_paths
    potential_paths = extract_paths(module)
  File "C:\Projects\customer-support-rag\.venv\Lib\site-packages\streamlit\watcher\local_sources_watcher.py", line 327, in <lambda>
    if hasattr(m, "__path__")
       ~~~~~~~^^^^^^^^^^^^^^^
  File "C:\Projects\customer-support-rag\.venv\Lib\site-packages\transformers\__init__.py", line 865, in _getattr
    return getattr(importlib.import_module(target, __name__), name)
                   ~~~~~~~~~~~~~~~~~~~~~~~^^^^^^^^^^^^^^^^^^
  File "C:\Users\suryanarayanan\AppData\Local\Programs\Python\Python313\Lib\importlib\__init__.py", line 88, in import_module
    return _bootstrap._gcd_import(name[level:], package, level)
           ~~~~~~~~~~~~~~~~~~~~~~^^^^^^^^^^^^^^^^^^^^^^^^^^^^^^
  File "<frozen importlib._bootstrap>", line 1395, in _gcd_import
  File "<frozen importlib._bootstrap>", line 1360, in _find_and_load
  File "<frozen importlib._bootstrap>", line 1331, in _find_and_load_unlocked
  File "<frozen importlib._bootstrap>", line 935, in _load_unlocked
  File "<frozen importlib._bootstrap_external>", line 1023, in exec_module
  File "<frozen importlib._bootstrap>", line 488, in _call_with_frames_removed
  File "C:\Projects\customer-support-rag\.venv\Lib\site-packages\transformers\models\layoutlmv3\image_processing_layoutlmv3.py", line 42, in <module>
    from torchvision.transforms.v2 import functional as tvF
ModuleNotFoundError: No module named 'torchvision'
2026-08-26 22:39:54.323 Examining the path of transformers.models.levit.image_processing_levit_fast raised:
Traceback (most recent call last):
  File "C:\Projects\customer-support-rag\.venv\Lib\site-packages\streamlit\watcher\local_sources_watcher.py", line 340, in get_module_paths
    potential_paths = extract_paths(module)
  File "C:\Projects\customer-support-rag\.venv\Lib\site-packages\streamlit\watcher\local_sources_watcher.py", line 327, in <lambda>
    if hasattr(m, "__path__")
       ~~~~~~~^^^^^^^^^^^^^^^
  File "C:\Projects\customer-support-rag\.venv\Lib\site-packages\transformers\__init__.py", line 865, in _getattr
    return getattr(importlib.import_module(target, __name__), name)
                   ~~~~~~~~~~~~~~~~~~~~~~~^^^^^^^^^^^^^^^^^^
  File "C:\Users\suryanarayanan\AppData\Local\Programs\Python\Python313\Lib\importlib\__init__.py", line 88, in import_module
    return _bootstrap._gcd_import(name[level:], package, level)
           ~~~~~~~~~~~~~~~~~~~~~~^^^^^^^^^^^^^^^^^^^^^^^^^^^^^^
  File "<frozen importlib._bootstrap>", line 1395, in _gcd_import
  File "<frozen importlib._bootstrap>", line 1360, in _find_and_load
  File "<frozen importlib._bootstrap>", line 1331, in _find_and_load_unlocked
  File "<frozen importlib._bootstrap>", line 935, in _load_unlocked
  File "<frozen importlib._bootstrap_external>", line 1023, in exec_module
  File "<frozen importlib._bootstrap>", line 488, in _call_with_frames_removed
  File "C:\Projects\customer-support-rag\.venv\Lib\site-packages\transformers\models\levit\image_processing_levit.py", line 17, in <module>
    from torchvision.transforms.v2 import functional as tvF
ModuleNotFoundError: No module named 'torchvision'
2026-08-26 22:39:54.325 Examining the path of transformers.models.lfm2_vl.image_processing_lfm2_vl_fast raised:
Traceback (most recent call last):
  File "C:\Projects\customer-support-rag\.venv\Lib\site-packages\streamlit\watcher\local_sources_watcher.py", line 340, in get_module_paths
    potential_paths = extract_paths(module)
  File "C:\Projects\customer-support-rag\.venv\Lib\site-packages\streamlit\watcher\local_sources_watcher.py", line 327, in <lambda>
    if hasattr(m, "__path__")
       ~~~~~~~^^^^^^^^^^^^^^^
  File "C:\Projects\customer-support-rag\.venv\Lib\site-packages\transformers\__init__.py", line 865, in _getattr
    return getattr(importlib.import_module(target, __name__), name)
                   ~~~~~~~~~~~~~~~~~~~~~~~^^^^^^^^^^^^^^^^^^
  File "C:\Users\suryanarayanan\AppData\Local\Programs\Python\Python313\Lib\importlib\__init__.py", line 88, in import_module
    return _bootstrap._gcd_import(name[level:], package, level)
           ~~~~~~~~~~~~~~~~~~~~~~^^^^^^^^^^^^^^^^^^^^^^^^^^^^^^
  File "<frozen importlib._bootstrap>", line 1395, in _gcd_import
  File "<frozen importlib._bootstrap>", line 1360, in _find_and_load
  File "<frozen importlib._bootstrap>", line 1331, in _find_and_load_unlocked
  File "<frozen importlib._bootstrap>", line 935, in _load_unlocked
  File "<frozen importlib._bootstrap_external>", line 1023, in exec_module
  File "<frozen importlib._bootstrap>", line 488, in _call_with_frames_removed
  File "C:\Projects\customer-support-rag\.venv\Lib\site-packages\transformers\models\lfm2_vl\image_processing_lfm2_vl.py", line 18, in <module>
    from torchvision.transforms.v2 import functional as tvF
ModuleNotFoundError: No module named 'torchvision'
2026-08-26 22:39:54.328 Examining the path of transformers.models.lightglue.image_processing_lightglue_fast raised:
Traceback (most recent call last):
  File "C:\Projects\customer-support-rag\.venv\Lib\site-packages\streamlit\watcher\local_sources_watcher.py", line 340, in get_module_paths
    potential_paths = extract_paths(module)
  File "C:\Projects\customer-support-rag\.venv\Lib\site-packages\streamlit\watcher\local_sources_watcher.py", line 327, in <lambda>
    if hasattr(m, "__path__")
       ~~~~~~~^^^^^^^^^^^^^^^
  File "C:\Projects\customer-support-rag\.venv\Lib\site-packages\transformers\__init__.py", line 865, in _getattr
    return getattr(importlib.import_module(target, __name__), name)
                   ~~~~~~~~~~~~~~~~~~~~~~~^^^^^^^^^^^^^^^^^^
  File "C:\Users\suryanarayanan\AppData\Local\Programs\Python\Python313\Lib\importlib\__init__.py", line 88, in import_module
    return _bootstrap._gcd_import(name[level:], package, level)
           ~~~~~~~~~~~~~~~~~~~~~~^^^^^^^^^^^^^^^^^^^^^^^^^^^^^^
  File "<frozen importlib._bootstrap>", line 1395, in _gcd_import
  File "<frozen importlib._bootstrap>", line 1360, in _find_and_load
  File "<frozen importlib._bootstrap>", line 1331, in _find_and_load_unlocked
  File "<frozen importlib._bootstrap>", line 935, in _load_unlocked
  File "<frozen importlib._bootstrap_external>", line 1023, in exec_module
  File "<frozen importlib._bootstrap>", line 488, in _call_with_frames_removed
  File "C:\Projects\customer-support-rag\.venv\Lib\site-packages\transformers\models\lightglue\image_processing_lightglue.py", line 24, in <module>
    from torchvision.transforms.v2 import functional as tvF
ModuleNotFoundError: No module named 'torchvision'
2026-08-26 22:39:54.330 Examining the path of transformers.models.llama4.image_processing_llama4_fast raised:
Traceback (most recent call last):
  File "C:\Projects\customer-support-rag\.venv\Lib\site-packages\streamlit\watcher\local_sources_watcher.py", line 340, in get_module_paths
    potential_paths = extract_paths(module)
  File "C:\Projects\customer-support-rag\.venv\Lib\site-packages\streamlit\watcher\local_sources_watcher.py", line 327, in <lambda>
    if hasattr(m, "__path__")
       ~~~~~~~^^^^^^^^^^^^^^^
  File "C:\Projects\customer-support-rag\.venv\Lib\site-packages\transformers\__init__.py", line 865, in _getattr
    return getattr(importlib.import_module(target, __name__), name)
                   ~~~~~~~~~~~~~~~~~~~~~~~^^^^^^^^^^^^^^^^^^
  File "C:\Users\suryanarayanan\AppData\Local\Programs\Python\Python313\Lib\importlib\__init__.py", line 88, in import_module
    return _bootstrap._gcd_import(name[level:], package, level)
           ~~~~~~~~~~~~~~~~~~~~~~^^^^^^^^^^^^^^^^^^^^^^^^^^^^^^
  File "<frozen importlib._bootstrap>", line 1395, in _gcd_import
  File "<frozen importlib._bootstrap>", line 1360, in _find_and_load
  File "<frozen importlib._bootstrap>", line 1331, in _find_and_load_unlocked
  File "<frozen importlib._bootstrap>", line 935, in _load_unlocked
  File "<frozen importlib._bootstrap_external>", line 1023, in exec_module
  File "<frozen importlib._bootstrap>", line 488, in _call_with_frames_removed
  File "C:\Projects\customer-support-rag\.venv\Lib\site-packages\transformers\models\llama4\image_processing_llama4.py", line 21, in <module>
    from torchvision.transforms.v2 import functional as tvF
ModuleNotFoundError: No module named 'torchvision'
2026-08-26 22:39:54.332 Examining the path of transformers.models.llava.image_processing_llava_fast raised:
Traceback (most recent call last):
  File "C:\Projects\customer-support-rag\.venv\Lib\site-packages\streamlit\watcher\local_sources_watcher.py", line 340, in get_module_paths
    potential_paths = extract_paths(module)
  File "C:\Projects\customer-support-rag\.venv\Lib\site-packages\streamlit\watcher\local_sources_watcher.py", line 327, in <lambda>
    if hasattr(m, "__path__")
       ~~~~~~~^^^^^^^^^^^^^^^
  File "C:\Projects\customer-support-rag\.venv\Lib\site-packages\transformers\__init__.py", line 865, in _getattr
    return getattr(importlib.import_module(target, __name__), name)
                   ~~~~~~~~~~~~~~~~~~~~~~~^^^^^^^^^^^^^^^^^^
  File "C:\Users\suryanarayanan\AppData\Local\Programs\Python\Python313\Lib\importlib\__init__.py", line 88, in import_module
    return _bootstrap._gcd_import(name[level:], package, level)
           ~~~~~~~~~~~~~~~~~~~~~~^^^^^^^^^^^^^^^^^^^^^^^^^^^^^^
  File "<frozen importlib._bootstrap>", line 1395, in _gcd_import
  File "<frozen importlib._bootstrap>", line 1360, in _find_and_load
  File "<frozen importlib._bootstrap>", line 1331, in _find_and_load_unlocked
  File "<frozen importlib._bootstrap>", line 935, in _load_unlocked
  File "<frozen importlib._bootstrap_external>", line 1023, in exec_module
  File "<frozen importlib._bootstrap>", line 488, in _call_with_frames_removed
  File "C:\Projects\customer-support-rag\.venv\Lib\site-packages\transformers\models\llava\image_processing_llava.py", line 19, in <module>
    from torchvision.transforms.v2 import functional as tvF
ModuleNotFoundError: No module named 'torchvision'
2026-08-26 22:39:54.334 Examining the path of transformers.models.llava_next.image_processing_llava_next_fast raised:
Traceback (most recent call last):
  File "C:\Projects\customer-support-rag\.venv\Lib\site-packages\streamlit\watcher\local_sources_watcher.py", line 340, in get_module_paths
    potential_paths = extract_paths(module)
  File "C:\Projects\customer-support-rag\.venv\Lib\site-packages\streamlit\watcher\local_sources_watcher.py", line 327, in <lambda>
    if hasattr(m, "__path__")
       ~~~~~~~^^^^^^^^^^^^^^^
  File "C:\Projects\customer-support-rag\.venv\Lib\site-packages\transformers\__init__.py", line 865, in _getattr
    return getattr(importlib.import_module(target, __name__), name)
                   ~~~~~~~~~~~~~~~~~~~~~~~^^^^^^^^^^^^^^^^^^
  File "C:\Users\suryanarayanan\AppData\Local\Programs\Python\Python313\Lib\importlib\__init__.py", line 88, in import_module
    return _bootstrap._gcd_import(name[level:], package, level)
           ~~~~~~~~~~~~~~~~~~~~~~^^^^^^^^^^^^^^^^^^^^^^^^^^^^^^
  File "<frozen importlib._bootstrap>", line 1395, in _gcd_import
  File "<frozen importlib._bootstrap>", line 1360, in _find_and_load
  File "<frozen importlib._bootstrap>", line 1331, in _find_and_load_unlocked
  File "<frozen importlib._bootstrap>", line 935, in _load_unlocked
  File "<frozen importlib._bootstrap_external>", line 1023, in exec_module
  File "<frozen importlib._bootstrap>", line 488, in _call_with_frames_removed
  File "C:\Projects\customer-support-rag\.venv\Lib\site-packages\transformers\models\llava_next\image_processing_llava_next.py", line 19, in <module>
    from torchvision.transforms.v2 import functional as tvF
ModuleNotFoundError: No module named 'torchvision'
2026-08-26 22:39:54.338 Examining the path of transformers.models.llava_onevision.image_processing_llava_onevision_fast raised:
Traceback (most recent call last):
  File "C:\Projects\customer-support-rag\.venv\Lib\site-packages\streamlit\watcher\local_sources_watcher.py", line 340, in get_module_paths
    potential_paths = extract_paths(module)
  File "C:\Projects\customer-support-rag\.venv\Lib\site-packages\streamlit\watcher\local_sources_watcher.py", line 327, in <lambda>
    if hasattr(m, "__path__")
       ~~~~~~~^^^^^^^^^^^^^^^
  File "C:\Projects\customer-support-rag\.venv\Lib\site-packages\transformers\__init__.py", line 865, in _getattr
    return getattr(importlib.import_module(target, __name__), name)
                   ~~~~~~~~~~~~~~~~~~~~~~~^^^^^^^^^^^^^^^^^^
  File "C:\Users\suryanarayanan\AppData\Local\Programs\Python\Python313\Lib\importlib\__init__.py", line 88, in import_module
    return _bootstrap._gcd_import(name[level:], package, level)
           ~~~~~~~~~~~~~~~~~~~~~~^^^^^^^^^^^^^^^^^^^^^^^^^^^^^^
  File "<frozen importlib._bootstrap>", line 1395, in _gcd_import
  File "<frozen importlib._bootstrap>", line 1360, in _find_and_load
  File "<frozen importlib._bootstrap>", line 1331, in _find_and_load_unlocked
  File "<frozen importlib._bootstrap>", line 935, in _load_unlocked
  File "<frozen importlib._bootstrap_external>", line 1023, in exec_module
  File "<frozen importlib._bootstrap>", line 488, in _call_with_frames_removed
  File "C:\Projects\customer-support-rag\.venv\Lib\site-packages\transformers\models\llava_onevision\image_processing_llava_onevision.py", line 24, in <module>
    import torchvision.transforms.v2.functional as tvF
ModuleNotFoundError: No module named 'torchvision'
2026-08-26 22:39:54.340 Examining the path of transformers.models.mask2former.image_processing_mask2former_fast raised:
Traceback (most recent call last):
  File "C:\Projects\customer-support-rag\.venv\Lib\site-packages\streamlit\watcher\local_sources_watcher.py", line 340, in get_module_paths
    potential_paths = extract_paths(module)
  File "C:\Projects\customer-support-rag\.venv\Lib\site-packages\streamlit\watcher\local_sources_watcher.py", line 327, in <lambda>
    if hasattr(m, "__path__")
       ~~~~~~~^^^^^^^^^^^^^^^
  File "C:\Projects\customer-support-rag\.venv\Lib\site-packages\transformers\__init__.py", line 865, in _getattr
    return getattr(importlib.import_module(target, __name__), name)
                   ~~~~~~~~~~~~~~~~~~~~~~~^^^^^^^^^^^^^^^^^^
  File "C:\Users\suryanarayanan\AppData\Local\Programs\Python\Python313\Lib\importlib\__init__.py", line 88, in import_module
    return _bootstrap._gcd_import(name[level:], package, level)
           ~~~~~~~~~~~~~~~~~~~~~~^^^^^^^^^^^^^^^^^^^^^^^^^^^^^^
  File "<frozen importlib._bootstrap>", line 1395, in _gcd_import
  File "<frozen importlib._bootstrap>", line 1360, in _find_and_load
  File "<frozen importlib._bootstrap>", line 1331, in _find_and_load_unlocked
  File "<frozen importlib._bootstrap>", line 935, in _load_unlocked
  File "<frozen importlib._bootstrap_external>", line 1023, in exec_module
  File "<frozen importlib._bootstrap>", line 488, in _call_with_frames_removed
  File "C:\Projects\customer-support-rag\.venv\Lib\site-packages\transformers\models\mask2former\image_processing_mask2former.py", line 27, in <module>
    from torchvision.transforms.v2 import functional as tvF
ModuleNotFoundError: No module named 'torchvision'
2026-08-26 22:39:54.342 Examining the path of transformers.models.maskformer.image_processing_maskformer_fast raised:
Traceback (most recent call last):
  File "C:\Projects\customer-support-rag\.venv\Lib\site-packages\streamlit\watcher\local_sources_watcher.py", line 340, in get_module_paths
    potential_paths = extract_paths(module)
  File "C:\Projects\customer-support-rag\.venv\Lib\site-packages\streamlit\watcher\local_sources_watcher.py", line 327, in <lambda>
    if hasattr(m, "__path__")
       ~~~~~~~^^^^^^^^^^^^^^^
  File "C:\Projects\customer-support-rag\.venv\Lib\site-packages\transformers\__init__.py", line 865, in _getattr
    return getattr(importlib.import_module(target, __name__), name)
                   ~~~~~~~~~~~~~~~~~~~~~~~^^^^^^^^^^^^^^^^^^
  File "C:\Users\suryanarayanan\AppData\Local\Programs\Python\Python313\Lib\importlib\__init__.py", line 88, in import_module
    return _bootstrap._gcd_import(name[level:], package, level)
           ~~~~~~~~~~~~~~~~~~~~~~^^^^^^^^^^^^^^^^^^^^^^^^^^^^^^
  File "<frozen importlib._bootstrap>", line 1395, in _gcd_import
  File "<frozen importlib._bootstrap>", line 1360, in _find_and_load
  File "<frozen importlib._bootstrap>", line 1331, in _find_and_load_unlocked
  File "<frozen importlib._bootstrap>", line 935, in _load_unlocked
  File "<frozen importlib._bootstrap_external>", line 1023, in exec_module
  File "<frozen importlib._bootstrap>", line 488, in _call_with_frames_removed
  File "C:\Projects\customer-support-rag\.venv\Lib\site-packages\transformers\models\maskformer\image_processing_maskformer.py", line 22, in <module>
    from torchvision.transforms.v2 import functional as tvF
ModuleNotFoundError: No module named 'torchvision'
2026-08-26 22:39:54.343 Examining the path of transformers.models.minimax_m3_vl.image_processing_minimax_m3_vl_fast raised:
Traceback (most recent call last):
  File "C:\Projects\customer-support-rag\.venv\Lib\site-packages\streamlit\watcher\local_sources_watcher.py", line 340, in get_module_paths
    potential_paths = extract_paths(module)
  File "C:\Projects\customer-support-rag\.venv\Lib\site-packages\streamlit\watcher\local_sources_watcher.py", line 327, in <lambda>
    if hasattr(m, "__path__")
       ~~~~~~~^^^^^^^^^^^^^^^
  File "C:\Projects\customer-support-rag\.venv\Lib\site-packages\transformers\__init__.py", line 865, in _getattr
    return getattr(importlib.import_module(target, __name__), name)
                   ~~~~~~~~~~~~~~~~~~~~~~~^^^^^^^^^^^^^^^^^^
  File "C:\Users\suryanarayanan\AppData\Local\Programs\Python\Python313\Lib\importlib\__init__.py", line 88, in import_module
    return _bootstrap._gcd_import(name[level:], package, level)
           ~~~~~~~~~~~~~~~~~~~~~~^^^^^^^^^^^^^^^^^^^^^^^^^^^^^^
  File "<frozen importlib._bootstrap>", line 1395, in _gcd_import
  File "<frozen importlib._bootstrap>", line 1360, in _find_and_load
  File "<frozen importlib._bootstrap>", line 1331, in _find_and_load_unlocked
  File "<frozen importlib._bootstrap>", line 935, in _load_unlocked
  File "<frozen importlib._bootstrap_external>", line 1023, in exec_module
  File "<frozen importlib._bootstrap>", line 488, in _call_with_frames_removed
  File "C:\Projects\customer-support-rag\.venv\Lib\site-packages\transformers\models\minimax_m3_vl\image_processing_minimax_m3_vl.py", line 25, in <module>
    from torchvision.transforms.v2 import functional as tvF
ModuleNotFoundError: No module named 'torchvision'
2026-08-26 22:39:54.344 Examining the path of transformers.models.mllama.image_processing_mllama_fast raised:
Traceback (most recent call last):
  File "C:\Projects\customer-support-rag\.venv\Lib\site-packages\streamlit\watcher\local_sources_watcher.py", line 340, in get_module_paths
    potential_paths = extract_paths(module)
  File "C:\Projects\customer-support-rag\.venv\Lib\site-packages\streamlit\watcher\local_sources_watcher.py", line 327, in <lambda>
    if hasattr(m, "__path__")
       ~~~~~~~^^^^^^^^^^^^^^^
  File "C:\Projects\customer-support-rag\.venv\Lib\site-packages\transformers\__init__.py", line 865, in _getattr
    return getattr(importlib.import_module(target, __name__), name)
                   ~~~~~~~~~~~~~~~~~~~~~~~^^^^^^^^^^^^^^^^^^
  File "C:\Users\suryanarayanan\AppData\Local\Programs\Python\Python313\Lib\importlib\__init__.py", line 88, in import_module
    return _bootstrap._gcd_import(name[level:], package, level)
           ~~~~~~~~~~~~~~~~~~~~~~^^^^^^^^^^^^^^^^^^^^^^^^^^^^^^
  File "<frozen importlib._bootstrap>", line 1395, in _gcd_import
  File "<frozen importlib._bootstrap>", line 1360, in _find_and_load
  File "<frozen importlib._bootstrap>", line 1331, in _find_and_load_unlocked
  File "<frozen importlib._bootstrap>", line 935, in _load_unlocked
  File "<frozen importlib._bootstrap_external>", line 1023, in exec_module
  File "<frozen importlib._bootstrap>", line 488, in _call_with_frames_removed
  File "C:\Projects\customer-support-rag\.venv\Lib\site-packages\transformers\models\mllama\image_processing_mllama.py", line 40, in <module>
    from torchvision.transforms.v2 import functional as tvF
ModuleNotFoundError: No module named 'torchvision'
2026-08-26 22:39:54.345 Examining the path of transformers.models.mobilenet_v2.image_processing_mobilenet_v2_fast raised:
Traceback (most recent call last):
  File "C:\Projects\customer-support-rag\.venv\Lib\site-packages\streamlit\watcher\local_sources_watcher.py", line 340, in get_module_paths
    potential_paths = extract_paths(module)
  File "C:\Projects\customer-support-rag\.venv\Lib\site-packages\streamlit\watcher\local_sources_watcher.py", line 327, in <lambda>
    if hasattr(m, "__path__")
       ~~~~~~~^^^^^^^^^^^^^^^
  File "C:\Projects\customer-support-rag\.venv\Lib\site-packages\transformers\__init__.py", line 865, in _getattr
    return getattr(importlib.import_module(target, __name__), name)
                   ~~~~~~~~~~~~~~~~~~~~~~~^^^^^^^^^^^^^^^^^^
  File "C:\Users\suryanarayanan\AppData\Local\Programs\Python\Python313\Lib\importlib\__init__.py", line 88, in import_module
    return _bootstrap._gcd_import(name[level:], package, level)
           ~~~~~~~~~~~~~~~~~~~~~~^^^^^^^^^^^^^^^^^^^^^^^^^^^^^^
  File "<frozen importlib._bootstrap>", line 1395, in _gcd_import
  File "<frozen importlib._bootstrap>", line 1360, in _find_and_load
  File "<frozen importlib._bootstrap>", line 1331, in _find_and_load_unlocked
  File "<frozen importlib._bootstrap>", line 935, in _load_unlocked
  File "<frozen importlib._bootstrap_external>", line 1023, in exec_module
  File "<frozen importlib._bootstrap>", line 488, in _call_with_frames_removed
  File "C:\Projects\customer-support-rag\.venv\Lib\site-packages\transformers\models\mobilenet_v2\image_processing_mobilenet_v2.py", line 19, in <module>
    from torchvision.transforms.v2 import functional as tvF
ModuleNotFoundError: No module named 'torchvision'
2026-08-26 22:39:54.347 Examining the path of transformers.models.mobilevit.image_processing_mobilevit_fast raised:
Traceback (most recent call last):
  File "C:\Projects\customer-support-rag\.venv\Lib\site-packages\streamlit\watcher\local_sources_watcher.py", line 340, in get_module_paths
    potential_paths = extract_paths(module)
  File "C:\Projects\customer-support-rag\.venv\Lib\site-packages\streamlit\watcher\local_sources_watcher.py", line 327, in <lambda>
    if hasattr(m, "__path__")
       ~~~~~~~^^^^^^^^^^^^^^^
  File "C:\Projects\customer-support-rag\.venv\Lib\site-packages\transformers\__init__.py", line 865, in _getattr
    return getattr(importlib.import_module(target, __name__), name)
                   ~~~~~~~~~~~~~~~~~~~~~~~^^^^^^^^^^^^^^^^^^
  File "C:\Users\suryanarayanan\AppData\Local\Programs\Python\Python313\Lib\importlib\__init__.py", line 88, in import_module
    return _bootstrap._gcd_import(name[level:], package, level)
           ~~~~~~~~~~~~~~~~~~~~~~^^^^^^^^^^^^^^^^^^^^^^^^^^^^^^
  File "<frozen importlib._bootstrap>", line 1395, in _gcd_import
  File "<frozen importlib._bootstrap>", line 1360, in _find_and_load
  File "<frozen importlib._bootstrap>", line 1331, in _find_and_load_unlocked
  File "<frozen importlib._bootstrap>", line 935, in _load_unlocked
  File "<frozen importlib._bootstrap_external>", line 1023, in exec_module
  File "<frozen importlib._bootstrap>", line 488, in _call_with_frames_removed
  File "C:\Projects\customer-support-rag\.venv\Lib\site-packages\transformers\models\mobilevit\image_processing_mobilevit.py", line 19, in <module>
    from torchvision.transforms.v2 import functional as tvF
ModuleNotFoundError: No module named 'torchvision'
2026-08-26 22:39:54.348 Examining the path of transformers.models.muse_glimmer.image_processing_muse_glimmer_fast raised:
Traceback (most recent call last):
  File "C:\Projects\customer-support-rag\.venv\Lib\site-packages\streamlit\watcher\local_sources_watcher.py", line 340, in get_module_paths
    potential_paths = extract_paths(module)
  File "C:\Projects\customer-support-rag\.venv\Lib\site-packages\streamlit\watcher\local_sources_watcher.py", line 327, in <lambda>
    if hasattr(m, "__path__")
       ~~~~~~~^^^^^^^^^^^^^^^
  File "C:\Projects\customer-support-rag\.venv\Lib\site-packages\transformers\__init__.py", line 865, in _getattr
    return getattr(importlib.import_module(target, __name__), name)
                   ~~~~~~~~~~~~~~~~~~~~~~~^^^^^^^^^^^^^^^^^^
  File "C:\Users\suryanarayanan\AppData\Local\Programs\Python\Python313\Lib\importlib\__init__.py", line 88, in import_module
    return _bootstrap._gcd_import(name[level:], package, level)
           ~~~~~~~~~~~~~~~~~~~~~~^^^^^^^^^^^^^^^^^^^^^^^^^^^^^^
  File "<frozen importlib._bootstrap>", line 1395, in _gcd_import
  File "<frozen importlib._bootstrap>", line 1360, in _find_and_load
  File "<frozen importlib._bootstrap>", line 1331, in _find_and_load_unlocked
  File "<frozen importlib._bootstrap>", line 935, in _load_unlocked
  File "<frozen importlib._bootstrap_external>", line 1023, in exec_module
  File "<frozen importlib._bootstrap>", line 488, in _call_with_frames_removed
  File "C:\Projects\customer-support-rag\.venv\Lib\site-packages\transformers\models\muse_glimmer\image_processing_muse_glimmer.py", line 25, in <module>
    from torchvision.transforms.v2 import functional as tvF
ModuleNotFoundError: No module named 'torchvision'
2026-08-26 22:39:54.349 Examining the path of transformers.models.nougat.image_processing_nougat_fast raised:
Traceback (most recent call last):
  File "C:\Projects\customer-support-rag\.venv\Lib\site-packages\streamlit\watcher\local_sources_watcher.py", line 340, in get_module_paths
    potential_paths = extract_paths(module)
  File "C:\Projects\customer-support-rag\.venv\Lib\site-packages\streamlit\watcher\local_sources_watcher.py", line 327, in <lambda>
    if hasattr(m, "__path__")
       ~~~~~~~^^^^^^^^^^^^^^^
  File "C:\Projects\customer-support-rag\.venv\Lib\site-packages\transformers\__init__.py", line 865, in _getattr
    return getattr(importlib.import_module(target, __name__), name)
                   ~~~~~~~~~~~~~~~~~~~~~~~^^^^^^^^^^^^^^^^^^
  File "C:\Users\suryanarayanan\AppData\Local\Programs\Python\Python313\Lib\importlib\__init__.py", line 88, in import_module
    return _bootstrap._gcd_import(name[level:], package, level)
           ~~~~~~~~~~~~~~~~~~~~~~^^^^^^^^^^^^^^^^^^^^^^^^^^^^^^
  File "<frozen importlib._bootstrap>", line 1395, in _gcd_import
  File "<frozen importlib._bootstrap>", line 1360, in _find_and_load
  File "<frozen importlib._bootstrap>", line 1331, in _find_and_load_unlocked
  File "<frozen importlib._bootstrap>", line 935, in _load_unlocked
  File "<frozen importlib._bootstrap_external>", line 1023, in exec_module
  File "<frozen importlib._bootstrap>", line 488, in _call_with_frames_removed
  File "C:\Projects\customer-support-rag\.venv\Lib\site-packages\transformers\models\nougat\image_processing_nougat.py", line 17, in <module>
    from torchvision.transforms.v2 import functional as tvF
ModuleNotFoundError: No module named 'torchvision'
2026-08-26 22:39:54.350 Examining the path of transformers.models.oneformer.image_processing_oneformer_fast raised:
Traceback (most recent call last):
  File "C:\Projects\customer-support-rag\.venv\Lib\site-packages\streamlit\watcher\local_sources_watcher.py", line 340, in get_module_paths
    potential_paths = extract_paths(module)
  File "C:\Projects\customer-support-rag\.venv\Lib\site-packages\streamlit\watcher\local_sources_watcher.py", line 327, in <lambda>
    if hasattr(m, "__path__")
       ~~~~~~~^^^^^^^^^^^^^^^
  File "C:\Projects\customer-support-rag\.venv\Lib\site-packages\transformers\__init__.py", line 865, in _getattr
    return getattr(importlib.import_module(target, __name__), name)
                   ~~~~~~~~~~~~~~~~~~~~~~~^^^^^^^^^^^^^^^^^^
  File "C:\Users\suryanarayanan\AppData\Local\Programs\Python\Python313\Lib\importlib\__init__.py", line 88, in import_module
    return _bootstrap._gcd_import(name[level:], package, level)
           ~~~~~~~~~~~~~~~~~~~~~~^^^^^^^^^^^^^^^^^^^^^^^^^^^^^^
  File "<frozen importlib._bootstrap>", line 1395, in _gcd_import
  File "<frozen importlib._bootstrap>", line 1360, in _find_and_load
  File "<frozen importlib._bootstrap>", line 1331, in _find_and_load_unlocked
  File "<frozen importlib._bootstrap>", line 935, in _load_unlocked
  File "<frozen importlib._bootstrap_external>", line 1023, in exec_module
  File "<frozen importlib._bootstrap>", line 488, in _call_with_frames_removed
  File "C:\Projects\customer-support-rag\.venv\Lib\site-packages\transformers\models\oneformer\image_processing_oneformer.py", line 23, in <module>
    from torchvision.transforms.v2 import functional as tvF
ModuleNotFoundError: No module named 'torchvision'
2026-08-26 22:39:54.352 Examining the path of transformers.models.ovis2.image_processing_ovis2_fast raised:
Traceback (most recent call last):
  File "C:\Projects\customer-support-rag\.venv\Lib\site-packages\streamlit\watcher\local_sources_watcher.py", line 340, in get_module_paths
    potential_paths = extract_paths(module)
  File "C:\Projects\customer-support-rag\.venv\Lib\site-packages\streamlit\watcher\local_sources_watcher.py", line 327, in <lambda>
    if hasattr(m, "__path__")
       ~~~~~~~^^^^^^^^^^^^^^^
  File "C:\Projects\customer-support-rag\.venv\Lib\site-packages\transformers\__init__.py", line 865, in _getattr
    return getattr(importlib.import_module(target, __name__), name)
                   ~~~~~~~~~~~~~~~~~~~~~~~^^^^^^^^^^^^^^^^^^
  File "C:\Users\suryanarayanan\AppData\Local\Programs\Python\Python313\Lib\importlib\__init__.py", line 88, in import_module
    return _bootstrap._gcd_import(name[level:], package, level)
           ~~~~~~~~~~~~~~~~~~~~~~^^^^^^^^^^^^^^^^^^^^^^^^^^^^^^
  File "<frozen importlib._bootstrap>", line 1395, in _gcd_import
  File "<frozen importlib._bootstrap>", line 1360, in _find_and_load
  File "<frozen importlib._bootstrap>", line 1331, in _find_and_load_unlocked
  File "<frozen importlib._bootstrap>", line 935, in _load_unlocked
  File "<frozen importlib._bootstrap_external>", line 1023, in exec_module
  File "<frozen importlib._bootstrap>", line 488, in _call_with_frames_removed
  File "C:\Projects\customer-support-rag\.venv\Lib\site-packages\transformers\models\ovis2\image_processing_ovis2.py", line 19, in <module>
    from torchvision.transforms.v2 import functional as tvF
ModuleNotFoundError: No module named 'torchvision'
2026-08-26 22:39:54.353 Examining the path of transformers.models.owlv2.image_processing_owlv2_fast raised:
Traceback (most recent call last):
  File "C:\Projects\customer-support-rag\.venv\Lib\site-packages\streamlit\watcher\local_sources_watcher.py", line 340, in get_module_paths
    potential_paths = extract_paths(module)
  File "C:\Projects\customer-support-rag\.venv\Lib\site-packages\streamlit\watcher\local_sources_watcher.py", line 327, in <lambda>
    if hasattr(m, "__path__")
       ~~~~~~~^^^^^^^^^^^^^^^
  File "C:\Projects\customer-support-rag\.venv\Lib\site-packages\transformers\__init__.py", line 865, in _getattr
    return getattr(importlib.import_module(target, __name__), name)
                   ~~~~~~~~~~~~~~~~~~~~~~~^^^^^^^^^^^^^^^^^^
  File "C:\Users\suryanarayanan\AppData\Local\Programs\Python\Python313\Lib\importlib\__init__.py", line 88, in import_module
    return _bootstrap._gcd_import(name[level:], package, level)
           ~~~~~~~~~~~~~~~~~~~~~~^^^^^^^^^^^^^^^^^^^^^^^^^^^^^^
  File "<frozen importlib._bootstrap>", line 1395, in _gcd_import
  File "<frozen importlib._bootstrap>", line 1360, in _find_and_load
  File "<frozen importlib._bootstrap>", line 1331, in _find_and_load_unlocked
  File "<frozen importlib._bootstrap>", line 935, in _load_unlocked
  File "<frozen importlib._bootstrap_external>", line 1023, in exec_module
  File "<frozen importlib._bootstrap>", line 488, in _call_with_frames_removed
  File "C:\Projects\customer-support-rag\.venv\Lib\site-packages\transformers\models\owlv2\image_processing_owlv2.py", line 25, in <module>
    import torchvision.transforms.v2.functional as tvF
ModuleNotFoundError: No module named 'torchvision'
2026-08-26 22:39:54.357 Examining the path of transformers.models.paddleocr_vl.image_processing_paddleocr_vl_fast raised:
Traceback (most recent call last):
  File "C:\Projects\customer-support-rag\.venv\Lib\site-packages\streamlit\watcher\local_sources_watcher.py", line 340, in get_module_paths
    potential_paths = extract_paths(module)
  File "C:\Projects\customer-support-rag\.venv\Lib\site-packages\streamlit\watcher\local_sources_watcher.py", line 327, in <lambda>
    if hasattr(m, "__path__")
       ~~~~~~~^^^^^^^^^^^^^^^
  File "C:\Projects\customer-support-rag\.venv\Lib\site-packages\transformers\__init__.py", line 865, in _getattr
    return getattr(importlib.import_module(target, __name__), name)
                   ~~~~~~~~~~~~~~~~~~~~~~~^^^^^^^^^^^^^^^^^^
  File "C:\Users\suryanarayanan\AppData\Local\Programs\Python\Python313\Lib\importlib\__init__.py", line 88, in import_module
    return _bootstrap._gcd_import(name[level:], package, level)
           ~~~~~~~~~~~~~~~~~~~~~~^^^^^^^^^^^^^^^^^^^^^^^^^^^^^^
  File "<frozen importlib._bootstrap>", line 1395, in _gcd_import
  File "<frozen importlib._bootstrap>", line 1360, in _find_and_load
  File "<frozen importlib._bootstrap>", line 1331, in _find_and_load_unlocked
  File "<frozen importlib._bootstrap>", line 935, in _load_unlocked
  File "<frozen importlib._bootstrap_external>", line 1023, in exec_module
  File "<frozen importlib._bootstrap>", line 488, in _call_with_frames_removed
  File "C:\Projects\customer-support-rag\.venv\Lib\site-packages\transformers\models\paddleocr_vl\image_processing_paddleocr_vl.py", line 30, in <module>
    from torchvision.transforms.v2 import functional as tvF
ModuleNotFoundError: No module named 'torchvision'
2026-08-26 22:39:54.359 Examining the path of transformers.models.perceiver.image_processing_perceiver_fast raised:
Traceback (most recent call last):
  File "C:\Projects\customer-support-rag\.venv\Lib\site-packages\streamlit\watcher\local_sources_watcher.py", line 340, in get_module_paths
    potential_paths = extract_paths(module)
  File "C:\Projects\customer-support-rag\.venv\Lib\site-packages\streamlit\watcher\local_sources_watcher.py", line 327, in <lambda>
    if hasattr(m, "__path__")
       ~~~~~~~^^^^^^^^^^^^^^^
  File "C:\Projects\customer-support-rag\.venv\Lib\site-packages\transformers\__init__.py", line 865, in _getattr
    return getattr(importlib.import_module(target, __name__), name)
                   ~~~~~~~~~~~~~~~~~~~~~~~^^^^^^^^^^^^^^^^^^
  File "C:\Users\suryanarayanan\AppData\Local\Programs\Python\Python313\Lib\importlib\__init__.py", line 88, in import_module
    return _bootstrap._gcd_import(name[level:], package, level)
           ~~~~~~~~~~~~~~~~~~~~~~^^^^^^^^^^^^^^^^^^^^^^^^^^^^^^
  File "<frozen importlib._bootstrap>", line 1395, in _gcd_import
  File "<frozen importlib._bootstrap>", line 1360, in _find_and_load
  File "<frozen importlib._bootstrap>", line 1331, in _find_and_load_unlocked
  File "<frozen importlib._bootstrap>", line 935, in _load_unlocked
  File "<frozen importlib._bootstrap_external>", line 1023, in exec_module
  File "<frozen importlib._bootstrap>", line 488, in _call_with_frames_removed
  File "C:\Projects\customer-support-rag\.venv\Lib\site-packages\transformers\models\perceiver\image_processing_perceiver.py", line 17, in <module>
    from torchvision.transforms.v2 import functional as tvF
ModuleNotFoundError: No module named 'torchvision'
2026-08-26 22:39:54.361 Examining the path of transformers.models.perception_lm.image_processing_perception_lm_fast raised:
Traceback (most recent call last):
  File "C:\Projects\customer-support-rag\.venv\Lib\site-packages\streamlit\watcher\local_sources_watcher.py", line 340, in get_module_paths
    potential_paths = extract_paths(module)
  File "C:\Projects\customer-support-rag\.venv\Lib\site-packages\streamlit\watcher\local_sources_watcher.py", line 327, in <lambda>
    if hasattr(m, "__path__")
       ~~~~~~~^^^^^^^^^^^^^^^
  File "C:\Projects\customer-support-rag\.venv\Lib\site-packages\transformers\__init__.py", line 865, in _getattr
    return getattr(importlib.import_module(target, __name__), name)
                   ~~~~~~~~~~~~~~~~~~~~~~~^^^^^^^^^^^^^^^^^^
  File "C:\Users\suryanarayanan\AppData\Local\Programs\Python\Python313\Lib\importlib\__init__.py", line 88, in import_module
    return _bootstrap._gcd_import(name[level:], package, level)
           ~~~~~~~~~~~~~~~~~~~~~~^^^^^^^^^^^^^^^^^^^^^^^^^^^^^^
  File "<frozen importlib._bootstrap>", line 1395, in _gcd_import
  File "<frozen importlib._bootstrap>", line 1360, in _find_and_load
  File "<frozen importlib._bootstrap>", line 1331, in _find_and_load_unlocked
  File "<frozen importlib._bootstrap>", line 935, in _load_unlocked
  File "<frozen importlib._bootstrap_external>", line 1023, in exec_module
  File "<frozen importlib._bootstrap>", line 488, in _call_with_frames_removed
  File "C:\Projects\customer-support-rag\.venv\Lib\site-packages\transformers\models\perception_lm\image_processing_perception_lm.py", line 19, in <module>
    from torchvision.transforms.v2 import functional as tvF
ModuleNotFoundError: No module named 'torchvision'
2026-08-26 22:39:54.363 Examining the path of transformers.models.phi4_multimodal.image_processing_phi4_multimodal_fast raised:
Traceback (most recent call last):
  File "C:\Projects\customer-support-rag\.venv\Lib\site-packages\streamlit\watcher\local_sources_watcher.py", line 340, in get_module_paths
    potential_paths = extract_paths(module)
  File "C:\Projects\customer-support-rag\.venv\Lib\site-packages\streamlit\watcher\local_sources_watcher.py", line 327, in <lambda>
    if hasattr(m, "__path__")
       ~~~~~~~^^^^^^^^^^^^^^^
  File "C:\Projects\customer-support-rag\.venv\Lib\site-packages\transformers\__init__.py", line 865, in _getattr
    return getattr(importlib.import_module(target, __name__), name)
                   ~~~~~~~~~~~~~~~~~~~~~~~^^^^^^^^^^^^^^^^^^
  File "C:\Users\suryanarayanan\AppData\Local\Programs\Python\Python313\Lib\importlib\__init__.py", line 88, in import_module
    return _bootstrap._gcd_import(name[level:], package, level)
           ~~~~~~~~~~~~~~~~~~~~~~^^^^^^^^^^^^^^^^^^^^^^^^^^^^^^
  File "<frozen importlib._bootstrap>", line 1395, in _gcd_import
  File "<frozen importlib._bootstrap>", line 1360, in _find_and_load
  File "<frozen importlib._bootstrap>", line 1331, in _find_and_load_unlocked
  File "<frozen importlib._bootstrap>", line 935, in _load_unlocked
  File "<frozen importlib._bootstrap_external>", line 1023, in exec_module
  File "<frozen importlib._bootstrap>", line 488, in _call_with_frames_removed
  File "C:\Projects\customer-support-rag\.venv\Lib\site-packages\transformers\models\phi4_multimodal\image_processing_phi4_multimodal.py", line 19, in <module>
    from torchvision.transforms.v2 import functional as tvF
ModuleNotFoundError: No module named 'torchvision'
2026-08-26 22:39:54.364 Examining the path of transformers.models.pix2struct.image_processing_pix2struct_fast raised:
Traceback (most recent call last):
  File "C:\Projects\customer-support-rag\.venv\Lib\site-packages\streamlit\watcher\local_sources_watcher.py", line 340, in get_module_paths
    potential_paths = extract_paths(module)
  File "C:\Projects\customer-support-rag\.venv\Lib\site-packages\streamlit\watcher\local_sources_watcher.py", line 327, in <lambda>
    if hasattr(m, "__path__")
       ~~~~~~~^^^^^^^^^^^^^^^
  File "C:\Projects\customer-support-rag\.venv\Lib\site-packages\transformers\__init__.py", line 865, in _getattr
    return getattr(importlib.import_module(target, __name__), name)
                   ~~~~~~~~~~~~~~~~~~~~~~~^^^^^^^^^^^^^^^^^^
  File "C:\Users\suryanarayanan\AppData\Local\Programs\Python\Python313\Lib\importlib\__init__.py", line 88, in import_module
    return _bootstrap._gcd_import(name[level:], package, level)
           ~~~~~~~~~~~~~~~~~~~~~~^^^^^^^^^^^^^^^^^^^^^^^^^^^^^^
  File "<frozen importlib._bootstrap>", line 1395, in _gcd_import
  File "<frozen importlib._bootstrap>", line 1360, in _find_and_load
  File "<frozen importlib._bootstrap>", line 1331, in _find_and_load_unlocked
  File "<frozen importlib._bootstrap>", line 935, in _load_unlocked
  File "<frozen importlib._bootstrap_external>", line 1023, in exec_module
  File "<frozen importlib._bootstrap>", line 488, in _call_with_frames_removed
  File "C:\Projects\customer-support-rag\.venv\Lib\site-packages\transformers\models\pix2struct\image_processing_pix2struct.py", line 21, in <module>
    import torchvision.transforms.v2.functional as tvF
ModuleNotFoundError: No module named 'torchvision'
2026-08-26 22:39:54.366 Examining the path of transformers.models.pixtral.image_processing_pixtral_fast raised:
Traceback (most recent call last):
  File "C:\Projects\customer-support-rag\.venv\Lib\site-packages\streamlit\watcher\local_sources_watcher.py", line 340, in get_module_paths
    potential_paths = extract_paths(module)
  File "C:\Projects\customer-support-rag\.venv\Lib\site-packages\streamlit\watcher\local_sources_watcher.py", line 327, in <lambda>
    if hasattr(m, "__path__")
       ~~~~~~~^^^^^^^^^^^^^^^
  File "C:\Projects\customer-support-rag\.venv\Lib\site-packages\transformers\__init__.py", line 865, in _getattr
    return getattr(importlib.import_module(target, __name__), name)
                   ~~~~~~~~~~~~~~~~~~~~~~~^^^^^^^^^^^^^^^^^^
  File "C:\Users\suryanarayanan\AppData\Local\Programs\Python\Python313\Lib\importlib\__init__.py", line 88, in import_module
    return _bootstrap._gcd_import(name[level:], package, level)
           ~~~~~~~~~~~~~~~~~~~~~~^^^^^^^^^^^^^^^^^^^^^^^^^^^^^^
  File "<frozen importlib._bootstrap>", line 1395, in _gcd_import
  File "<frozen importlib._bootstrap>", line 1360, in _find_and_load
  File "<frozen importlib._bootstrap>", line 1331, in _find_and_load_unlocked
  File "<frozen importlib._bootstrap>", line 935, in _load_unlocked
  File "<frozen importlib._bootstrap_external>", line 1023, in exec_module
  File "<frozen importlib._bootstrap>", line 488, in _call_with_frames_removed
  File "C:\Projects\customer-support-rag\.venv\Lib\site-packages\transformers\models\pixtral\image_processing_pixtral.py", line 19, in <module>
    from torchvision.transforms.v2 import functional as tvF
ModuleNotFoundError: No module named 'torchvision'
2026-08-26 22:39:54.367 Examining the path of transformers.models.poolformer.image_processing_poolformer_fast raised:
Traceback (most recent call last):
  File "C:\Projects\customer-support-rag\.venv\Lib\site-packages\streamlit\watcher\local_sources_watcher.py", line 340, in get_module_paths
    potential_paths = extract_paths(module)
  File "C:\Projects\customer-support-rag\.venv\Lib\site-packages\streamlit\watcher\local_sources_watcher.py", line 327, in <lambda>
    if hasattr(m, "__path__")
       ~~~~~~~^^^^^^^^^^^^^^^
  File "C:\Projects\customer-support-rag\.venv\Lib\site-packages\transformers\__init__.py", line 865, in _getattr
    return getattr(importlib.import_module(target, __name__), name)
                   ~~~~~~~~~~~~~~~~~~~~~~~^^^^^^^^^^^^^^^^^^
  File "C:\Users\suryanarayanan\AppData\Local\Programs\Python\Python313\Lib\importlib\__init__.py", line 88, in import_module
    return _bootstrap._gcd_import(name[level:], package, level)
           ~~~~~~~~~~~~~~~~~~~~~~^^^^^^^^^^^^^^^^^^^^^^^^^^^^^^
  File "<frozen importlib._bootstrap>", line 1395, in _gcd_import
  File "<frozen importlib._bootstrap>", line 1360, in _find_and_load
  File "<frozen importlib._bootstrap>", line 1331, in _find_and_load_unlocked
  File "<frozen importlib._bootstrap>", line 935, in _load_unlocked
  File "<frozen importlib._bootstrap_external>", line 1023, in exec_module
  File "<frozen importlib._bootstrap>", line 488, in _call_with_frames_removed
  File "C:\Projects\customer-support-rag\.venv\Lib\site-packages\transformers\models\poolformer\image_processing_poolformer.py", line 17, in <module>
    from torchvision.transforms.v2 import functional as tvF
ModuleNotFoundError: No module named 'torchvision'
2026-08-26 22:39:54.368 Examining the path of transformers.models.pp_doclayout_v2.image_processing_pp_doclayout_v2_fast raised:
Traceback (most recent call last):
  File "C:\Projects\customer-support-rag\.venv\Lib\site-packages\streamlit\watcher\local_sources_watcher.py", line 340, in get_module_paths
    potential_paths = extract_paths(module)
  File "C:\Projects\customer-support-rag\.venv\Lib\site-packages\streamlit\watcher\local_sources_watcher.py", line 327, in <lambda>
    if hasattr(m, "__path__")
       ~~~~~~~^^^^^^^^^^^^^^^
  File "C:\Projects\customer-support-rag\.venv\Lib\site-packages\transformers\__init__.py", line 865, in _getattr
    return getattr(importlib.import_module(target, __name__), name)
                   ~~~~~~~~~~~~~~~~~~~~~~~^^^^^^^^^^^^^^^^^^
  File "C:\Users\suryanarayanan\AppData\Local\Programs\Python\Python313\Lib\importlib\__init__.py", line 88, in import_module
    return _bootstrap._gcd_import(name[level:], package, level)
           ~~~~~~~~~~~~~~~~~~~~~~^^^^^^^^^^^^^^^^^^^^^^^^^^^^^^
  File "<frozen importlib._bootstrap>", line 1395, in _gcd_import
  File "<frozen importlib._bootstrap>", line 1360, in _find_and_load
  File "<frozen importlib._bootstrap>", line 1331, in _find_and_load_unlocked
  File "<frozen importlib._bootstrap>", line 935, in _load_unlocked
  File "<frozen importlib._bootstrap_external>", line 1023, in exec_module
  File "<frozen importlib._bootstrap>", line 488, in _call_with_frames_removed
  File "C:\Projects\customer-support-rag\.venv\Lib\site-packages\transformers\models\pp_doclayout_v2\image_processing_pp_doclayout_v2.py", line 23, in <module>
    from torchvision.transforms.v2 import functional as tvF
ModuleNotFoundError: No module named 'torchvision'
2026-08-26 22:39:54.369 Examining the path of transformers.models.pp_doclayout_v3.image_processing_pp_doclayout_v3_fast raised:
Traceback (most recent call last):
  File "C:\Projects\customer-support-rag\.venv\Lib\site-packages\streamlit\watcher\local_sources_watcher.py", line 340, in get_module_paths
    potential_paths = extract_paths(module)
  File "C:\Projects\customer-support-rag\.venv\Lib\site-packages\streamlit\watcher\local_sources_watcher.py", line 327, in <lambda>
    if hasattr(m, "__path__")
       ~~~~~~~^^^^^^^^^^^^^^^
  File "C:\Projects\customer-support-rag\.venv\Lib\site-packages\transformers\__init__.py", line 865, in _getattr
    return getattr(importlib.import_module(target, __name__), name)
                   ~~~~~~~~~~~~~~~~~~~~~~~^^^^^^^^^^^^^^^^^^
  File "C:\Users\suryanarayanan\AppData\Local\Programs\Python\Python313\Lib\importlib\__init__.py", line 88, in import_module
    return _bootstrap._gcd_import(name[level:], package, level)
           ~~~~~~~~~~~~~~~~~~~~~~^^^^^^^^^^^^^^^^^^^^^^^^^^^^^^
  File "<frozen importlib._bootstrap>", line 1395, in _gcd_import
  File "<frozen importlib._bootstrap>", line 1360, in _find_and_load
  File "<frozen importlib._bootstrap>", line 1331, in _find_and_load_unlocked
  File "<frozen importlib._bootstrap>", line 935, in _load_unlocked
  File "<frozen importlib._bootstrap_external>", line 1023, in exec_module
  File "<frozen importlib._bootstrap>", line 488, in _call_with_frames_removed
  File "C:\Projects\customer-support-rag\.venv\Lib\site-packages\transformers\models\pp_doclayout_v3\image_processing_pp_doclayout_v3.py", line 24, in <module>
    from torchvision.transforms.v2 import functional as tvF
ModuleNotFoundError: No module named 'torchvision'
2026-08-26 22:39:54.370 Examining the path of transformers.models.pp_formulanet.image_processing_pp_formulanet_fast raised:
Traceback (most recent call last):
  File "C:\Projects\customer-support-rag\.venv\Lib\site-packages\streamlit\watcher\local_sources_watcher.py", line 340, in get_module_paths
    potential_paths = extract_paths(module)
  File "C:\Projects\customer-support-rag\.venv\Lib\site-packages\streamlit\watcher\local_sources_watcher.py", line 327, in <lambda>
    if hasattr(m, "__path__")
       ~~~~~~~^^^^^^^^^^^^^^^
  File "C:\Projects\customer-support-rag\.venv\Lib\site-packages\transformers\__init__.py", line 865, in _getattr
    return getattr(importlib.import_module(target, __name__), name)
                   ~~~~~~~~~~~~~~~~~~~~~~~^^^^^^^^^^^^^^^^^^
  File "C:\Users\suryanarayanan\AppData\Local\Programs\Python\Python313\Lib\importlib\__init__.py", line 88, in import_module
    return _bootstrap._gcd_import(name[level:], package, level)
           ~~~~~~~~~~~~~~~~~~~~~~^^^^^^^^^^^^^^^^^^^^^^^^^^^^^^
  File "<frozen importlib._bootstrap>", line 1395, in _gcd_import
  File "<frozen importlib._bootstrap>", line 1360, in _find_and_load
  File "<frozen importlib._bootstrap>", line 1331, in _find_and_load_unlocked
  File "<frozen importlib._bootstrap>", line 935, in _load_unlocked
  File "<frozen importlib._bootstrap_external>", line 1023, in exec_module
  File "<frozen importlib._bootstrap>", line 488, in _call_with_frames_removed
  File "C:\Projects\customer-support-rag\.venv\Lib\site-packages\transformers\models\pp_formulanet\image_processing_pp_formulanet.py", line 23, in <module>
    from torchvision.transforms.v2 import functional as tvF
ModuleNotFoundError: No module named 'torchvision'
2026-08-26 22:39:54.371 Examining the path of transformers.models.pp_lcnet.image_processing_pp_lcnet_fast raised:
Traceback (most recent call last):
  File "C:\Projects\customer-support-rag\.venv\Lib\site-packages\streamlit\watcher\local_sources_watcher.py", line 340, in get_module_paths
    potential_paths = extract_paths(module)
  File "C:\Projects\customer-support-rag\.venv\Lib\site-packages\streamlit\watcher\local_sources_watcher.py", line 327, in <lambda>
    if hasattr(m, "__path__")
       ~~~~~~~^^^^^^^^^^^^^^^
  File "C:\Projects\customer-support-rag\.venv\Lib\site-packages\transformers\__init__.py", line 865, in _getattr
    return getattr(importlib.import_module(target, __name__), name)
                   ~~~~~~~~~~~~~~~~~~~~~~~^^^^^^^^^^^^^^^^^^
  File "C:\Users\suryanarayanan\AppData\Local\Programs\Python\Python313\Lib\importlib\__init__.py", line 88, in import_module
    return _bootstrap._gcd_import(name[level:], package, level)
           ~~~~~~~~~~~~~~~~~~~~~~^^^^^^^^^^^^^^^^^^^^^^^^^^^^^^
  File "<frozen importlib._bootstrap>", line 1395, in _gcd_import
  File "<frozen importlib._bootstrap>", line 1360, in _find_and_load
  File "<frozen importlib._bootstrap>", line 1331, in _find_and_load_unlocked
  File "<frozen importlib._bootstrap>", line 935, in _load_unlocked
  File "<frozen importlib._bootstrap_external>", line 1023, in exec_module
  File "<frozen importlib._bootstrap>", line 488, in _call_with_frames_removed
  File "C:\Projects\customer-support-rag\.venv\Lib\site-packages\transformers\models\pp_lcnet\image_processing_pp_lcnet.py", line 24, in <module>
    import torchvision.transforms.v2.functional as tvF
ModuleNotFoundError: No module named 'torchvision'
2026-08-26 22:39:54.372 Examining the path of transformers.models.pp_ocrv5_server_det.image_processing_pp_ocrv5_server_det_fast raised:
Traceback (most recent call last):
  File "C:\Projects\customer-support-rag\.venv\Lib\site-packages\streamlit\watcher\local_sources_watcher.py", line 340, in get_module_paths
    potential_paths = extract_paths(module)
  File "C:\Projects\customer-support-rag\.venv\Lib\site-packages\streamlit\watcher\local_sources_watcher.py", line 327, in <lambda>
    if hasattr(m, "__path__")
       ~~~~~~~^^^^^^^^^^^^^^^
  File "C:\Projects\customer-support-rag\.venv\Lib\site-packages\transformers\__init__.py", line 865, in _getattr
    return getattr(importlib.import_module(target, __name__), name)
                   ~~~~~~~~~~~~~~~~~~~~~~~^^^^^^^^^^^^^^^^^^
  File "C:\Users\suryanarayanan\AppData\Local\Programs\Python\Python313\Lib\importlib\__init__.py", line 88, in import_module
    return _bootstrap._gcd_import(name[level:], package, level)
           ~~~~~~~~~~~~~~~~~~~~~~^^^^^^^^^^^^^^^^^^^^^^^^^^^^^^
  File "<frozen importlib._bootstrap>", line 1395, in _gcd_import
  File "<frozen importlib._bootstrap>", line 1360, in _find_and_load
  File "<frozen importlib._bootstrap>", line 1331, in _find_and_load_unlocked
  File "<frozen importlib._bootstrap>", line 935, in _load_unlocked
  File "<frozen importlib._bootstrap_external>", line 1023, in exec_module
  File "<frozen importlib._bootstrap>", line 488, in _call_with_frames_removed
  File "C:\Projects\customer-support-rag\.venv\Lib\site-packages\transformers\models\pp_ocrv5_server_det\image_processing_pp_ocrv5_server_det.py", line 25, in <module>
    import torchvision.transforms.v2.functional as tvF
ModuleNotFoundError: No module named 'torchvision'
2026-08-26 22:39:54.374 Examining the path of transformers.models.pp_ocrv5_server_rec.image_processing_pp_ocrv5_server_rec_fast raised:
Traceback (most recent call last):
  File "C:\Projects\customer-support-rag\.venv\Lib\site-packages\streamlit\watcher\local_sources_watcher.py", line 340, in get_module_paths
    potential_paths = extract_paths(module)
  File "C:\Projects\customer-support-rag\.venv\Lib\site-packages\streamlit\watcher\local_sources_watcher.py", line 327, in <lambda>
    if hasattr(m, "__path__")
       ~~~~~~~^^^^^^^^^^^^^^^
  File "C:\Projects\customer-support-rag\.venv\Lib\site-packages\transformers\__init__.py", line 865, in _getattr
    return getattr(importlib.import_module(target, __name__), name)
                   ~~~~~~~~~~~~~~~~~~~~~~~^^^^^^^^^^^^^^^^^^
  File "C:\Users\suryanarayanan\AppData\Local\Programs\Python\Python313\Lib\importlib\__init__.py", line 88, in import_module
    return _bootstrap._gcd_import(name[level:], package, level)
           ~~~~~~~~~~~~~~~~~~~~~~^^^^^^^^^^^^^^^^^^^^^^^^^^^^^^
  File "<frozen importlib._bootstrap>", line 1395, in _gcd_import
  File "<frozen importlib._bootstrap>", line 1360, in _find_and_load
  File "<frozen importlib._bootstrap>", line 1331, in _find_and_load_unlocked
  File "<frozen importlib._bootstrap>", line 935, in _load_unlocked
  File "<frozen importlib._bootstrap_external>", line 1023, in exec_module
  File "<frozen importlib._bootstrap>", line 488, in _call_with_frames_removed
  File "C:\Projects\customer-support-rag\.venv\Lib\site-packages\transformers\models\pp_ocrv5_server_rec\image_processing_pp_ocrv5_server_rec.py", line 24, in <module>
    import torchvision.transforms.v2.functional as tvF
ModuleNotFoundError: No module named 'torchvision'
2026-08-26 22:39:54.378 Examining the path of transformers.models.pp_ocrv6_small_rec.image_processing_pp_ocrv6_small_rec_fast raised:
Traceback (most recent call last):
  File "C:\Projects\customer-support-rag\.venv\Lib\site-packages\streamlit\watcher\local_sources_watcher.py", line 340, in get_module_paths
    potential_paths = extract_paths(module)
  File "C:\Projects\customer-support-rag\.venv\Lib\site-packages\streamlit\watcher\local_sources_watcher.py", line 327, in <lambda>
    if hasattr(m, "__path__")
       ~~~~~~~^^^^^^^^^^^^^^^
  File "C:\Projects\customer-support-rag\.venv\Lib\site-packages\transformers\__init__.py", line 865, in _getattr
    return getattr(importlib.import_module(target, __name__), name)
                   ~~~~~~~~~~~~~~~~~~~~~~~^^^^^^^^^^^^^^^^^^
  File "C:\Users\suryanarayanan\AppData\Local\Programs\Python\Python313\Lib\importlib\__init__.py", line 88, in import_module
    return _bootstrap._gcd_import(name[level:], package, level)
           ~~~~~~~~~~~~~~~~~~~~~~^^^^^^^^^^^^^^^^^^^^^^^^^^^^^^
  File "<frozen importlib._bootstrap>", line 1395, in _gcd_import
  File "<frozen importlib._bootstrap>", line 1360, in _find_and_load
  File "<frozen importlib._bootstrap>", line 1331, in _find_and_load_unlocked
  File "<frozen importlib._bootstrap>", line 935, in _load_unlocked
  File "<frozen importlib._bootstrap_external>", line 1023, in exec_module
  File "<frozen importlib._bootstrap>", line 488, in _call_with_frames_removed
  File "C:\Projects\customer-support-rag\.venv\Lib\site-packages\transformers\models\pp_ocrv6_small_rec\image_processing_pp_ocrv6_small_rec.py", line 24, in <module>
    import torchvision.transforms.v2.functional as tvF
ModuleNotFoundError: No module named 'torchvision'
2026-08-26 22:39:54.379 Examining the path of transformers.models.prompt_depth_anything.image_processing_prompt_depth_anything_fast raised:
Traceback (most recent call last):
  File "C:\Projects\customer-support-rag\.venv\Lib\site-packages\streamlit\watcher\local_sources_watcher.py", line 340, in get_module_paths
    potential_paths = extract_paths(module)
  File "C:\Projects\customer-support-rag\.venv\Lib\site-packages\streamlit\watcher\local_sources_watcher.py", line 327, in <lambda>
    if hasattr(m, "__path__")
       ~~~~~~~^^^^^^^^^^^^^^^
  File "C:\Projects\customer-support-rag\.venv\Lib\site-packages\transformers\__init__.py", line 865, in _getattr
    return getattr(importlib.import_module(target, __name__), name)
                   ~~~~~~~~~~~~~~~~~~~~~~~^^^^^^^^^^^^^^^^^^
  File "C:\Users\suryanarayanan\AppData\Local\Programs\Python\Python313\Lib\importlib\__init__.py", line 88, in import_module
    return _bootstrap._gcd_import(name[level:], package, level)
           ~~~~~~~~~~~~~~~~~~~~~~^^^^^^^^^^^^^^^^^^^^^^^^^^^^^^
  File "<frozen importlib._bootstrap>", line 1395, in _gcd_import
  File "<frozen importlib._bootstrap>", line 1360, in _find_and_load
  File "<frozen importlib._bootstrap>", line 1331, in _find_and_load_unlocked
  File "<frozen importlib._bootstrap>", line 935, in _load_unlocked
  File "<frozen importlib._bootstrap_external>", line 1023, in exec_module
  File "<frozen importlib._bootstrap>", line 488, in _call_with_frames_removed
  File "C:\Projects\customer-support-rag\.venv\Lib\site-packages\transformers\models\prompt_depth_anything\image_processing_prompt_depth_anything.py", line 42, in <module>
    from torchvision.transforms.v2 import functional as tvF
ModuleNotFoundError: No module named 'torchvision'
2026-08-26 22:39:54.380 Examining the path of transformers.models.qwen2_vl.image_processing_qwen2_vl_fast raised:
Traceback (most recent call last):
  File "C:\Projects\customer-support-rag\.venv\Lib\site-packages\streamlit\watcher\local_sources_watcher.py", line 340, in get_module_paths
    potential_paths = extract_paths(module)
  File "C:\Projects\customer-support-rag\.venv\Lib\site-packages\streamlit\watcher\local_sources_watcher.py", line 327, in <lambda>
    if hasattr(m, "__path__")
       ~~~~~~~^^^^^^^^^^^^^^^
  File "C:\Projects\customer-support-rag\.venv\Lib\site-packages\transformers\__init__.py", line 865, in _getattr
    return getattr(importlib.import_module(target, __name__), name)
                   ~~~~~~~~~~~~~~~~~~~~~~~^^^^^^^^^^^^^^^^^^
  File "C:\Users\suryanarayanan\AppData\Local\Programs\Python\Python313\Lib\importlib\__init__.py", line 88, in import_module
    return _bootstrap._gcd_import(name[level:], package, level)
           ~~~~~~~~~~~~~~~~~~~~~~^^^^^^^^^^^^^^^^^^^^^^^^^^^^^^
  File "<frozen importlib._bootstrap>", line 1395, in _gcd_import
  File "<frozen importlib._bootstrap>", line 1360, in _find_and_load
  File "<frozen importlib._bootstrap>", line 1331, in _find_and_load_unlocked
  File "<frozen importlib._bootstrap>", line 935, in _load_unlocked
  File "<frozen importlib._bootstrap_external>", line 1023, in exec_module
  File "<frozen importlib._bootstrap>", line 488, in _call_with_frames_removed
  File "C:\Projects\customer-support-rag\.venv\Lib\site-packages\transformers\models\qwen2_vl\image_processing_qwen2_vl.py", line 25, in <module>
    from torchvision.transforms.v2 import functional as tvF
ModuleNotFoundError: No module named 'torchvision'
2026-08-26 22:39:54.381 Examining the path of transformers.models.rf_detr.image_processing_rf_detr_fast raised:
Traceback (most recent call last):
  File "C:\Projects\customer-support-rag\.venv\Lib\site-packages\streamlit\watcher\local_sources_watcher.py", line 340, in get_module_paths
    potential_paths = extract_paths(module)
  File "C:\Projects\customer-support-rag\.venv\Lib\site-packages\streamlit\watcher\local_sources_watcher.py", line 327, in <lambda>
    if hasattr(m, "__path__")
       ~~~~~~~^^^^^^^^^^^^^^^
  File "C:\Projects\customer-support-rag\.venv\Lib\site-packages\transformers\__init__.py", line 865, in _getattr
    return getattr(importlib.import_module(target, __name__), name)
                   ~~~~~~~~~~~~~~~~~~~~~~~^^^^^^^^^^^^^^^^^^
  File "C:\Users\suryanarayanan\AppData\Local\Programs\Python\Python313\Lib\importlib\__init__.py", line 88, in import_module
    return _bootstrap._gcd_import(name[level:], package, level)
           ~~~~~~~~~~~~~~~~~~~~~~^^^^^^^^^^^^^^^^^^^^^^^^^^^^^^
  File "<frozen importlib._bootstrap>", line 1395, in _gcd_import
  File "<frozen importlib._bootstrap>", line 1360, in _find_and_load
  File "<frozen importlib._bootstrap>", line 1331, in _find_and_load_unlocked
  File "<frozen importlib._bootstrap>", line 935, in _load_unlocked
  File "<frozen importlib._bootstrap_external>", line 1023, in exec_module
  File "<frozen importlib._bootstrap>", line 488, in _call_with_frames_removed
  File "C:\Projects\customer-support-rag\.venv\Lib\site-packages\transformers\models\rf_detr\image_processing_rf_detr.py", line 26, in <module>
    from torchvision.transforms.v2 import functional as tvF
ModuleNotFoundError: No module named 'torchvision'
2026-08-26 22:39:54.382 Examining the path of transformers.models.rt_detr.image_processing_rt_detr_fast raised:
Traceback (most recent call last):
  File "C:\Projects\customer-support-rag\.venv\Lib\site-packages\streamlit\watcher\local_sources_watcher.py", line 340, in get_module_paths
    potential_paths = extract_paths(module)
  File "C:\Projects\customer-support-rag\.venv\Lib\site-packages\streamlit\watcher\local_sources_watcher.py", line 327, in <lambda>
    if hasattr(m, "__path__")
       ~~~~~~~^^^^^^^^^^^^^^^
  File "C:\Projects\customer-support-rag\.venv\Lib\site-packages\transformers\__init__.py", line 865, in _getattr
    return getattr(importlib.import_module(target, __name__), name)
                   ~~~~~~~~~~~~~~~~~~~~~~~^^^^^^^^^^^^^^^^^^
  File "C:\Users\suryanarayanan\AppData\Local\Programs\Python\Python313\Lib\importlib\__init__.py", line 88, in import_module
    return _bootstrap._gcd_import(name[level:], package, level)
           ~~~~~~~~~~~~~~~~~~~~~~^^^^^^^^^^^^^^^^^^^^^^^^^^^^^^
  File "<frozen importlib._bootstrap>", line 1395, in _gcd_import
  File "<frozen importlib._bootstrap>", line 1360, in _find_and_load
  File "<frozen importlib._bootstrap>", line 1331, in _find_and_load_unlocked
  File "<frozen importlib._bootstrap>", line 935, in _load_unlocked
  File "<frozen importlib._bootstrap_external>", line 1023, in exec_module
  File "<frozen importlib._bootstrap>", line 488, in _call_with_frames_removed
  File "C:\Projects\customer-support-rag\.venv\Lib\site-packages\transformers\models\rt_detr\image_processing_rt_detr.py", line 24, in <module>
    from torchvision.transforms.v2 import functional as tvF
ModuleNotFoundError: No module named 'torchvision'
2026-08-26 22:39:54.383 Examining the path of transformers.models.sam.image_processing_sam_fast raised:
Traceback (most recent call last):
  File "C:\Projects\customer-support-rag\.venv\Lib\site-packages\streamlit\watcher\local_sources_watcher.py", line 340, in get_module_paths
    potential_paths = extract_paths(module)
  File "C:\Projects\customer-support-rag\.venv\Lib\site-packages\streamlit\watcher\local_sources_watcher.py", line 327, in <lambda>
    if hasattr(m, "__path__")
       ~~~~~~~^^^^^^^^^^^^^^^
  File "C:\Projects\customer-support-rag\.venv\Lib\site-packages\transformers\__init__.py", line 865, in _getattr
    return getattr(importlib.import_module(target, __name__), name)
                   ~~~~~~~~~~~~~~~~~~~~~~~^^^^^^^^^^^^^^^^^^
  File "C:\Users\suryanarayanan\AppData\Local\Programs\Python\Python313\Lib\importlib\__init__.py", line 88, in import_module
    return _bootstrap._gcd_import(name[level:], package, level)
           ~~~~~~~~~~~~~~~~~~~~~~^^^^^^^^^^^^^^^^^^^^^^^^^^^^^^
  File "<frozen importlib._bootstrap>", line 1395, in _gcd_import
  File "<frozen importlib._bootstrap>", line 1360, in _find_and_load
  File "<frozen importlib._bootstrap>", line 1331, in _find_and_load_unlocked
  File "<frozen importlib._bootstrap>", line 935, in _load_unlocked
  File "<frozen importlib._bootstrap_external>", line 1023, in exec_module
  File "<frozen importlib._bootstrap>", line 488, in _call_with_frames_removed
  File "C:\Projects\customer-support-rag\.venv\Lib\site-packages\transformers\models\sam\image_processing_sam.py", line 25, in <module>
    from torchvision.ops.boxes import batched_nms
ModuleNotFoundError: No module named 'torchvision'
2026-08-26 22:39:54.385 Examining the path of transformers.models.sam2.image_processing_sam2_fast raised:
Traceback (most recent call last):
  File "C:\Projects\customer-support-rag\.venv\Lib\site-packages\streamlit\watcher\local_sources_watcher.py", line 340, in get_module_paths
    potential_paths = extract_paths(module)
  File "C:\Projects\customer-support-rag\.venv\Lib\site-packages\streamlit\watcher\local_sources_watcher.py", line 327, in <lambda>
    if hasattr(m, "__path__")
       ~~~~~~~^^^^^^^^^^^^^^^
  File "C:\Projects\customer-support-rag\.venv\Lib\site-packages\transformers\__init__.py", line 865, in _getattr
    return getattr(importlib.import_module(target, __name__), name)
                   ~~~~~~~~~~~~~~~~~~~~~~~^^^^^^^^^^^^^^^^^^
  File "C:\Users\suryanarayanan\AppData\Local\Programs\Python\Python313\Lib\importlib\__init__.py", line 88, in import_module
    return _bootstrap._gcd_import(name[level:], package, level)
           ~~~~~~~~~~~~~~~~~~~~~~^^^^^^^^^^^^^^^^^^^^^^^^^^^^^^
  File "<frozen importlib._bootstrap>", line 1395, in _gcd_import
  File "<frozen importlib._bootstrap>", line 1360, in _find_and_load
  File "<frozen importlib._bootstrap>", line 1331, in _find_and_load_unlocked
  File "<frozen importlib._bootstrap>", line 935, in _load_unlocked
  File "<frozen importlib._bootstrap_external>", line 1023, in exec_module
  File "<frozen importlib._bootstrap>", line 488, in _call_with_frames_removed
  File "C:\Projects\customer-support-rag\.venv\Lib\site-packages\transformers\models\sam2\image_processing_sam2.py", line 28, in <module>
    from torchvision.ops.boxes import batched_nms
ModuleNotFoundError: No module named 'torchvision'
2026-08-26 22:39:54.386 Examining the path of transformers.models.sam3.image_processing_sam3_fast raised:
Traceback (most recent call last):
  File "C:\Projects\customer-support-rag\.venv\Lib\site-packages\streamlit\watcher\local_sources_watcher.py", line 340, in get_module_paths
    potential_paths = extract_paths(module)
  File "C:\Projects\customer-support-rag\.venv\Lib\site-packages\streamlit\watcher\local_sources_watcher.py", line 327, in <lambda>
    if hasattr(m, "__path__")
       ~~~~~~~^^^^^^^^^^^^^^^
  File "C:\Projects\customer-support-rag\.venv\Lib\site-packages\transformers\__init__.py", line 865, in _getattr
    return getattr(importlib.import_module(target, __name__), name)
                   ~~~~~~~~~~~~~~~~~~~~~~~^^^^^^^^^^^^^^^^^^
  File "C:\Users\suryanarayanan\AppData\Local\Programs\Python\Python313\Lib\importlib\__init__.py", line 88, in import_module
    return _bootstrap._gcd_import(name[level:], package, level)
           ~~~~~~~~~~~~~~~~~~~~~~^^^^^^^^^^^^^^^^^^^^^^^^^^^^^^
  File "<frozen importlib._bootstrap>", line 1395, in _gcd_import
  File "<frozen importlib._bootstrap>", line 1360, in _find_and_load
  File "<frozen importlib._bootstrap>", line 1331, in _find_and_load_unlocked
  File "<frozen importlib._bootstrap>", line 935, in _load_unlocked
  File "<frozen importlib._bootstrap_external>", line 1023, in exec_module
  File "<frozen importlib._bootstrap>", line 488, in _call_with_frames_removed
  File "C:\Projects\customer-support-rag\.venv\Lib\site-packages\transformers\models\sam3\image_processing_sam3.py", line 30, in <module>
    from torchvision.ops.boxes import batched_nms
ModuleNotFoundError: No module named 'torchvision'
2026-08-26 22:39:54.387 Examining the path of transformers.models.sapiens2.image_processing_sapiens2_fast raised:
Traceback (most recent call last):
  File "C:\Projects\customer-support-rag\.venv\Lib\site-packages\streamlit\watcher\local_sources_watcher.py", line 340, in get_module_paths
    potential_paths = extract_paths(module)
  File "C:\Projects\customer-support-rag\.venv\Lib\site-packages\streamlit\watcher\local_sources_watcher.py", line 327, in <lambda>
    if hasattr(m, "__path__")
       ~~~~~~~^^^^^^^^^^^^^^^
  File "C:\Projects\customer-support-rag\.venv\Lib\site-packages\transformers\__init__.py", line 865, in _getattr
    return getattr(importlib.import_module(target, __name__), name)
                   ~~~~~~~~~~~~~~~~~~~~~~~^^^^^^^^^^^^^^^^^^
  File "C:\Users\suryanarayanan\AppData\Local\Programs\Python\Python313\Lib\importlib\__init__.py", line 88, in import_module
    return _bootstrap._gcd_import(name[level:], package, level)
           ~~~~~~~~~~~~~~~~~~~~~~^^^^^^^^^^^^^^^^^^^^^^^^^^^^^^
  File "<frozen importlib._bootstrap>", line 1395, in _gcd_import
  File "<frozen importlib._bootstrap>", line 1360, in _find_and_load
  File "<frozen importlib._bootstrap>", line 1331, in _find_and_load_unlocked
  File "<frozen importlib._bootstrap>", line 935, in _load_unlocked
  File "<frozen importlib._bootstrap_external>", line 1023, in exec_module
  File "<frozen importlib._bootstrap>", line 488, in _call_with_frames_removed
  File "C:\Projects\customer-support-rag\.venv\Lib\site-packages\transformers\models\sapiens2\image_processing_sapiens2.py", line 23, in <module>
    from torchvision.transforms.v2 import functional as tvF
ModuleNotFoundError: No module named 'torchvision'
2026-08-26 22:39:54.388 Examining the path of transformers.models.segformer.image_processing_segformer_fast raised:
Traceback (most recent call last):
  File "C:\Projects\customer-support-rag\.venv\Lib\site-packages\streamlit\watcher\local_sources_watcher.py", line 340, in get_module_paths
    potential_paths = extract_paths(module)
  File "C:\Projects\customer-support-rag\.venv\Lib\site-packages\streamlit\watcher\local_sources_watcher.py", line 327, in <lambda>
    if hasattr(m, "__path__")
       ~~~~~~~^^^^^^^^^^^^^^^
  File "C:\Projects\customer-support-rag\.venv\Lib\site-packages\transformers\__init__.py", line 865, in _getattr
    return getattr(importlib.import_module(target, __name__), name)
                   ~~~~~~~~~~~~~~~~~~~~~~~^^^^^^^^^^^^^^^^^^
  File "C:\Users\suryanarayanan\AppData\Local\Programs\Python\Python313\Lib\importlib\__init__.py", line 88, in import_module
    return _bootstrap._gcd_import(name[level:], package, level)
           ~~~~~~~~~~~~~~~~~~~~~~^^^^^^^^^^^^^^^^^^^^^^^^^^^^^^
  File "<frozen importlib._bootstrap>", line 1395, in _gcd_import
  File "<frozen importlib._bootstrap>", line 1360, in _find_and_load
  File "<frozen importlib._bootstrap>", line 1331, in _find_and_load_unlocked
  File "<frozen importlib._bootstrap>", line 935, in _load_unlocked
  File "<frozen importlib._bootstrap_external>", line 1023, in exec_module
  File "<frozen importlib._bootstrap>", line 488, in _call_with_frames_removed
  File "C:\Projects\customer-support-rag\.venv\Lib\site-packages\transformers\models\segformer\image_processing_segformer.py", line 25, in <module>
    import torchvision.transforms.v2.functional as tvF
ModuleNotFoundError: No module named 'torchvision'
2026-08-26 22:39:54.389 Examining the path of transformers.models.seggpt.image_processing_seggpt_fast raised:
Traceback (most recent call last):
  File "C:\Projects\customer-support-rag\.venv\Lib\site-packages\streamlit\watcher\local_sources_watcher.py", line 340, in get_module_paths
    potential_paths = extract_paths(module)
  File "C:\Projects\customer-support-rag\.venv\Lib\site-packages\streamlit\watcher\local_sources_watcher.py", line 327, in <lambda>
    if hasattr(m, "__path__")
       ~~~~~~~^^^^^^^^^^^^^^^
  File "C:\Projects\customer-support-rag\.venv\Lib\site-packages\transformers\__init__.py", line 865, in _getattr
    return getattr(importlib.import_module(target, __name__), name)
                   ~~~~~~~~~~~~~~~~~~~~~~~^^^^^^^^^^^^^^^^^^
  File "C:\Users\suryanarayanan\AppData\Local\Programs\Python\Python313\Lib\importlib\__init__.py", line 88, in import_module
    return _bootstrap._gcd_import(name[level:], package, level)
           ~~~~~~~~~~~~~~~~~~~~~~^^^^^^^^^^^^^^^^^^^^^^^^^^^^^^
  File "<frozen importlib._bootstrap>", line 1395, in _gcd_import
  File "<frozen importlib._bootstrap>", line 1360, in _find_and_load
  File "<frozen importlib._bootstrap>", line 1331, in _find_and_load_unlocked
  File "<frozen importlib._bootstrap>", line 935, in _load_unlocked
  File "<frozen importlib._bootstrap_external>", line 1023, in exec_module
  File "<frozen importlib._bootstrap>", line 488, in _call_with_frames_removed
  File "C:\Projects\customer-support-rag\.venv\Lib\site-packages\transformers\models\seggpt\image_processing_seggpt.py", line 20, in <module>
    from torchvision.transforms.v2 import functional as tvF
ModuleNotFoundError: No module named 'torchvision'
2026-08-26 22:39:54.391 Examining the path of transformers.models.siglip2.image_processing_siglip2_fast raised:
Traceback (most recent call last):
  File "C:\Projects\customer-support-rag\.venv\Lib\site-packages\streamlit\watcher\local_sources_watcher.py", line 340, in get_module_paths
    potential_paths = extract_paths(module)
  File "C:\Projects\customer-support-rag\.venv\Lib\site-packages\streamlit\watcher\local_sources_watcher.py", line 327, in <lambda>
    if hasattr(m, "__path__")
       ~~~~~~~^^^^^^^^^^^^^^^
  File "C:\Projects\customer-support-rag\.venv\Lib\site-packages\transformers\__init__.py", line 865, in _getattr
    return getattr(importlib.import_module(target, __name__), name)
                   ~~~~~~~~~~~~~~~~~~~~~~~^^^^^^^^^^^^^^^^^^
  File "C:\Users\suryanarayanan\AppData\Local\Programs\Python\Python313\Lib\importlib\__init__.py", line 88, in import_module
    return _bootstrap._gcd_import(name[level:], package, level)
           ~~~~~~~~~~~~~~~~~~~~~~^^^^^^^^^^^^^^^^^^^^^^^^^^^^^^
  File "<frozen importlib._bootstrap>", line 1395, in _gcd_import
  File "<frozen importlib._bootstrap>", line 1360, in _find_and_load
  File "<frozen importlib._bootstrap>", line 1331, in _find_and_load_unlocked
  File "<frozen importlib._bootstrap>", line 935, in _load_unlocked
  File "<frozen importlib._bootstrap_external>", line 1023, in exec_module
  File "<frozen importlib._bootstrap>", line 488, in _call_with_frames_removed
  File "C:\Projects\customer-support-rag\.venv\Lib\site-packages\transformers\models\siglip2\image_processing_siglip2.py", line 17, in <module>
    from torchvision.transforms.v2 import functional as tvF
ModuleNotFoundError: No module named 'torchvision'
2026-08-26 22:39:54.395 Examining the path of transformers.models.slanext.image_processing_slanext_fast raised:
Traceback (most recent call last):
  File "C:\Projects\customer-support-rag\.venv\Lib\site-packages\streamlit\watcher\local_sources_watcher.py", line 340, in get_module_paths
    potential_paths = extract_paths(module)
  File "C:\Projects\customer-support-rag\.venv\Lib\site-packages\streamlit\watcher\local_sources_watcher.py", line 327, in <lambda>
    if hasattr(m, "__path__")
       ~~~~~~~^^^^^^^^^^^^^^^
  File "C:\Projects\customer-support-rag\.venv\Lib\site-packages\transformers\__init__.py", line 865, in _getattr
    return getattr(importlib.import_module(target, __name__), name)
                   ~~~~~~~~~~~~~~~~~~~~~~~^^^^^^^^^^^^^^^^^^
  File "C:\Users\suryanarayanan\AppData\Local\Programs\Python\Python313\Lib\importlib\__init__.py", line 88, in import_module
    return _bootstrap._gcd_import(name[level:], package, level)
           ~~~~~~~~~~~~~~~~~~~~~~^^^^^^^^^^^^^^^^^^^^^^^^^^^^^^
  File "<frozen importlib._bootstrap>", line 1395, in _gcd_import
  File "<frozen importlib._bootstrap>", line 1360, in _find_and_load
  File "<frozen importlib._bootstrap>", line 1331, in _find_and_load_unlocked
  File "<frozen importlib._bootstrap>", line 935, in _load_unlocked
  File "<frozen importlib._bootstrap_external>", line 1023, in exec_module
  File "<frozen importlib._bootstrap>", line 488, in _call_with_frames_removed
  File "C:\Projects\customer-support-rag\.venv\Lib\site-packages\transformers\models\slanext\image_processing_slanext.py", line 23, in <module>
    import torchvision.transforms.v2.functional as tvF
ModuleNotFoundError: No module named 'torchvision'
2026-08-26 22:39:54.396 Examining the path of transformers.models.smolvlm.image_processing_smolvlm_fast raised:
Traceback (most recent call last):
  File "C:\Projects\customer-support-rag\.venv\Lib\site-packages\streamlit\watcher\local_sources_watcher.py", line 340, in get_module_paths
    potential_paths = extract_paths(module)
  File "C:\Projects\customer-support-rag\.venv\Lib\site-packages\streamlit\watcher\local_sources_watcher.py", line 327, in <lambda>
    if hasattr(m, "__path__")
       ~~~~~~~^^^^^^^^^^^^^^^
  File "C:\Projects\customer-support-rag\.venv\Lib\site-packages\transformers\__init__.py", line 865, in _getattr
    return getattr(importlib.import_module(target, __name__), name)
                   ~~~~~~~~~~~~~~~~~~~~~~~^^^^^^^^^^^^^^^^^^
  File "C:\Users\suryanarayanan\AppData\Local\Programs\Python\Python313\Lib\importlib\__init__.py", line 88, in import_module
    return _bootstrap._gcd_import(name[level:], package, level)
           ~~~~~~~~~~~~~~~~~~~~~~^^^^^^^^^^^^^^^^^^^^^^^^^^^^^^
  File "<frozen importlib._bootstrap>", line 1395, in _gcd_import
  File "<frozen importlib._bootstrap>", line 1360, in _find_and_load
  File "<frozen importlib._bootstrap>", line 1331, in _find_and_load_unlocked
  File "<frozen importlib._bootstrap>", line 935, in _load_unlocked
  File "<frozen importlib._bootstrap_external>", line 1023, in exec_module
  File "<frozen importlib._bootstrap>", line 488, in _call_with_frames_removed
  File "C:\Projects\customer-support-rag\.venv\Lib\site-packages\transformers\models\smolvlm\image_processing_smolvlm.py", line 27, in <module>
    from torchvision.transforms.v2 import functional as tvF
ModuleNotFoundError: No module named 'torchvision'
2026-08-26 22:39:54.398 Examining the path of transformers.models.superglue.image_processing_superglue_fast raised:
Traceback (most recent call last):
  File "C:\Projects\customer-support-rag\.venv\Lib\site-packages\streamlit\watcher\local_sources_watcher.py", line 340, in get_module_paths
    potential_paths = extract_paths(module)
  File "C:\Projects\customer-support-rag\.venv\Lib\site-packages\streamlit\watcher\local_sources_watcher.py", line 327, in <lambda>
    if hasattr(m, "__path__")
       ~~~~~~~^^^^^^^^^^^^^^^
  File "C:\Projects\customer-support-rag\.venv\Lib\site-packages\transformers\__init__.py", line 865, in _getattr
    return getattr(importlib.import_module(target, __name__), name)
                   ~~~~~~~~~~~~~~~~~~~~~~~^^^^^^^^^^^^^^^^^^
  File "C:\Users\suryanarayanan\AppData\Local\Programs\Python\Python313\Lib\importlib\__init__.py", line 88, in import_module
    return _bootstrap._gcd_import(name[level:], package, level)
           ~~~~~~~~~~~~~~~~~~~~~~^^^^^^^^^^^^^^^^^^^^^^^^^^^^^^
  File "<frozen importlib._bootstrap>", line 1395, in _gcd_import
  File "<frozen importlib._bootstrap>", line 1360, in _find_and_load
  File "<frozen importlib._bootstrap>", line 1331, in _find_and_load_unlocked
  File "<frozen importlib._bootstrap>", line 935, in _load_unlocked
  File "<frozen importlib._bootstrap_external>", line 1023, in exec_module
  File "<frozen importlib._bootstrap>", line 488, in _call_with_frames_removed
  File "C:\Projects\customer-support-rag\.venv\Lib\site-packages\transformers\models\superglue\image_processing_superglue.py", line 47, in <module>
    from torchvision.transforms.v2 import functional as tvF
ModuleNotFoundError: No module named 'torchvision'
2026-08-26 22:39:54.399 Examining the path of transformers.models.superpoint.image_processing_superpoint_fast raised:
Traceback (most recent call last):
  File "C:\Projects\customer-support-rag\.venv\Lib\site-packages\streamlit\watcher\local_sources_watcher.py", line 340, in get_module_paths
    potential_paths = extract_paths(module)
  File "C:\Projects\customer-support-rag\.venv\Lib\site-packages\streamlit\watcher\local_sources_watcher.py", line 327, in <lambda>
    if hasattr(m, "__path__")
       ~~~~~~~^^^^^^^^^^^^^^^
  File "C:\Projects\customer-support-rag\.venv\Lib\site-packages\transformers\__init__.py", line 865, in _getattr
    return getattr(importlib.import_module(target, __name__), name)
                   ~~~~~~~~~~~~~~~~~~~~~~~^^^^^^^^^^^^^^^^^^
  File "C:\Users\suryanarayanan\AppData\Local\Programs\Python\Python313\Lib\importlib\__init__.py", line 88, in import_module
    return _bootstrap._gcd_import(name[level:], package, level)
           ~~~~~~~~~~~~~~~~~~~~~~^^^^^^^^^^^^^^^^^^^^^^^^^^^^^^
  File "<frozen importlib._bootstrap>", line 1395, in _gcd_import
  File "<frozen importlib._bootstrap>", line 1360, in _find_and_load
  File "<frozen importlib._bootstrap>", line 1331, in _find_and_load_unlocked
  File "<frozen importlib._bootstrap>", line 935, in _load_unlocked
  File "<frozen importlib._bootstrap_external>", line 1023, in exec_module
  File "<frozen importlib._bootstrap>", line 488, in _call_with_frames_removed
  File "C:\Projects\customer-support-rag\.venv\Lib\site-packages\transformers\models\superpoint\image_processing_superpoint.py", line 31, in <module>
    from torchvision.transforms.v2 import functional as tvF
ModuleNotFoundError: No module named 'torchvision'
2026-08-26 22:39:54.400 Examining the path of transformers.models.swin2sr.image_processing_swin2sr_fast raised:
Traceback (most recent call last):
  File "C:\Projects\customer-support-rag\.venv\Lib\site-packages\streamlit\watcher\local_sources_watcher.py", line 340, in get_module_paths
    potential_paths = extract_paths(module)
  File "C:\Projects\customer-support-rag\.venv\Lib\site-packages\streamlit\watcher\local_sources_watcher.py", line 327, in <lambda>
    if hasattr(m, "__path__")
       ~~~~~~~^^^^^^^^^^^^^^^
  File "C:\Projects\customer-support-rag\.venv\Lib\site-packages\transformers\__init__.py", line 865, in _getattr
    return getattr(importlib.import_module(target, __name__), name)
                   ~~~~~~~~~~~~~~~~~~~~~~~^^^^^^^^^^^^^^^^^^
  File "C:\Users\suryanarayanan\AppData\Local\Programs\Python\Python313\Lib\importlib\__init__.py", line 88, in import_module
    return _bootstrap._gcd_import(name[level:], package, level)
           ~~~~~~~~~~~~~~~~~~~~~~^^^^^^^^^^^^^^^^^^^^^^^^^^^^^^
  File "<frozen importlib._bootstrap>", line 1395, in _gcd_import
  File "<frozen importlib._bootstrap>", line 1360, in _find_and_load
  File "<frozen importlib._bootstrap>", line 1331, in _find_and_load_unlocked
  File "<frozen importlib._bootstrap>", line 935, in _load_unlocked
  File "<frozen importlib._bootstrap_external>", line 1023, in exec_module
  File "<frozen importlib._bootstrap>", line 488, in _call_with_frames_removed
  File "C:\Projects\customer-support-rag\.venv\Lib\site-packages\transformers\models\swin2sr\image_processing_swin2sr.py", line 17, in <module>
    from torchvision.transforms.v2 import functional as tvF
ModuleNotFoundError: No module named 'torchvision'
2026-08-26 22:39:54.402 Examining the path of transformers.models.textnet.image_processing_textnet_fast raised:
Traceback (most recent call last):
  File "C:\Projects\customer-support-rag\.venv\Lib\site-packages\streamlit\watcher\local_sources_watcher.py", line 340, in get_module_paths
    potential_paths = extract_paths(module)
  File "C:\Projects\customer-support-rag\.venv\Lib\site-packages\streamlit\watcher\local_sources_watcher.py", line 327, in <lambda>
    if hasattr(m, "__path__")
       ~~~~~~~^^^^^^^^^^^^^^^
  File "C:\Projects\customer-support-rag\.venv\Lib\site-packages\transformers\__init__.py", line 865, in _getattr
    return getattr(importlib.import_module(target, __name__), name)
                   ~~~~~~~~~~~~~~~~~~~~~~~^^^^^^^^^^^^^^^^^^
  File "C:\Users\suryanarayanan\AppData\Local\Programs\Python\Python313\Lib\importlib\__init__.py", line 88, in import_module
    return _bootstrap._gcd_import(name[level:], package, level)
           ~~~~~~~~~~~~~~~~~~~~~~^^^^^^^^^^^^^^^^^^^^^^^^^^^^^^
  File "<frozen importlib._bootstrap>", line 1395, in _gcd_import
  File "<frozen importlib._bootstrap>", line 1360, in _find_and_load
  File "<frozen importlib._bootstrap>", line 1331, in _find_and_load_unlocked
  File "<frozen importlib._bootstrap>", line 935, in _load_unlocked
  File "<frozen importlib._bootstrap_external>", line 1023, in exec_module
  File "<frozen importlib._bootstrap>", line 488, in _call_with_frames_removed
  File "C:\Projects\customer-support-rag\.venv\Lib\site-packages\transformers\models\textnet\image_processing_textnet.py", line 17, in <module>
    from torchvision.transforms.v2 import functional as tvF
ModuleNotFoundError: No module named 'torchvision'
2026-08-26 22:39:54.403 Examining the path of transformers.models.tvp.image_processing_tvp_fast raised:
Traceback (most recent call last):
  File "C:\Projects\customer-support-rag\.venv\Lib\site-packages\streamlit\watcher\local_sources_watcher.py", line 340, in get_module_paths
    potential_paths = extract_paths(module)
  File "C:\Projects\customer-support-rag\.venv\Lib\site-packages\streamlit\watcher\local_sources_watcher.py", line 327, in <lambda>
    if hasattr(m, "__path__")
       ~~~~~~~^^^^^^^^^^^^^^^
  File "C:\Projects\customer-support-rag\.venv\Lib\site-packages\transformers\__init__.py", line 865, in _getattr
    return getattr(importlib.import_module(target, __name__), name)
                   ~~~~~~~~~~~~~~~~~~~~~~~^^^^^^^^^^^^^^^^^^
  File "C:\Users\suryanarayanan\AppData\Local\Programs\Python\Python313\Lib\importlib\__init__.py", line 88, in import_module
    return _bootstrap._gcd_import(name[level:], package, level)
           ~~~~~~~~~~~~~~~~~~~~~~^^^^^^^^^^^^^^^^^^^^^^^^^^^^^^
  File "<frozen importlib._bootstrap>", line 1395, in _gcd_import
  File "<frozen importlib._bootstrap>", line 1360, in _find_and_load
  File "<frozen importlib._bootstrap>", line 1331, in _find_and_load_unlocked
  File "<frozen importlib._bootstrap>", line 935, in _load_unlocked
  File "<frozen importlib._bootstrap_external>", line 1023, in exec_module
  File "<frozen importlib._bootstrap>", line 488, in _call_with_frames_removed
  File "C:\Projects\customer-support-rag\.venv\Lib\site-packages\transformers\models\tvp\image_processing_tvp.py", line 17, in <module>
    from torchvision.transforms.v2 import functional as tvF
ModuleNotFoundError: No module named 'torchvision'
2026-08-26 22:39:54.404 Examining the path of transformers.models.video_llama_3.image_processing_video_llama_3_fast raised:
Traceback (most recent call last):
  File "C:\Projects\customer-support-rag\.venv\Lib\site-packages\streamlit\watcher\local_sources_watcher.py", line 340, in get_module_paths
    potential_paths = extract_paths(module)
  File "C:\Projects\customer-support-rag\.venv\Lib\site-packages\streamlit\watcher\local_sources_watcher.py", line 327, in <lambda>
    if hasattr(m, "__path__")
       ~~~~~~~^^^^^^^^^^^^^^^
  File "C:\Projects\customer-support-rag\.venv\Lib\site-packages\transformers\__init__.py", line 865, in _getattr
    return getattr(importlib.import_module(target, __name__), name)
                   ~~~~~~~~~~~~~~~~~~~~~~~^^^^^^^^^^^^^^^^^^
  File "C:\Users\suryanarayanan\AppData\Local\Programs\Python\Python313\Lib\importlib\__init__.py", line 88, in import_module
    return _bootstrap._gcd_import(name[level:], package, level)
           ~~~~~~~~~~~~~~~~~~~~~~^^^^^^^^^^^^^^^^^^^^^^^^^^^^^^
  File "<frozen importlib._bootstrap>", line 1395, in _gcd_import
  File "<frozen importlib._bootstrap>", line 1360, in _find_and_load
  File "<frozen importlib._bootstrap>", line 1331, in _find_and_load_unlocked
  File "<frozen importlib._bootstrap>", line 935, in _load_unlocked
  File "<frozen importlib._bootstrap_external>", line 1023, in exec_module
  File "<frozen importlib._bootstrap>", line 488, in _call_with_frames_removed
  File "C:\Projects\customer-support-rag\.venv\Lib\site-packages\transformers\models\video_llama_3\image_processing_video_llama_3.py", line 24, in <module>
    import torchvision.transforms.v2.functional as tvF
ModuleNotFoundError: No module named 'torchvision'
2026-08-26 22:39:54.406 Examining the path of transformers.models.videomae.image_processing_videomae_fast raised:
Traceback (most recent call last):
  File "C:\Projects\customer-support-rag\.venv\Lib\site-packages\streamlit\watcher\local_sources_watcher.py", line 340, in get_module_paths
    potential_paths = extract_paths(module)
  File "C:\Projects\customer-support-rag\.venv\Lib\site-packages\streamlit\watcher\local_sources_watcher.py", line 327, in <lambda>
    if hasattr(m, "__path__")
       ~~~~~~~^^^^^^^^^^^^^^^
  File "C:\Projects\customer-support-rag\.venv\Lib\site-packages\transformers\__init__.py", line 865, in _getattr
    return getattr(importlib.import_module(target, __name__), name)
                   ~~~~~~~~~~~~~~~~~~~~~~~^^^^^^^^^^^^^^^^^^
  File "C:\Users\suryanarayanan\AppData\Local\Programs\Python\Python313\Lib\importlib\__init__.py", line 88, in import_module
    return _bootstrap._gcd_import(name[level:], package, level)
           ~~~~~~~~~~~~~~~~~~~~~~^^^^^^^^^^^^^^^^^^^^^^^^^^^^^^
  File "<frozen importlib._bootstrap>", line 1395, in _gcd_import
  File "<frozen importlib._bootstrap>", line 1360, in _find_and_load
  File "<frozen importlib._bootstrap>", line 1331, in _find_and_load_unlocked
  File "<frozen importlib._bootstrap>", line 935, in _load_unlocked
  File "<frozen importlib._bootstrap_external>", line 1023, in exec_module
  File "<frozen importlib._bootstrap>", line 488, in _call_with_frames_removed
  File "C:\Projects\customer-support-rag\.venv\Lib\site-packages\transformers\models\videomae\image_processing_videomae.py", line 17, in <module>
    from torchvision.transforms.v2 import functional as tvF
ModuleNotFoundError: No module named 'torchvision'
2026-08-26 22:39:54.410 Examining the path of transformers.models.vilt.image_processing_vilt_fast raised:
Traceback (most recent call last):
  File "C:\Projects\customer-support-rag\.venv\Lib\site-packages\streamlit\watcher\local_sources_watcher.py", line 340, in get_module_paths
    potential_paths = extract_paths(module)
  File "C:\Projects\customer-support-rag\.venv\Lib\site-packages\streamlit\watcher\local_sources_watcher.py", line 327, in <lambda>
    if hasattr(m, "__path__")
       ~~~~~~~^^^^^^^^^^^^^^^
  File "C:\Projects\customer-support-rag\.venv\Lib\site-packages\transformers\__init__.py", line 865, in _getattr
    return getattr(importlib.import_module(target, __name__), name)
                   ~~~~~~~~~~~~~~~~~~~~~~~^^^^^^^^^^^^^^^^^^
  File "C:\Users\suryanarayanan\AppData\Local\Programs\Python\Python313\Lib\importlib\__init__.py", line 88, in import_module
    return _bootstrap._gcd_import(name[level:], package, level)
           ~~~~~~~~~~~~~~~~~~~~~~^^^^^^^^^^^^^^^^^^^^^^^^^^^^^^
  File "<frozen importlib._bootstrap>", line 1395, in _gcd_import
  File "<frozen importlib._bootstrap>", line 1360, in _find_and_load
  File "<frozen importlib._bootstrap>", line 1331, in _find_and_load_unlocked
  File "<frozen importlib._bootstrap>", line 935, in _load_unlocked
  File "<frozen importlib._bootstrap_external>", line 1023, in exec_module
  File "<frozen importlib._bootstrap>", line 488, in _call_with_frames_removed
  File "C:\Projects\customer-support-rag\.venv\Lib\site-packages\transformers\models\vilt\image_processing_vilt.py", line 17, in <module>
    from torchvision.transforms.v2 import functional as tvF
ModuleNotFoundError: No module named 'torchvision'
2026-08-26 22:39:54.414 Examining the path of transformers.models.vitmatte.image_processing_vitmatte_fast raised:
Traceback (most recent call last):
  File "C:\Projects\customer-support-rag\.venv\Lib\site-packages\streamlit\watcher\local_sources_watcher.py", line 340, in get_module_paths
    potential_paths = extract_paths(module)
  File "C:\Projects\customer-support-rag\.venv\Lib\site-packages\streamlit\watcher\local_sources_watcher.py", line 327, in <lambda>
    if hasattr(m, "__path__")
       ~~~~~~~^^^^^^^^^^^^^^^
  File "C:\Projects\customer-support-rag\.venv\Lib\site-packages\transformers\__init__.py", line 865, in _getattr
    return getattr(importlib.import_module(target, __name__), name)
                   ~~~~~~~~~~~~~~~~~~~~~~~^^^^^^^^^^^^^^^^^^
  File "C:\Users\suryanarayanan\AppData\Local\Programs\Python\Python313\Lib\importlib\__init__.py", line 88, in import_module
    return _bootstrap._gcd_import(name[level:], package, level)
           ~~~~~~~~~~~~~~~~~~~~~~^^^^^^^^^^^^^^^^^^^^^^^^^^^^^^
  File "<frozen importlib._bootstrap>", line 1395, in _gcd_import
  File "<frozen importlib._bootstrap>", line 1360, in _find_and_load
  File "<frozen importlib._bootstrap>", line 1331, in _find_and_load_unlocked
  File "<frozen importlib._bootstrap>", line 935, in _load_unlocked
  File "<frozen importlib._bootstrap_external>", line 1023, in exec_module
  File "<frozen importlib._bootstrap>", line 488, in _call_with_frames_removed
  File "C:\Projects\customer-support-rag\.venv\Lib\site-packages\transformers\models\vitmatte\image_processing_vitmatte.py", line 19, in <module>
    from torchvision.transforms.v2 import functional as tvF
ModuleNotFoundError: No module named 'torchvision'
2026-08-26 22:39:54.417 Examining the path of transformers.models.vitpose.image_processing_vitpose_fast raised:
Traceback (most recent call last):
  File "C:\Projects\customer-support-rag\.venv\Lib\site-packages\streamlit\watcher\local_sources_watcher.py", line 340, in get_module_paths
    potential_paths = extract_paths(module)
  File "C:\Projects\customer-support-rag\.venv\Lib\site-packages\streamlit\watcher\local_sources_watcher.py", line 327, in <lambda>
    if hasattr(m, "__path__")
       ~~~~~~~^^^^^^^^^^^^^^^
  File "C:\Projects\customer-support-rag\.venv\Lib\site-packages\transformers\__init__.py", line 865, in _getattr
    return getattr(importlib.import_module(target, __name__), name)
                   ~~~~~~~~~~~~~~~~~~~~~~~^^^^^^^^^^^^^^^^^^
  File "C:\Users\suryanarayanan\AppData\Local\Programs\Python\Python313\Lib\importlib\__init__.py", line 88, in import_module
    return _bootstrap._gcd_import(name[level:], package, level)
           ~~~~~~~~~~~~~~~~~~~~~~^^^^^^^^^^^^^^^^^^^^^^^^^^^^^^
  File "<frozen importlib._bootstrap>", line 1395, in _gcd_import
  File "<frozen importlib._bootstrap>", line 1360, in _find_and_load
  File "<frozen importlib._bootstrap>", line 1331, in _find_and_load_unlocked
  File "<frozen importlib._bootstrap>", line 935, in _load_unlocked
  File "<frozen importlib._bootstrap_external>", line 1023, in exec_module
  File "<frozen importlib._bootstrap>", line 488, in _call_with_frames_removed
  File "C:\Projects\customer-support-rag\.venv\Lib\site-packages\transformers\models\vitpose\image_processing_vitpose.py", line 22, in <module>
    from torchvision.transforms.v2 import functional as tvF
ModuleNotFoundError: No module named 'torchvision'
2026-08-26 22:39:54.422 Examining the path of transformers.models.yolos.image_processing_yolos_fast raised:
Traceback (most recent call last):
  File "C:\Projects\customer-support-rag\.venv\Lib\site-packages\streamlit\watcher\local_sources_watcher.py", line 340, in get_module_paths
    potential_paths = extract_paths(module)
  File "C:\Projects\customer-support-rag\.venv\Lib\site-packages\streamlit\watcher\local_sources_watcher.py", line 327, in <lambda>
    if hasattr(m, "__path__")
       ~~~~~~~^^^^^^^^^^^^^^^
  File "C:\Projects\customer-support-rag\.venv\Lib\site-packages\transformers\__init__.py", line 865, in _getattr
    return getattr(importlib.import_module(target, __name__), name)
                   ~~~~~~~~~~~~~~~~~~~~~~~^^^^^^^^^^^^^^^^^^
  File "C:\Users\suryanarayanan\AppData\Local\Programs\Python\Python313\Lib\importlib\__init__.py", line 88, in import_module
    return _bootstrap._gcd_import(name[level:], package, level)
           ~~~~~~~~~~~~~~~~~~~~~~^^^^^^^^^^^^^^^^^^^^^^^^^^^^^^
  File "<frozen importlib._bootstrap>", line 1395, in _gcd_import
  File "<frozen importlib._bootstrap>", line 1360, in _find_and_load
  File "<frozen importlib._bootstrap>", line 1331, in _find_and_load_unlocked
  File "<frozen importlib._bootstrap>", line 935, in _load_unlocked
  File "<frozen importlib._bootstrap_external>", line 1023, in exec_module
  File "<frozen importlib._bootstrap>", line 488, in _call_with_frames_removed
  File "C:\Projects\customer-support-rag\.venv\Lib\site-packages\transformers\models\yolos\image_processing_yolos.py", line 12, in <module>
    from torchvision.io import read_image
ModuleNotFoundError: No module named 'torchvision'
2026-08-26 22:39:54.425 Examining the path of transformers.models.zoedepth.image_processing_zoedepth_fast raised:
Traceback (most recent call last):
  File "C:\Projects\customer-support-rag\.venv\Lib\site-packages\streamlit\watcher\local_sources_watcher.py", line 340, in get_module_paths
    potential_paths = extract_paths(module)
  File "C:\Projects\customer-support-rag\.venv\Lib\site-packages\streamlit\watcher\local_sources_watcher.py", line 327, in <lambda>
    if hasattr(m, "__path__")
       ~~~~~~~^^^^^^^^^^^^^^^
  File "C:\Projects\customer-support-rag\.venv\Lib\site-packages\transformers\__init__.py", line 865, in _getattr
    return getattr(importlib.import_module(target, __name__), name)
                   ~~~~~~~~~~~~~~~~~~~~~~~^^^^^^^^^^^^^^^^^^
  File "C:\Users\suryanarayanan\AppData\Local\Programs\Python\Python313\Lib\importlib\__init__.py", line 88, in import_module
    return _bootstrap._gcd_import(name[level:], package, level)
           ~~~~~~~~~~~~~~~~~~~~~~^^^^^^^^^^^^^^^^^^^^^^^^^^^^^^
  File "<frozen importlib._bootstrap>", line 1395, in _gcd_import
  File "<frozen importlib._bootstrap>", line 1360, in _find_and_load
  File "<frozen importlib._bootstrap>", line 1331, in _find_and_load_unlocked
  File "<frozen importlib._bootstrap>", line 935, in _load_unlocked
  File "<frozen importlib._bootstrap_external>", line 1023, in exec_module
  File "<frozen importlib._bootstrap>", line 488, in _call_with_frames_removed
  File "C:\Projects\customer-support-rag\.venv\Lib\site-packages\transformers\models\zoedepth\image_processing_zoedepth.py", line 43, in <module>
    from torchvision.transforms.v2 import functional as tvF
ModuleNotFoundError: No module named 'torchvision'
Warning: You are sending unauthenticated requests to the HF Hub. Please set a HF_TOKEN to enable higher rate limits and faster downloads.
Loading weights:   0%|          | 0/103 [00:00<?, ?it/s]Loading weights: 100%|##########| 103/103 [00:00<00:00, 5584.74it/s]
2026-08-26 22:41:29.498 Examining the path of transformers.models.aria.image_processing_aria_fast raised:
Traceback (most recent call last):
  File "C:\Projects\customer-support-rag\.venv\Lib\site-packages\streamlit\watcher\local_sources_watcher.py", line 340, in get_module_paths
    potential_paths = extract_paths(module)
  File "C:\Projects\customer-support-rag\.venv\Lib\site-packages\streamlit\watcher\local_sources_watcher.py", line 327, in <lambda>
    if hasattr(m, "__path__")
       ~~~~~~~^^^^^^^^^^^^^^^
  File "C:\Projects\customer-support-rag\.venv\Lib\site-packages\transformers\__init__.py", line 865, in _getattr
    return getattr(importlib.import_module(target, __name__), name)
                   ~~~~~~~~~~~~~~~~~~~~~~~^^^^^^^^^^^^^^^^^^
  File "C:\Users\suryanarayanan\AppData\Local\Programs\Python\Python313\Lib\importlib\__init__.py", line 88, in import_module
    return _bootstrap._gcd_import(name[level:], package, level)
           ~~~~~~~~~~~~~~~~~~~~~~^^^^^^^^^^^^^^^^^^^^^^^^^^^^^^
  File "<frozen importlib._bootstrap>", line 1395, in _gcd_import
  File "<frozen importlib._bootstrap>", line 1360, in _find_and_load
  File "<frozen importlib._bootstrap>", line 1331, in _find_and_load_unlocked
  File "<frozen importlib._bootstrap>", line 935, in _load_unlocked
  File "<frozen importlib._bootstrap_external>", line 1023, in exec_module
  File "<frozen importlib._bootstrap>", line 488, in _call_with_frames_removed
  File "C:\Projects\customer-support-rag\.venv\Lib\site-packages\transformers\models\aria\image_processing_aria.py", line 23, in <module>
    from torchvision.transforms.v2 import functional as tvF
ModuleNotFoundError: No module named 'torchvision'
2026-08-26 22:41:29.501 Examining the path of transformers.models.beit.image_processing_beit_fast raised:
Traceback (most recent call last):
  File "C:\Projects\customer-support-rag\.venv\Lib\site-packages\streamlit\watcher\local_sources_watcher.py", line 340, in get_module_paths
    potential_paths = extract_paths(module)
  File "C:\Projects\customer-support-rag\.venv\Lib\site-packages\streamlit\watcher\local_sources_watcher.py", line 327, in <lambda>
    if hasattr(m, "__path__")
       ~~~~~~~^^^^^^^^^^^^^^^
  File "C:\Projects\customer-support-rag\.venv\Lib\site-packages\transformers\__init__.py", line 865, in _getattr
    return getattr(importlib.import_module(target, __name__), name)
                   ~~~~~~~~~~~~~~~~~~~~~~~^^^^^^^^^^^^^^^^^^
  File "C:\Users\suryanarayanan\AppData\Local\Programs\Python\Python313\Lib\importlib\__init__.py", line 88, in import_module
    return _bootstrap._gcd_import(name[level:], package, level)
           ~~~~~~~~~~~~~~~~~~~~~~^^^^^^^^^^^^^^^^^^^^^^^^^^^^^^
  File "<frozen importlib._bootstrap>", line 1395, in _gcd_import
  File "<frozen importlib._bootstrap>", line 1360, in _find_and_load
  File "<frozen importlib._bootstrap>", line 1331, in _find_and_load_unlocked
  File "<frozen importlib._bootstrap>", line 935, in _load_unlocked
  File "<frozen importlib._bootstrap_external>", line 1023, in exec_module
  File "<frozen importlib._bootstrap>", line 488, in _call_with_frames_removed
  File "C:\Projects\customer-support-rag\.venv\Lib\site-packages\transformers\models\beit\image_processing_beit.py", line 20, in <module>
    from torchvision.transforms.v2 import functional as tvF
ModuleNotFoundError: No module named 'torchvision'
2026-08-26 22:41:29.503 Examining the path of transformers.models.bridgetower.image_processing_bridgetower_fast raised:
Traceback (most recent call last):
  File "C:\Projects\customer-support-rag\.venv\Lib\site-packages\streamlit\watcher\local_sources_watcher.py", line 340, in get_module_paths
    potential_paths = extract_paths(module)
  File "C:\Projects\customer-support-rag\.venv\Lib\site-packages\streamlit\watcher\local_sources_watcher.py", line 327, in <lambda>
    if hasattr(m, "__path__")
       ~~~~~~~^^^^^^^^^^^^^^^
  File "C:\Projects\customer-support-rag\.venv\Lib\site-packages\transformers\__init__.py", line 865, in _getattr
    return getattr(importlib.import_module(target, __name__), name)
                   ~~~~~~~~~~~~~~~~~~~~~~~^^^^^^^^^^^^^^^^^^
  File "C:\Users\suryanarayanan\AppData\Local\Programs\Python\Python313\Lib\importlib\__init__.py", line 88, in import_module
    return _bootstrap._gcd_import(name[level:], package, level)
           ~~~~~~~~~~~~~~~~~~~~~~^^^^^^^^^^^^^^^^^^^^^^^^^^^^^^
  File "<frozen importlib._bootstrap>", line 1395, in _gcd_import
  File "<frozen importlib._bootstrap>", line 1360, in _find_and_load
  File "<frozen importlib._bootstrap>", line 1331, in _find_and_load_unlocked
  File "<frozen importlib._bootstrap>", line 935, in _load_unlocked
  File "<frozen importlib._bootstrap_external>", line 1023, in exec_module
  File "<frozen importlib._bootstrap>", line 488, in _call_with_frames_removed
  File "C:\Projects\customer-support-rag\.venv\Lib\site-packages\transformers\models\bridgetower\image_processing_bridgetower.py", line 20, in <module>
    from torchvision.transforms.v2 import functional as tvF
ModuleNotFoundError: No module named 'torchvision'
2026-08-26 22:41:29.506 Examining the path of transformers.models.chmv2.image_processing_chmv2_fast raised:
Traceback (most recent call last):
  File "C:\Projects\customer-support-rag\.venv\Lib\site-packages\streamlit\watcher\local_sources_watcher.py", line 340, in get_module_paths
    potential_paths = extract_paths(module)
  File "C:\Projects\customer-support-rag\.venv\Lib\site-packages\streamlit\watcher\local_sources_watcher.py", line 327, in <lambda>
    if hasattr(m, "__path__")
       ~~~~~~~^^^^^^^^^^^^^^^
  File "C:\Projects\customer-support-rag\.venv\Lib\site-packages\transformers\__init__.py", line 865, in _getattr
    return getattr(importlib.import_module(target, __name__), name)
                   ~~~~~~~~~~~~~~~~~~~~~~~^^^^^^^^^^^^^^^^^^
  File "C:\Users\suryanarayanan\AppData\Local\Programs\Python\Python313\Lib\importlib\__init__.py", line 88, in import_module
    return _bootstrap._gcd_import(name[level:], package, level)
           ~~~~~~~~~~~~~~~~~~~~~~^^^^^^^^^^^^^^^^^^^^^^^^^^^^^^
  File "<frozen importlib._bootstrap>", line 1395, in _gcd_import
  File "<frozen importlib._bootstrap>", line 1360, in _find_and_load
  File "<frozen importlib._bootstrap>", line 1331, in _find_and_load_unlocked
  File "<frozen importlib._bootstrap>", line 935, in _load_unlocked
  File "<frozen importlib._bootstrap_external>", line 1023, in exec_module
  File "<frozen importlib._bootstrap>", line 488, in _call_with_frames_removed
  File "C:\Projects\customer-support-rag\.venv\Lib\site-packages\transformers\models\chmv2\image_processing_chmv2.py", line 27, in <module>
    from torchvision.transforms.v2 import functional as tvF
ModuleNotFoundError: No module named 'torchvision'
2026-08-26 22:41:29.508 Examining the path of transformers.models.cohere2_vision.image_processing_cohere2_vision_fast raised:
Traceback (most recent call last):
  File "C:\Projects\customer-support-rag\.venv\Lib\site-packages\streamlit\watcher\local_sources_watcher.py", line 340, in get_module_paths
    potential_paths = extract_paths(module)
  File "C:\Projects\customer-support-rag\.venv\Lib\site-packages\streamlit\watcher\local_sources_watcher.py", line 327, in <lambda>
    if hasattr(m, "__path__")
       ~~~~~~~^^^^^^^^^^^^^^^
  File "C:\Projects\customer-support-rag\.venv\Lib\site-packages\transformers\__init__.py", line 865, in _getattr
    return getattr(importlib.import_module(target, __name__), name)
                   ~~~~~~~~~~~~~~~~~~~~~~~^^^^^^^^^^^^^^^^^^
  File "C:\Users\suryanarayanan\AppData\Local\Programs\Python\Python313\Lib\importlib\__init__.py", line 88, in import_module
    return _bootstrap._gcd_import(name[level:], package, level)
           ~~~~~~~~~~~~~~~~~~~~~~^^^^^^^^^^^^^^^^^^^^^^^^^^^^^^
  File "<frozen importlib._bootstrap>", line 1395, in _gcd_import
  File "<frozen importlib._bootstrap>", line 1360, in _find_and_load
  File "<frozen importlib._bootstrap>", line 1331, in _find_and_load_unlocked
  File "<frozen importlib._bootstrap>", line 935, in _load_unlocked
  File "<frozen importlib._bootstrap_external>", line 1023, in exec_module
  File "<frozen importlib._bootstrap>", line 488, in _call_with_frames_removed
  File "C:\Projects\customer-support-rag\.venv\Lib\site-packages\transformers\models\cohere2_vision\image_processing_cohere2_vision.py", line 25, in <module>
    from torchvision.transforms.v2 import functional as tvF
ModuleNotFoundError: No module named 'torchvision'
2026-08-26 22:41:29.510 Examining the path of transformers.models.cohere_compass.image_processing_cohere_compass_fast raised:
Traceback (most recent call last):
  File "C:\Projects\customer-support-rag\.venv\Lib\site-packages\streamlit\watcher\local_sources_watcher.py", line 340, in get_module_paths
    potential_paths = extract_paths(module)
  File "C:\Projects\customer-support-rag\.venv\Lib\site-packages\streamlit\watcher\local_sources_watcher.py", line 327, in <lambda>
    if hasattr(m, "__path__")
       ~~~~~~~^^^^^^^^^^^^^^^
  File "C:\Projects\customer-support-rag\.venv\Lib\site-packages\transformers\__init__.py", line 865, in _getattr
    return getattr(importlib.import_module(target, __name__), name)
                   ~~~~~~~~~~~~~~~~~~~~~~~^^^^^^^^^^^^^^^^^^
  File "C:\Users\suryanarayanan\AppData\Local\Programs\Python\Python313\Lib\importlib\__init__.py", line 88, in import_module
    return _bootstrap._gcd_import(name[level:], package, level)
           ~~~~~~~~~~~~~~~~~~~~~~^^^^^^^^^^^^^^^^^^^^^^^^^^^^^^
  File "<frozen importlib._bootstrap>", line 1395, in _gcd_import
  File "<frozen importlib._bootstrap>", line 1360, in _find_and_load
  File "<frozen importlib._bootstrap>", line 1331, in _find_and_load_unlocked
  File "<frozen importlib._bootstrap>", line 935, in _load_unlocked
  File "<frozen importlib._bootstrap_external>", line 1023, in exec_module
  File "<frozen importlib._bootstrap>", line 488, in _call_with_frames_removed
  File "C:\Projects\customer-support-rag\.venv\Lib\site-packages\transformers\models\cohere_compass\image_processing_cohere_compass.py", line 25, in <module>
    from torchvision.transforms.v2 import functional as tvF
ModuleNotFoundError: No module named 'torchvision'
2026-08-26 22:41:29.512 Examining the path of transformers.models.conditional_detr.image_processing_conditional_detr_fast raised:
Traceback (most recent call last):
  File "C:\Projects\customer-support-rag\.venv\Lib\site-packages\streamlit\watcher\local_sources_watcher.py", line 340, in get_module_paths
    potential_paths = extract_paths(module)
  File "C:\Projects\customer-support-rag\.venv\Lib\site-packages\streamlit\watcher\local_sources_watcher.py", line 327, in <lambda>
    if hasattr(m, "__path__")
       ~~~~~~~^^^^^^^^^^^^^^^
  File "C:\Projects\customer-support-rag\.venv\Lib\site-packages\transformers\__init__.py", line 865, in _getattr
    return getattr(importlib.import_module(target, __name__), name)
                   ~~~~~~~~~~~~~~~~~~~~~~~^^^^^^^^^^^^^^^^^^
  File "C:\Users\suryanarayanan\AppData\Local\Programs\Python\Python313\Lib\importlib\__init__.py", line 88, in import_module
    return _bootstrap._gcd_import(name[level:], package, level)
           ~~~~~~~~~~~~~~~~~~~~~~^^^^^^^^^^^^^^^^^^^^^^^^^^^^^^
  File "<frozen importlib._bootstrap>", line 1395, in _gcd_import
  File "<frozen importlib._bootstrap>", line 1360, in _find_and_load
  File "<frozen importlib._bootstrap>", line 1331, in _find_and_load_unlocked
  File "<frozen importlib._bootstrap>", line 935, in _load_unlocked
  File "<frozen importlib._bootstrap_external>", line 1023, in exec_module
  File "<frozen importlib._bootstrap>", line 488, in _call_with_frames_removed
  File "C:\Projects\customer-support-rag\.venv\Lib\site-packages\transformers\models\conditional_detr\image_processing_conditional_detr.py", line 27, in <module>
    from torchvision.io import read_image
ModuleNotFoundError: No module named 'torchvision'
2026-08-26 22:41:29.514 Examining the path of transformers.models.convnext.image_processing_convnext_fast raised:
Traceback (most recent call last):
  File "C:\Projects\customer-support-rag\.venv\Lib\site-packages\streamlit\watcher\local_sources_watcher.py", line 340, in get_module_paths
    potential_paths = extract_paths(module)
  File "C:\Projects\customer-support-rag\.venv\Lib\site-packages\streamlit\watcher\local_sources_watcher.py", line 327, in <lambda>
    if hasattr(m, "__path__")
       ~~~~~~~^^^^^^^^^^^^^^^
  File "C:\Projects\customer-support-rag\.venv\Lib\site-packages\transformers\__init__.py", line 865, in _getattr
    return getattr(importlib.import_module(target, __name__), name)
                   ~~~~~~~~~~~~~~~~~~~~~~~^^^^^^^^^^^^^^^^^^
  File "C:\Users\suryanarayanan\AppData\Local\Programs\Python\Python313\Lib\importlib\__init__.py", line 88, in import_module
    return _bootstrap._gcd_import(name[level:], package, level)
           ~~~~~~~~~~~~~~~~~~~~~~^^^^^^^^^^^^^^^^^^^^^^^^^^^^^^
  File "<frozen importlib._bootstrap>", line 1395, in _gcd_import
  File "<frozen importlib._bootstrap>", line 1360, in _find_and_load
  File "<frozen importlib._bootstrap>", line 1331, in _find_and_load_unlocked
  File "<frozen importlib._bootstrap>", line 935, in _load_unlocked
  File "<frozen importlib._bootstrap_external>", line 1023, in exec_module
  File "<frozen importlib._bootstrap>", line 488, in _call_with_frames_removed
  File "C:\Projects\customer-support-rag\.venv\Lib\site-packages\transformers\models\convnext\image_processing_convnext.py", line 17, in <module>
    from torchvision.transforms.v2 import functional as tvF
ModuleNotFoundError: No module named 'torchvision'
2026-08-26 22:41:29.516 Examining the path of transformers.models.cosmos3_edge.image_processing_cosmos3_edge_fast raised:
Traceback (most recent call last):
  File "C:\Projects\customer-support-rag\.venv\Lib\site-packages\streamlit\watcher\local_sources_watcher.py", line 340, in get_module_paths
    potential_paths = extract_paths(module)
  File "C:\Projects\customer-support-rag\.venv\Lib\site-packages\streamlit\watcher\local_sources_watcher.py", line 327, in <lambda>
    if hasattr(m, "__path__")
       ~~~~~~~^^^^^^^^^^^^^^^
  File "C:\Projects\customer-support-rag\.venv\Lib\site-packages\transformers\__init__.py", line 865, in _getattr
    return getattr(importlib.import_module(target, __name__), name)
                   ~~~~~~~~~~~~~~~~~~~~~~~^^^^^^^^^^^^^^^^^^
  File "C:\Users\suryanarayanan\AppData\Local\Programs\Python\Python313\Lib\importlib\__init__.py", line 88, in import_module
    return _bootstrap._gcd_import(name[level:], package, level)
           ~~~~~~~~~~~~~~~~~~~~~~^^^^^^^^^^^^^^^^^^^^^^^^^^^^^^
  File "<frozen importlib._bootstrap>", line 1395, in _gcd_import
  File "<frozen importlib._bootstrap>", line 1360, in _find_and_load
  File "<frozen importlib._bootstrap>", line 1331, in _find_and_load_unlocked
  File "<frozen importlib._bootstrap>", line 935, in _load_unlocked
  File "<frozen importlib._bootstrap_external>", line 1023, in exec_module
  File "<frozen importlib._bootstrap>", line 488, in _call_with_frames_removed
  File "C:\Projects\customer-support-rag\.venv\Lib\site-packages\transformers\models\cosmos3_edge\image_processing_cosmos3_edge.py", line 23, in <module>
    from torchvision.transforms.v2 import functional as tvF
ModuleNotFoundError: No module named 'torchvision'
2026-08-26 22:41:29.518 Examining the path of transformers.models.deepseek_ocr2.image_processing_deepseek_ocr2_fast raised:
Traceback (most recent call last):
  File "C:\Projects\customer-support-rag\.venv\Lib\site-packages\streamlit\watcher\local_sources_watcher.py", line 340, in get_module_paths
    potential_paths = extract_paths(module)
  File "C:\Projects\customer-support-rag\.venv\Lib\site-packages\streamlit\watcher\local_sources_watcher.py", line 327, in <lambda>
    if hasattr(m, "__path__")
       ~~~~~~~^^^^^^^^^^^^^^^
  File "C:\Projects\customer-support-rag\.venv\Lib\site-packages\transformers\__init__.py", line 865, in _getattr
    return getattr(importlib.import_module(target, __name__), name)
                   ~~~~~~~~~~~~~~~~~~~~~~~^^^^^^^^^^^^^^^^^^
  File "C:\Users\suryanarayanan\AppData\Local\Programs\Python\Python313\Lib\importlib\__init__.py", line 88, in import_module
    return _bootstrap._gcd_import(name[level:], package, level)
           ~~~~~~~~~~~~~~~~~~~~~~^^^^^^^^^^^^^^^^^^^^^^^^^^^^^^
  File "<frozen importlib._bootstrap>", line 1395, in _gcd_import
  File "<frozen importlib._bootstrap>", line 1360, in _find_and_load
  File "<frozen importlib._bootstrap>", line 1331, in _find_and_load_unlocked
  File "<frozen importlib._bootstrap>", line 935, in _load_unlocked
  File "<frozen importlib._bootstrap_external>", line 1023, in exec_module
  File "<frozen importlib._bootstrap>", line 488, in _call_with_frames_removed
  File "C:\Projects\customer-support-rag\.venv\Lib\site-packages\transformers\models\deepseek_ocr2\image_processing_deepseek_ocr2.py", line 24, in <module>
    from torchvision.transforms.v2 import functional as tvF
ModuleNotFoundError: No module named 'torchvision'
2026-08-26 22:41:29.520 Examining the path of transformers.models.deepseek_vl.image_processing_deepseek_vl_fast raised:
Traceback (most recent call last):
  File "C:\Projects\customer-support-rag\.venv\Lib\site-packages\streamlit\watcher\local_sources_watcher.py", line 340, in get_module_paths
    potential_paths = extract_paths(module)
  File "C:\Projects\customer-support-rag\.venv\Lib\site-packages\streamlit\watcher\local_sources_watcher.py", line 327, in <lambda>
    if hasattr(m, "__path__")
       ~~~~~~~^^^^^^^^^^^^^^^
  File "C:\Projects\customer-support-rag\.venv\Lib\site-packages\transformers\__init__.py", line 865, in _getattr
    return getattr(importlib.import_module(target, __name__), name)
                   ~~~~~~~~~~~~~~~~~~~~~~~^^^^^^^^^^^^^^^^^^
  File "C:\Users\suryanarayanan\AppData\Local\Programs\Python\Python313\Lib\importlib\__init__.py", line 88, in import_module
    return _bootstrap._gcd_import(name[level:], package, level)
           ~~~~~~~~~~~~~~~~~~~~~~^^^^^^^^^^^^^^^^^^^^^^^^^^^^^^
  File "<frozen importlib._bootstrap>", line 1395, in _gcd_import
  File "<frozen importlib._bootstrap>", line 1360, in _find_and_load
  File "<frozen importlib._bootstrap>", line 1331, in _find_and_load_unlocked
  File "<frozen importlib._bootstrap>", line 935, in _load_unlocked
  File "<frozen importlib._bootstrap_external>", line 1023, in exec_module
  File "<frozen importlib._bootstrap>", line 488, in _call_with_frames_removed
  File "C:\Projects\customer-support-rag\.venv\Lib\site-packages\transformers\models\deepseek_vl\image_processing_deepseek_vl.py", line 23, in <module>
    import torchvision.transforms.v2.functional as tvF
ModuleNotFoundError: No module named 'torchvision'
2026-08-26 22:41:29.522 Examining the path of transformers.models.deepseek_vl_hybrid.image_processing_deepseek_vl_hybrid_fast raised:
Traceback (most recent call last):
  File "C:\Projects\customer-support-rag\.venv\Lib\site-packages\streamlit\watcher\local_sources_watcher.py", line 340, in get_module_paths
    potential_paths = extract_paths(module)
  File "C:\Projects\customer-support-rag\.venv\Lib\site-packages\streamlit\watcher\local_sources_watcher.py", line 327, in <lambda>
    if hasattr(m, "__path__")
       ~~~~~~~^^^^^^^^^^^^^^^
  File "C:\Projects\customer-support-rag\.venv\Lib\site-packages\transformers\__init__.py", line 865, in _getattr
    return getattr(importlib.import_module(target, __name__), name)
                   ~~~~~~~~~~~~~~~~~~~~~~~^^^^^^^^^^^^^^^^^^
  File "C:\Users\suryanarayanan\AppData\Local\Programs\Python\Python313\Lib\importlib\__init__.py", line 88, in import_module
    return _bootstrap._gcd_import(name[level:], package, level)
           ~~~~~~~~~~~~~~~~~~~~~~^^^^^^^^^^^^^^^^^^^^^^^^^^^^^^
  File "<frozen importlib._bootstrap>", line 1395, in _gcd_import
  File "<frozen importlib._bootstrap>", line 1360, in _find_and_load
  File "<frozen importlib._bootstrap>", line 1331, in _find_and_load_unlocked
  File "<frozen importlib._bootstrap>", line 935, in _load_unlocked
  File "<frozen importlib._bootstrap_external>", line 1023, in exec_module
  File "<frozen importlib._bootstrap>", line 488, in _call_with_frames_removed
  File "C:\Projects\customer-support-rag\.venv\Lib\site-packages\transformers\models\deepseek_vl_hybrid\image_processing_deepseek_vl_hybrid.py", line 25, in <module>
    import torchvision.transforms.v2.functional as tvF
ModuleNotFoundError: No module named 'torchvision'
2026-08-26 22:41:29.524 Examining the path of transformers.models.deformable_detr.image_processing_deformable_detr_fast raised:
Traceback (most recent call last):
  File "C:\Projects\customer-support-rag\.venv\Lib\site-packages\streamlit\watcher\local_sources_watcher.py", line 340, in get_module_paths
    potential_paths = extract_paths(module)
  File "C:\Projects\customer-support-rag\.venv\Lib\site-packages\streamlit\watcher\local_sources_watcher.py", line 327, in <lambda>
    if hasattr(m, "__path__")
       ~~~~~~~^^^^^^^^^^^^^^^
  File "C:\Projects\customer-support-rag\.venv\Lib\site-packages\transformers\__init__.py", line 865, in _getattr
    return getattr(importlib.import_module(target, __name__), name)
                   ~~~~~~~~~~~~~~~~~~~~~~~^^^^^^^^^^^^^^^^^^
  File "C:\Users\suryanarayanan\AppData\Local\Programs\Python\Python313\Lib\importlib\__init__.py", line 88, in import_module
    return _bootstrap._gcd_import(name[level:], package, level)
           ~~~~~~~~~~~~~~~~~~~~~~^^^^^^^^^^^^^^^^^^^^^^^^^^^^^^
  File "<frozen importlib._bootstrap>", line 1395, in _gcd_import
  File "<frozen importlib._bootstrap>", line 1360, in _find_and_load
  File "<frozen importlib._bootstrap>", line 1331, in _find_and_load_unlocked
  File "<frozen importlib._bootstrap>", line 935, in _load_unlocked
  File "<frozen importlib._bootstrap_external>", line 1023, in exec_module
  File "<frozen importlib._bootstrap>", line 488, in _call_with_frames_removed
  File "C:\Projects\customer-support-rag\.venv\Lib\site-packages\transformers\models\deformable_detr\image_processing_deformable_detr.py", line 25, in <module>
    from torchvision.io import read_image
ModuleNotFoundError: No module named 'torchvision'
2026-08-26 22:41:29.526 Examining the path of transformers.models.depth_pro.image_processing_depth_pro_fast raised:
Traceback (most recent call last):
  File "C:\Projects\customer-support-rag\.venv\Lib\site-packages\streamlit\watcher\local_sources_watcher.py", line 340, in get_module_paths
    potential_paths = extract_paths(module)
  File "C:\Projects\customer-support-rag\.venv\Lib\site-packages\streamlit\watcher\local_sources_watcher.py", line 327, in <lambda>
    if hasattr(m, "__path__")
       ~~~~~~~^^^^^^^^^^^^^^^
  File "C:\Projects\customer-support-rag\.venv\Lib\site-packages\transformers\__init__.py", line 865, in _getattr
    return getattr(importlib.import_module(target, __name__), name)
                   ~~~~~~~~~~~~~~~~~~~~~~~^^^^^^^^^^^^^^^^^^
  File "C:\Users\suryanarayanan\AppData\Local\Programs\Python\Python313\Lib\importlib\__init__.py", line 88, in import_module
    return _bootstrap._gcd_import(name[level:], package, level)
           ~~~~~~~~~~~~~~~~~~~~~~^^^^^^^^^^^^^^^^^^^^^^^^^^^^^^
  File "<frozen importlib._bootstrap>", line 1395, in _gcd_import
  File "<frozen importlib._bootstrap>", line 1360, in _find_and_load
  File "<frozen importlib._bootstrap>", line 1331, in _find_and_load_unlocked
  File "<frozen importlib._bootstrap>", line 935, in _load_unlocked
  File "<frozen importlib._bootstrap_external>", line 1023, in exec_module
  File "<frozen importlib._bootstrap>", line 488, in _call_with_frames_removed
  File "C:\Projects\customer-support-rag\.venv\Lib\site-packages\transformers\models\depth_pro\image_processing_depth_pro.py", line 19, in <module>
    from torchvision.transforms.v2 import functional as tvF
ModuleNotFoundError: No module named 'torchvision'
2026-08-26 22:41:29.528 Examining the path of transformers.models.detr.image_processing_detr_fast raised:
Traceback (most recent call last):
  File "C:\Projects\customer-support-rag\.venv\Lib\site-packages\streamlit\watcher\local_sources_watcher.py", line 340, in get_module_paths
    potential_paths = extract_paths(module)
  File "C:\Projects\customer-support-rag\.venv\Lib\site-packages\streamlit\watcher\local_sources_watcher.py", line 327, in <lambda>
    if hasattr(m, "__path__")
       ~~~~~~~^^^^^^^^^^^^^^^
  File "C:\Projects\customer-support-rag\.venv\Lib\site-packages\transformers\__init__.py", line 865, in _getattr
    return getattr(importlib.import_module(target, __name__), name)
                   ~~~~~~~~~~~~~~~~~~~~~~~^^^^^^^^^^^^^^^^^^
  File "C:\Users\suryanarayanan\AppData\Local\Programs\Python\Python313\Lib\importlib\__init__.py", line 88, in import_module
    return _bootstrap._gcd_import(name[level:], package, level)
           ~~~~~~~~~~~~~~~~~~~~~~^^^^^^^^^^^^^^^^^^^^^^^^^^^^^^
  File "<frozen importlib._bootstrap>", line 1395, in _gcd_import
  File "<frozen importlib._bootstrap>", line 1360, in _find_and_load
  File "<frozen importlib._bootstrap>", line 1331, in _find_and_load_unlocked
  File "<frozen importlib._bootstrap>", line 935, in _load_unlocked
  File "<frozen importlib._bootstrap_external>", line 1023, in exec_module
  File "<frozen importlib._bootstrap>", line 488, in _call_with_frames_removed
  File "C:\Projects\customer-support-rag\.venv\Lib\site-packages\transformers\models\detr\image_processing_detr.py", line 22, in <module>
    from torchvision.io import read_image
ModuleNotFoundError: No module named 'torchvision'
2026-08-26 22:41:29.530 Examining the path of transformers.models.dinov3_vit.image_processing_dinov3_vit_fast raised:
Traceback (most recent call last):
  File "C:\Projects\customer-support-rag\.venv\Lib\site-packages\streamlit\watcher\local_sources_watcher.py", line 340, in get_module_paths
    potential_paths = extract_paths(module)
  File "C:\Projects\customer-support-rag\.venv\Lib\site-packages\streamlit\watcher\local_sources_watcher.py", line 327, in <lambda>
    if hasattr(m, "__path__")
       ~~~~~~~^^^^^^^^^^^^^^^
  File "C:\Projects\customer-support-rag\.venv\Lib\site-packages\transformers\__init__.py", line 865, in _getattr
    return getattr(importlib.import_module(target, __name__), name)
                   ~~~~~~~~~~~~~~~~~~~~~~~^^^^^^^^^^^^^^^^^^
  File "C:\Users\suryanarayanan\AppData\Local\Programs\Python\Python313\Lib\importlib\__init__.py", line 88, in import_module
    return _bootstrap._gcd_import(name[level:], package, level)
           ~~~~~~~~~~~~~~~~~~~~~~^^^^^^^^^^^^^^^^^^^^^^^^^^^^^^
  File "<frozen importlib._bootstrap>", line 1395, in _gcd_import
  File "<frozen importlib._bootstrap>", line 1360, in _find_and_load
  File "<frozen importlib._bootstrap>", line 1331, in _find_and_load_unlocked
  File "<frozen importlib._bootstrap>", line 935, in _load_unlocked
  File "<frozen importlib._bootstrap_external>", line 1023, in exec_module
  File "<frozen importlib._bootstrap>", line 488, in _call_with_frames_removed
  File "C:\Projects\customer-support-rag\.venv\Lib\site-packages\transformers\models\dinov3_vit\image_processing_dinov3_vit.py", line 17, in <module>
    from torchvision.transforms.v2 import functional as tvF
ModuleNotFoundError: No module named 'torchvision'
2026-08-26 22:41:29.532 Examining the path of transformers.models.donut.image_processing_donut_fast raised:
Traceback (most recent call last):
  File "C:\Projects\customer-support-rag\.venv\Lib\site-packages\streamlit\watcher\local_sources_watcher.py", line 340, in get_module_paths
    potential_paths = extract_paths(module)
  File "C:\Projects\customer-support-rag\.venv\Lib\site-packages\streamlit\watcher\local_sources_watcher.py", line 327, in <lambda>
    if hasattr(m, "__path__")
       ~~~~~~~^^^^^^^^^^^^^^^
  File "C:\Projects\customer-support-rag\.venv\Lib\site-packages\transformers\__init__.py", line 865, in _getattr
    return getattr(importlib.import_module(target, __name__), name)
                   ~~~~~~~~~~~~~~~~~~~~~~~^^^^^^^^^^^^^^^^^^
  File "C:\Users\suryanarayanan\AppData\Local\Programs\Python\Python313\Lib\importlib\__init__.py", line 88, in import_module
    return _bootstrap._gcd_import(name[level:], package, level)
           ~~~~~~~~~~~~~~~~~~~~~~^^^^^^^^^^^^^^^^^^^^^^^^^^^^^^
  File "<frozen importlib._bootstrap>", line 1395, in _gcd_import
  File "<frozen importlib._bootstrap>", line 1360, in _find_and_load
  File "<frozen importlib._bootstrap>", line 1331, in _find_and_load_unlocked
  File "<frozen importlib._bootstrap>", line 935, in _load_unlocked
  File "<frozen importlib._bootstrap_external>", line 1023, in exec_module
  File "<frozen importlib._bootstrap>", line 488, in _call_with_frames_removed
  File "C:\Projects\customer-support-rag\.venv\Lib\site-packages\transformers\models\donut\image_processing_donut.py", line 17, in <module>
    from torchvision.transforms.v2 import functional as tvF
ModuleNotFoundError: No module named 'torchvision'
2026-08-26 22:41:29.534 Examining the path of transformers.models.dpt.image_processing_dpt_fast raised:
Traceback (most recent call last):
  File "C:\Projects\customer-support-rag\.venv\Lib\site-packages\streamlit\watcher\local_sources_watcher.py", line 340, in get_module_paths
    potential_paths = extract_paths(module)
  File "C:\Projects\customer-support-rag\.venv\Lib\site-packages\streamlit\watcher\local_sources_watcher.py", line 327, in <lambda>
    if hasattr(m, "__path__")
       ~~~~~~~^^^^^^^^^^^^^^^
  File "C:\Projects\customer-support-rag\.venv\Lib\site-packages\transformers\__init__.py", line 865, in _getattr
    return getattr(importlib.import_module(target, __name__), name)
                   ~~~~~~~~~~~~~~~~~~~~~~~^^^^^^^^^^^^^^^^^^
  File "C:\Users\suryanarayanan\AppData\Local\Programs\Python\Python313\Lib\importlib\__init__.py", line 88, in import_module
    return _bootstrap._gcd_import(name[level:], package, level)
           ~~~~~~~~~~~~~~~~~~~~~~^^^^^^^^^^^^^^^^^^^^^^^^^^^^^^
  File "<frozen importlib._bootstrap>", line 1395, in _gcd_import
  File "<frozen importlib._bootstrap>", line 1360, in _find_and_load
  File "<frozen importlib._bootstrap>", line 1331, in _find_and_load_unlocked
  File "<frozen importlib._bootstrap>", line 935, in _load_unlocked
  File "<frozen importlib._bootstrap_external>", line 1023, in exec_module
  File "<frozen importlib._bootstrap>", line 488, in _call_with_frames_removed
  File "C:\Projects\customer-support-rag\.venv\Lib\site-packages\transformers\models\dpt\image_processing_dpt.py", line 28, in <module>
    from torchvision.transforms.v2 import functional as tvF
ModuleNotFoundError: No module named 'torchvision'
2026-08-26 22:41:29.536 Examining the path of transformers.models.efficientloftr.image_processing_efficientloftr_fast raised:
Traceback (most recent call last):
  File "C:\Projects\customer-support-rag\.venv\Lib\site-packages\streamlit\watcher\local_sources_watcher.py", line 340, in get_module_paths
    potential_paths = extract_paths(module)
  File "C:\Projects\customer-support-rag\.venv\Lib\site-packages\streamlit\watcher\local_sources_watcher.py", line 327, in <lambda>
    if hasattr(m, "__path__")
       ~~~~~~~^^^^^^^^^^^^^^^
  File "C:\Projects\customer-support-rag\.venv\Lib\site-packages\transformers\__init__.py", line 865, in _getattr
    return getattr(importlib.import_module(target, __name__), name)
                   ~~~~~~~~~~~~~~~~~~~~~~~^^^^^^^^^^^^^^^^^^
  File "C:\Users\suryanarayanan\AppData\Local\Programs\Python\Python313\Lib\importlib\__init__.py", line 88, in import_module
    return _bootstrap._gcd_import(name[level:], package, level)
           ~~~~~~~~~~~~~~~~~~~~~~^^^^^^^^^^^^^^^^^^^^^^^^^^^^^^
  File "<frozen importlib._bootstrap>", line 1395, in _gcd_import
  File "<frozen importlib._bootstrap>", line 1360, in _find_and_load
  File "<frozen importlib._bootstrap>", line 1331, in _find_and_load_unlocked
  File "<frozen importlib._bootstrap>", line 935, in _load_unlocked
  File "<frozen importlib._bootstrap_external>", line 1023, in exec_module
  File "<frozen importlib._bootstrap>", line 488, in _call_with_frames_removed
  File "C:\Projects\customer-support-rag\.venv\Lib\site-packages\transformers\models\efficientloftr\image_processing_efficientloftr.py", line 10, in <module>
    from torchvision.transforms.v2 import functional as tvF
ModuleNotFoundError: No module named 'torchvision'
2026-08-26 22:41:29.538 Examining the path of transformers.models.efficientnet.image_processing_efficientnet_fast raised:
Traceback (most recent call last):
  File "C:\Projects\customer-support-rag\.venv\Lib\site-packages\streamlit\watcher\local_sources_watcher.py", line 340, in get_module_paths
    potential_paths = extract_paths(module)
  File "C:\Projects\customer-support-rag\.venv\Lib\site-packages\streamlit\watcher\local_sources_watcher.py", line 327, in <lambda>
    if hasattr(m, "__path__")
       ~~~~~~~^^^^^^^^^^^^^^^
  File "C:\Projects\customer-support-rag\.venv\Lib\site-packages\transformers\__init__.py", line 865, in _getattr
    return getattr(importlib.import_module(target, __name__), name)
                   ~~~~~~~~~~~~~~~~~~~~~~~^^^^^^^^^^^^^^^^^^
  File "C:\Users\suryanarayanan\AppData\Local\Programs\Python\Python313\Lib\importlib\__init__.py", line 88, in import_module
    return _bootstrap._gcd_import(name[level:], package, level)
           ~~~~~~~~~~~~~~~~~~~~~~^^^^^^^^^^^^^^^^^^^^^^^^^^^^^^
  File "<frozen importlib._bootstrap>", line 1395, in _gcd_import
  File "<frozen importlib._bootstrap>", line 1360, in _find_and_load
  File "<frozen importlib._bootstrap>", line 1331, in _find_and_load_unlocked
  File "<frozen importlib._bootstrap>", line 935, in _load_unlocked
  File "<frozen importlib._bootstrap_external>", line 1023, in exec_module
  File "<frozen importlib._bootstrap>", line 488, in _call_with_frames_removed
  File "C:\Projects\customer-support-rag\.venv\Lib\site-packages\transformers\models\efficientnet\image_processing_efficientnet.py", line 20, in <module>
    from torchvision.transforms.v2 import functional as tvF
ModuleNotFoundError: No module named 'torchvision'
2026-08-26 22:41:29.540 Examining the path of transformers.models.eomt.image_processing_eomt_fast raised:
Traceback (most recent call last):
  File "C:\Projects\customer-support-rag\.venv\Lib\site-packages\streamlit\watcher\local_sources_watcher.py", line 340, in get_module_paths
    potential_paths = extract_paths(module)
  File "C:\Projects\customer-support-rag\.venv\Lib\site-packages\streamlit\watcher\local_sources_watcher.py", line 327, in <lambda>
    if hasattr(m, "__path__")
       ~~~~~~~^^^^^^^^^^^^^^^
  File "C:\Projects\customer-support-rag\.venv\Lib\site-packages\transformers\__init__.py", line 865, in _getattr
    return getattr(importlib.import_module(target, __name__), name)
                   ~~~~~~~~~~~~~~~~~~~~~~~^^^^^^^^^^^^^^^^^^
  File "C:\Users\suryanarayanan\AppData\Local\Programs\Python\Python313\Lib\importlib\__init__.py", line 88, in import_module
    return _bootstrap._gcd_import(name[level:], package, level)
           ~~~~~~~~~~~~~~~~~~~~~~^^^^^^^^^^^^^^^^^^^^^^^^^^^^^^
  File "<frozen importlib._bootstrap>", line 1395, in _gcd_import
  File "<frozen importlib._bootstrap>", line 1360, in _find_and_load
  File "<frozen importlib._bootstrap>", line 1331, in _find_and_load_unlocked
  File "<frozen importlib._bootstrap>", line 935, in _load_unlocked
  File "<frozen importlib._bootstrap_external>", line 1023, in exec_module
  File "<frozen importlib._bootstrap>", line 488, in _call_with_frames_removed
  File "C:\Projects\customer-support-rag\.venv\Lib\site-packages\transformers\models\eomt\image_processing_eomt.py", line 20, in <module>
    from torchvision.transforms.v2 import functional as tvF
ModuleNotFoundError: No module named 'torchvision'
2026-08-26 22:41:29.542 Examining the path of transformers.models.ernie4_5_vl_moe.image_processing_ernie4_5_vl_moe_fast raised:
Traceback (most recent call last):
  File "C:\Projects\customer-support-rag\.venv\Lib\site-packages\streamlit\watcher\local_sources_watcher.py", line 340, in get_module_paths
    potential_paths = extract_paths(module)
  File "C:\Projects\customer-support-rag\.venv\Lib\site-packages\streamlit\watcher\local_sources_watcher.py", line 327, in <lambda>
    if hasattr(m, "__path__")
       ~~~~~~~^^^^^^^^^^^^^^^
  File "C:\Projects\customer-support-rag\.venv\Lib\site-packages\transformers\__init__.py", line 865, in _getattr
    return getattr(importlib.import_module(target, __name__), name)
                   ~~~~~~~~~~~~~~~~~~~~~~~^^^^^^^^^^^^^^^^^^
  File "C:\Users\suryanarayanan\AppData\Local\Programs\Python\Python313\Lib\importlib\__init__.py", line 88, in import_module
    return _bootstrap._gcd_import(name[level:], package, level)
           ~~~~~~~~~~~~~~~~~~~~~~^^^^^^^^^^^^^^^^^^^^^^^^^^^^^^
  File "<frozen importlib._bootstrap>", line 1395, in _gcd_import
  File "<frozen importlib._bootstrap>", line 1360, in _find_and_load
  File "<frozen importlib._bootstrap>", line 1331, in _find_and_load_unlocked
  File "<frozen importlib._bootstrap>", line 935, in _load_unlocked
  File "<frozen importlib._bootstrap_external>", line 1023, in exec_module
  File "<frozen importlib._bootstrap>", line 488, in _call_with_frames_removed
  File "C:\Projects\customer-support-rag\.venv\Lib\site-packages\transformers\models\ernie4_5_vl_moe\image_processing_ernie4_5_vl_moe.py", line 24, in <module>
    from torchvision.transforms.v2 import functional as tvF
ModuleNotFoundError: No module named 'torchvision'
2026-08-26 22:41:29.544 Examining the path of transformers.models.flava.image_processing_flava_fast raised:
Traceback (most recent call last):
  File "C:\Projects\customer-support-rag\.venv\Lib\site-packages\streamlit\watcher\local_sources_watcher.py", line 340, in get_module_paths
    potential_paths = extract_paths(module)
  File "C:\Projects\customer-support-rag\.venv\Lib\site-packages\streamlit\watcher\local_sources_watcher.py", line 327, in <lambda>
    if hasattr(m, "__path__")
       ~~~~~~~^^^^^^^^^^^^^^^
  File "C:\Projects\customer-support-rag\.venv\Lib\site-packages\transformers\__init__.py", line 865, in _getattr
    return getattr(importlib.import_module(target, __name__), name)
                   ~~~~~~~~~~~~~~~~~~~~~~~^^^^^^^^^^^^^^^^^^
  File "C:\Users\suryanarayanan\AppData\Local\Programs\Python\Python313\Lib\importlib\__init__.py", line 88, in import_module
    return _bootstrap._gcd_import(name[level:], package, level)
           ~~~~~~~~~~~~~~~~~~~~~~^^^^^^^^^^^^^^^^^^^^^^^^^^^^^^
  File "<frozen importlib._bootstrap>", line 1395, in _gcd_import
  File "<frozen importlib._bootstrap>", line 1360, in _find_and_load
  File "<frozen importlib._bootstrap>", line 1331, in _find_and_load_unlocked
  File "<frozen importlib._bootstrap>", line 935, in _load_unlocked
  File "<frozen importlib._bootstrap_external>", line 1023, in exec_module
  File "<frozen importlib._bootstrap>", line 488, in _call_with_frames_removed
  File "C:\Projects\customer-support-rag\.venv\Lib\site-packages\transformers\models\flava\image_processing_flava.py", line 23, in <module>
    from torchvision.transforms.v2 import functional as tvF
ModuleNotFoundError: No module named 'torchvision'
2026-08-26 22:41:29.546 Examining the path of transformers.models.fuyu.image_processing_fuyu_fast raised:
Traceback (most recent call last):
  File "C:\Projects\customer-support-rag\.venv\Lib\site-packages\streamlit\watcher\local_sources_watcher.py", line 340, in get_module_paths
    potential_paths = extract_paths(module)
  File "C:\Projects\customer-support-rag\.venv\Lib\site-packages\streamlit\watcher\local_sources_watcher.py", line 327, in <lambda>
    if hasattr(m, "__path__")
       ~~~~~~~^^^^^^^^^^^^^^^
  File "C:\Projects\customer-support-rag\.venv\Lib\site-packages\transformers\__init__.py", line 865, in _getattr
    return getattr(importlib.import_module(target, __name__), name)
                   ~~~~~~~~~~~~~~~~~~~~~~~^^^^^^^^^^^^^^^^^^
  File "C:\Users\suryanarayanan\AppData\Local\Programs\Python\Python313\Lib\importlib\__init__.py", line 88, in import_module
    return _bootstrap._gcd_import(name[level:], package, level)
           ~~~~~~~~~~~~~~~~~~~~~~^^^^^^^^^^^^^^^^^^^^^^^^^^^^^^
  File "<frozen importlib._bootstrap>", line 1395, in _gcd_import
  File "<frozen importlib._bootstrap>", line 1360, in _find_and_load
  File "<frozen importlib._bootstrap>", line 1331, in _find_and_load_unlocked
  File "<frozen importlib._bootstrap>", line 935, in _load_unlocked
  File "<frozen importlib._bootstrap_external>", line 1023, in exec_module
  File "<frozen importlib._bootstrap>", line 488, in _call_with_frames_removed
  File "C:\Projects\customer-support-rag\.venv\Lib\site-packages\transformers\models\fuyu\image_processing_fuyu.py", line 19, in <module>
    from torchvision.transforms.v2 import functional as tvF
ModuleNotFoundError: No module named 'torchvision'
2026-08-26 22:41:29.548 Examining the path of transformers.models.gemma3.image_processing_gemma3_fast raised:
Traceback (most recent call last):
  File "C:\Projects\customer-support-rag\.venv\Lib\site-packages\streamlit\watcher\local_sources_watcher.py", line 340, in get_module_paths
    potential_paths = extract_paths(module)
  File "C:\Projects\customer-support-rag\.venv\Lib\site-packages\streamlit\watcher\local_sources_watcher.py", line 327, in <lambda>
    if hasattr(m, "__path__")
       ~~~~~~~^^^^^^^^^^^^^^^
  File "C:\Projects\customer-support-rag\.venv\Lib\site-packages\transformers\__init__.py", line 865, in _getattr
    return getattr(importlib.import_module(target, __name__), name)
                   ~~~~~~~~~~~~~~~~~~~~~~~^^^^^^^^^^^^^^^^^^
  File "C:\Users\suryanarayanan\AppData\Local\Programs\Python\Python313\Lib\importlib\__init__.py", line 88, in import_module
    return _bootstrap._gcd_import(name[level:], package, level)
           ~~~~~~~~~~~~~~~~~~~~~~^^^^^^^^^^^^^^^^^^^^^^^^^^^^^^
  File "<frozen importlib._bootstrap>", line 1395, in _gcd_import
  File "<frozen importlib._bootstrap>", line 1360, in _find_and_load
  File "<frozen importlib._bootstrap>", line 1331, in _find_and_load_unlocked
  File "<frozen importlib._bootstrap>", line 935, in _load_unlocked
  File "<frozen importlib._bootstrap_external>", line 1023, in exec_module
  File "<frozen importlib._bootstrap>", line 488, in _call_with_frames_removed
  File "C:\Projects\customer-support-rag\.venv\Lib\site-packages\transformers\models\gemma3\image_processing_gemma3.py", line 20, in <module>
    from torchvision.transforms.v2 import functional as tvF
ModuleNotFoundError: No module named 'torchvision'
2026-08-26 22:41:29.550 Examining the path of transformers.models.gemma4.image_processing_gemma4_fast raised:
Traceback (most recent call last):
  File "C:\Projects\customer-support-rag\.venv\Lib\site-packages\streamlit\watcher\local_sources_watcher.py", line 340, in get_module_paths
    potential_paths = extract_paths(module)
  File "C:\Projects\customer-support-rag\.venv\Lib\site-packages\streamlit\watcher\local_sources_watcher.py", line 327, in <lambda>
    if hasattr(m, "__path__")
       ~~~~~~~^^^^^^^^^^^^^^^
  File "C:\Projects\customer-support-rag\.venv\Lib\site-packages\transformers\__init__.py", line 865, in _getattr
    return getattr(importlib.import_module(target, __name__), name)
                   ~~~~~~~~~~~~~~~~~~~~~~~^^^^^^^^^^^^^^^^^^
  File "C:\Users\suryanarayanan\AppData\Local\Programs\Python\Python313\Lib\importlib\__init__.py", line 88, in import_module
    return _bootstrap._gcd_import(name[level:], package, level)
           ~~~~~~~~~~~~~~~~~~~~~~^^^^^^^^^^^^^^^^^^^^^^^^^^^^^^
  File "<frozen importlib._bootstrap>", line 1395, in _gcd_import
  File "<frozen importlib._bootstrap>", line 1360, in _find_and_load
  File "<frozen importlib._bootstrap>", line 1331, in _find_and_load_unlocked
  File "<frozen importlib._bootstrap>", line 935, in _load_unlocked
  File "<frozen importlib._bootstrap_external>", line 1023, in exec_module
  File "<frozen importlib._bootstrap>", line 488, in _call_with_frames_removed
  File "C:\Projects\customer-support-rag\.venv\Lib\site-packages\transformers\models\gemma4\image_processing_gemma4.py", line 17, in <module>
    from torchvision.transforms.v2 import functional as tvF
ModuleNotFoundError: No module named 'torchvision'
2026-08-26 22:41:29.552 Examining the path of transformers.models.gemma4_unified.image_processing_gemma4_unified_fast raised:
Traceback (most recent call last):
  File "C:\Projects\customer-support-rag\.venv\Lib\site-packages\streamlit\watcher\local_sources_watcher.py", line 340, in get_module_paths
    potential_paths = extract_paths(module)
  File "C:\Projects\customer-support-rag\.venv\Lib\site-packages\streamlit\watcher\local_sources_watcher.py", line 327, in <lambda>
    if hasattr(m, "__path__")
       ~~~~~~~^^^^^^^^^^^^^^^
  File "C:\Projects\customer-support-rag\.venv\Lib\site-packages\transformers\__init__.py", line 865, in _getattr
    return getattr(importlib.import_module(target, __name__), name)
                   ~~~~~~~~~~~~~~~~~~~~~~~^^^^^^^^^^^^^^^^^^
  File "C:\Users\suryanarayanan\AppData\Local\Programs\Python\Python313\Lib\importlib\__init__.py", line 88, in import_module
    return _bootstrap._gcd_import(name[level:], package, level)
           ~~~~~~~~~~~~~~~~~~~~~~^^^^^^^^^^^^^^^^^^^^^^^^^^^^^^
  File "<frozen importlib._bootstrap>", line 1395, in _gcd_import
  File "<frozen importlib._bootstrap>", line 1360, in _find_and_load
  File "<frozen importlib._bootstrap>", line 1331, in _find_and_load_unlocked
  File "<frozen importlib._bootstrap>", line 935, in _load_unlocked
  File "<frozen importlib._bootstrap_external>", line 1023, in exec_module
  File "<frozen importlib._bootstrap>", line 488, in _call_with_frames_removed
  File "C:\Projects\customer-support-rag\.venv\Lib\site-packages\transformers\models\gemma4_unified\image_processing_gemma4_unified.py", line 23, in <module>
    from torchvision.transforms.v2 import functional as tvF
ModuleNotFoundError: No module named 'torchvision'
2026-08-26 22:41:29.554 Examining the path of transformers.models.glm46v.image_processing_glm46v_fast raised:
Traceback (most recent call last):
  File "C:\Projects\customer-support-rag\.venv\Lib\site-packages\streamlit\watcher\local_sources_watcher.py", line 340, in get_module_paths
    potential_paths = extract_paths(module)
  File "C:\Projects\customer-support-rag\.venv\Lib\site-packages\streamlit\watcher\local_sources_watcher.py", line 327, in <lambda>
    if hasattr(m, "__path__")
       ~~~~~~~^^^^^^^^^^^^^^^
  File "C:\Projects\customer-support-rag\.venv\Lib\site-packages\transformers\__init__.py", line 865, in _getattr
    return getattr(importlib.import_module(target, __name__), name)
                   ~~~~~~~~~~~~~~~~~~~~~~~^^^^^^^^^^^^^^^^^^
  File "C:\Users\suryanarayanan\AppData\Local\Programs\Python\Python313\Lib\importlib\__init__.py", line 88, in import_module
    return _bootstrap._gcd_import(name[level:], package, level)
           ~~~~~~~~~~~~~~~~~~~~~~^^^^^^^^^^^^^^^^^^^^^^^^^^^^^^
  File "<frozen importlib._bootstrap>", line 1395, in _gcd_import
  File "<frozen importlib._bootstrap>", line 1360, in _find_and_load
  File "<frozen importlib._bootstrap>", line 1331, in _find_and_load_unlocked
  File "<frozen importlib._bootstrap>", line 935, in _load_unlocked
  File "<frozen importlib._bootstrap_external>", line 1023, in exec_module
  File "<frozen importlib._bootstrap>", line 488, in _call_with_frames_removed
  File "C:\Projects\customer-support-rag\.venv\Lib\site-packages\transformers\models\glm46v\image_processing_glm46v.py", line 25, in <module>
    from torchvision.transforms.v2 import functional as tvF
ModuleNotFoundError: No module named 'torchvision'
2026-08-26 22:41:29.556 Examining the path of transformers.models.glm4v.image_processing_glm4v_fast raised:
Traceback (most recent call last):
  File "C:\Projects\customer-support-rag\.venv\Lib\site-packages\streamlit\watcher\local_sources_watcher.py", line 340, in get_module_paths
    potential_paths = extract_paths(module)
  File "C:\Projects\customer-support-rag\.venv\Lib\site-packages\streamlit\watcher\local_sources_watcher.py", line 327, in <lambda>
    if hasattr(m, "__path__")
       ~~~~~~~^^^^^^^^^^^^^^^
  File "C:\Projects\customer-support-rag\.venv\Lib\site-packages\transformers\__init__.py", line 865, in _getattr
    return getattr(importlib.import_module(target, __name__), name)
                   ~~~~~~~~~~~~~~~~~~~~~~~^^^^^^^^^^^^^^^^^^
  File "C:\Users\suryanarayanan\AppData\Local\Programs\Python\Python313\Lib\importlib\__init__.py", line 88, in import_module
    return _bootstrap._gcd_import(name[level:], package, level)
           ~~~~~~~~~~~~~~~~~~~~~~^^^^^^^^^^^^^^^^^^^^^^^^^^^^^^
  File "<frozen importlib._bootstrap>", line 1395, in _gcd_import
  File "<frozen importlib._bootstrap>", line 1360, in _find_and_load
  File "<frozen importlib._bootstrap>", line 1331, in _find_and_load_unlocked
  File "<frozen importlib._bootstrap>", line 935, in _load_unlocked
  File "<frozen importlib._bootstrap_external>", line 1023, in exec_module
  File "<frozen importlib._bootstrap>", line 488, in _call_with_frames_removed
  File "C:\Projects\customer-support-rag\.venv\Lib\site-packages\transformers\models\glm4v\image_processing_glm4v.py", line 19, in <module>
    from torchvision.transforms.v2 import functional as tvF
ModuleNotFoundError: No module named 'torchvision'
2026-08-26 22:41:29.558 Examining the path of transformers.models.glm5_next.image_processing_glm5_next_fast raised:
Traceback (most recent call last):
  File "C:\Projects\customer-support-rag\.venv\Lib\site-packages\streamlit\watcher\local_sources_watcher.py", line 340, in get_module_paths
    potential_paths = extract_paths(module)
  File "C:\Projects\customer-support-rag\.venv\Lib\site-packages\streamlit\watcher\local_sources_watcher.py", line 327, in <lambda>
    if hasattr(m, "__path__")
       ~~~~~~~^^^^^^^^^^^^^^^
  File "C:\Projects\customer-support-rag\.venv\Lib\site-packages\transformers\__init__.py", line 865, in _getattr
    return getattr(importlib.import_module(target, __name__), name)
                   ~~~~~~~~~~~~~~~~~~~~~~~^^^^^^^^^^^^^^^^^^
  File "C:\Users\suryanarayanan\AppData\Local\Programs\Python\Python313\Lib\importlib\__init__.py", line 88, in import_module
    return _bootstrap._gcd_import(name[level:], package, level)
           ~~~~~~~~~~~~~~~~~~~~~~^^^^^^^^^^^^^^^^^^^^^^^^^^^^^^
  File "<frozen importlib._bootstrap>", line 1395, in _gcd_import
  File "<frozen importlib._bootstrap>", line 1360, in _find_and_load
  File "<frozen importlib._bootstrap>", line 1331, in _find_and_load_unlocked
  File "<frozen importlib._bootstrap>", line 935, in _load_unlocked
  File "<frozen importlib._bootstrap_external>", line 1023, in exec_module
  File "<frozen importlib._bootstrap>", line 488, in _call_with_frames_removed
  File "C:\Projects\customer-support-rag\.venv\Lib\site-packages\transformers\models\glm5_next\image_processing_glm5_next.py", line 24, in <module>
    from torchvision.transforms.v2 import functional as tvF
ModuleNotFoundError: No module named 'torchvision'
2026-08-26 22:41:29.560 Examining the path of transformers.models.glm_image.image_processing_glm_image_fast raised:
Traceback (most recent call last):
  File "C:\Projects\customer-support-rag\.venv\Lib\site-packages\streamlit\watcher\local_sources_watcher.py", line 340, in get_module_paths
    potential_paths = extract_paths(module)
  File "C:\Projects\customer-support-rag\.venv\Lib\site-packages\streamlit\watcher\local_sources_watcher.py", line 327, in <lambda>
    if hasattr(m, "__path__")
       ~~~~~~~^^^^^^^^^^^^^^^
  File "C:\Projects\customer-support-rag\.venv\Lib\site-packages\transformers\__init__.py", line 865, in _getattr
    return getattr(importlib.import_module(target, __name__), name)
                   ~~~~~~~~~~~~~~~~~~~~~~~^^^^^^^^^^^^^^^^^^
  File "C:\Users\suryanarayanan\AppData\Local\Programs\Python\Python313\Lib\importlib\__init__.py", line 88, in import_module
    return _bootstrap._gcd_import(name[level:], package, level)
           ~~~~~~~~~~~~~~~~~~~~~~^^^^^^^^^^^^^^^^^^^^^^^^^^^^^^
  File "<frozen importlib._bootstrap>", line 1395, in _gcd_import
  File "<frozen importlib._bootstrap>", line 1360, in _find_and_load
  File "<frozen importlib._bootstrap>", line 1331, in _find_and_load_unlocked
  File "<frozen importlib._bootstrap>", line 935, in _load_unlocked
  File "<frozen importlib._bootstrap_external>", line 1023, in exec_module
  File "<frozen importlib._bootstrap>", line 488, in _call_with_frames_removed
  File "C:\Projects\customer-support-rag\.venv\Lib\site-packages\transformers\models\glm_image\image_processing_glm_image.py", line 25, in <module>
    from torchvision.transforms.v2 import functional as tvF
ModuleNotFoundError: No module named 'torchvision'
2026-08-26 22:41:29.562 Examining the path of transformers.models.glmga.image_processing_glmga_fast raised:
Traceback (most recent call last):
  File "C:\Projects\customer-support-rag\.venv\Lib\site-packages\streamlit\watcher\local_sources_watcher.py", line 340, in get_module_paths
    potential_paths = extract_paths(module)
  File "C:\Projects\customer-support-rag\.venv\Lib\site-packages\streamlit\watcher\local_sources_watcher.py", line 327, in <lambda>
    if hasattr(m, "__path__")
       ~~~~~~~^^^^^^^^^^^^^^^
  File "C:\Projects\customer-support-rag\.venv\Lib\site-packages\transformers\__init__.py", line 865, in _getattr
    return getattr(importlib.import_module(target, __name__), name)
                   ~~~~~~~~~~~~~~~~~~~~~~~^^^^^^^^^^^^^^^^^^
  File "C:\Users\suryanarayanan\AppData\Local\Programs\Python\Python313\Lib\importlib\__init__.py", line 88, in import_module
    return _bootstrap._gcd_import(name[level:], package, level)
           ~~~~~~~~~~~~~~~~~~~~~~^^^^^^^^^^^^^^^^^^^^^^^^^^^^^^
  File "<frozen importlib._bootstrap>", line 1395, in _gcd_import
  File "<frozen importlib._bootstrap>", line 1360, in _find_and_load
  File "<frozen importlib._bootstrap>", line 1331, in _find_and_load_unlocked
  File "<frozen importlib._bootstrap>", line 935, in _load_unlocked
  File "<frozen importlib._bootstrap_external>", line 1023, in exec_module
  File "<frozen importlib._bootstrap>", line 488, in _call_with_frames_removed
  File "C:\Projects\customer-support-rag\.venv\Lib\site-packages\transformers\models\glmga\image_processing_glmga.py", line 24, in <module>
    from torchvision.transforms.v2 import functional as tvF
ModuleNotFoundError: No module named 'torchvision'
2026-08-26 22:41:29.563 Examining the path of transformers.models.glpn.image_processing_glpn_fast raised:
Traceback (most recent call last):
  File "C:\Projects\customer-support-rag\.venv\Lib\site-packages\streamlit\watcher\local_sources_watcher.py", line 340, in get_module_paths
    potential_paths = extract_paths(module)
  File "C:\Projects\customer-support-rag\.venv\Lib\site-packages\streamlit\watcher\local_sources_watcher.py", line 327, in <lambda>
    if hasattr(m, "__path__")
       ~~~~~~~^^^^^^^^^^^^^^^
  File "C:\Projects\customer-support-rag\.venv\Lib\site-packages\transformers\__init__.py", line 865, in _getattr
    return getattr(importlib.import_module(target, __name__), name)
                   ~~~~~~~~~~~~~~~~~~~~~~~^^^^^^^^^^^^^^^^^^
  File "C:\Users\suryanarayanan\AppData\Local\Programs\Python\Python313\Lib\importlib\__init__.py", line 88, in import_module
    return _bootstrap._gcd_import(name[level:], package, level)
           ~~~~~~~~~~~~~~~~~~~~~~^^^^^^^^^^^^^^^^^^^^^^^^^^^^^^
  File "<frozen importlib._bootstrap>", line 1395, in _gcd_import
  File "<frozen importlib._bootstrap>", line 1360, in _find_and_load
  File "<frozen importlib._bootstrap>", line 1331, in _find_and_load_unlocked
  File "<frozen importlib._bootstrap>", line 935, in _load_unlocked
  File "<frozen importlib._bootstrap_external>", line 1023, in exec_module
  File "<frozen importlib._bootstrap>", line 488, in _call_with_frames_removed
  File "C:\Projects\customer-support-rag\.venv\Lib\site-packages\transformers\models\glpn\image_processing_glpn.py", line 34, in <module>
    from torchvision.transforms.v2 import functional as tvF
ModuleNotFoundError: No module named 'torchvision'
2026-08-26 22:41:29.566 Examining the path of transformers.models.got_ocr2.image_processing_got_ocr2_fast raised:
Traceback (most recent call last):
  File "C:\Projects\customer-support-rag\.venv\Lib\site-packages\streamlit\watcher\local_sources_watcher.py", line 340, in get_module_paths
    potential_paths = extract_paths(module)
  File "C:\Projects\customer-support-rag\.venv\Lib\site-packages\streamlit\watcher\local_sources_watcher.py", line 327, in <lambda>
    if hasattr(m, "__path__")
       ~~~~~~~^^^^^^^^^^^^^^^
  File "C:\Projects\customer-support-rag\.venv\Lib\site-packages\transformers\__init__.py", line 865, in _getattr
    return getattr(importlib.import_module(target, __name__), name)
                   ~~~~~~~~~~~~~~~~~~~~~~~^^^^^^^^^^^^^^^^^^
  File "C:\Users\suryanarayanan\AppData\Local\Programs\Python\Python313\Lib\importlib\__init__.py", line 88, in import_module
    return _bootstrap._gcd_import(name[level:], package, level)
           ~~~~~~~~~~~~~~~~~~~~~~^^^^^^^^^^^^^^^^^^^^^^^^^^^^^^
  File "<frozen importlib._bootstrap>", line 1395, in _gcd_import
  File "<frozen importlib._bootstrap>", line 1360, in _find_and_load
  File "<frozen importlib._bootstrap>", line 1331, in _find_and_load_unlocked
  File "<frozen importlib._bootstrap>", line 935, in _load_unlocked
  File "<frozen importlib._bootstrap_external>", line 1023, in exec_module
  File "<frozen importlib._bootstrap>", line 488, in _call_with_frames_removed
  File "C:\Projects\customer-support-rag\.venv\Lib\site-packages\transformers\models\got_ocr2\image_processing_got_ocr2.py", line 19, in <module>
    from torchvision.transforms.v2 import functional as tvF
ModuleNotFoundError: No module named 'torchvision'
2026-08-26 22:41:29.568 Examining the path of transformers.models.grounding_dino.image_processing_grounding_dino_fast raised:
Traceback (most recent call last):
  File "C:\Projects\customer-support-rag\.venv\Lib\site-packages\streamlit\watcher\local_sources_watcher.py", line 340, in get_module_paths
    potential_paths = extract_paths(module)
  File "C:\Projects\customer-support-rag\.venv\Lib\site-packages\streamlit\watcher\local_sources_watcher.py", line 327, in <lambda>
    if hasattr(m, "__path__")
       ~~~~~~~^^^^^^^^^^^^^^^
  File "C:\Projects\customer-support-rag\.venv\Lib\site-packages\transformers\__init__.py", line 865, in _getattr
    return getattr(importlib.import_module(target, __name__), name)
                   ~~~~~~~~~~~~~~~~~~~~~~~^^^^^^^^^^^^^^^^^^
  File "C:\Users\suryanarayanan\AppData\Local\Programs\Python\Python313\Lib\importlib\__init__.py", line 88, in import_module
    return _bootstrap._gcd_import(name[level:], package, level)
           ~~~~~~~~~~~~~~~~~~~~~~^^^^^^^^^^^^^^^^^^^^^^^^^^^^^^
  File "<frozen importlib._bootstrap>", line 1395, in _gcd_import
  File "<frozen importlib._bootstrap>", line 1360, in _find_and_load
  File "<frozen importlib._bootstrap>", line 1331, in _find_and_load_unlocked
  File "<frozen importlib._bootstrap>", line 935, in _load_unlocked
  File "<frozen importlib._bootstrap_external>", line 1023, in exec_module
  File "<frozen importlib._bootstrap>", line 488, in _call_with_frames_removed
  File "C:\Projects\customer-support-rag\.venv\Lib\site-packages\transformers\models\grounding_dino\image_processing_grounding_dino.py", line 30, in <module>
    from torchvision.io import read_image
ModuleNotFoundError: No module named 'torchvision'
2026-08-26 22:41:29.570 Examining the path of transformers.models.hunyuan_vl.image_processing_hunyuan_vl_fast raised:
Traceback (most recent call last):
  File "C:\Projects\customer-support-rag\.venv\Lib\site-packages\streamlit\watcher\local_sources_watcher.py", line 340, in get_module_paths
    potential_paths = extract_paths(module)
  File "C:\Projects\customer-support-rag\.venv\Lib\site-packages\streamlit\watcher\local_sources_watcher.py", line 327, in <lambda>
    if hasattr(m, "__path__")
       ~~~~~~~^^^^^^^^^^^^^^^
  File "C:\Projects\customer-support-rag\.venv\Lib\site-packages\transformers\__init__.py", line 865, in _getattr
    return getattr(importlib.import_module(target, __name__), name)
                   ~~~~~~~~~~~~~~~~~~~~~~~^^^^^^^^^^^^^^^^^^
  File "C:\Users\suryanarayanan\AppData\Local\Programs\Python\Python313\Lib\importlib\__init__.py", line 88, in import_module
    return _bootstrap._gcd_import(name[level:], package, level)
           ~~~~~~~~~~~~~~~~~~~~~~^^^^^^^^^^^^^^^^^^^^^^^^^^^^^^
  File "<frozen importlib._bootstrap>", line 1395, in _gcd_import
  File "<frozen importlib._bootstrap>", line 1360, in _find_and_load
  File "<frozen importlib._bootstrap>", line 1331, in _find_and_load_unlocked
  File "<frozen importlib._bootstrap>", line 935, in _load_unlocked
  File "<frozen importlib._bootstrap_external>", line 1023, in exec_module
  File "<frozen importlib._bootstrap>", line 488, in _call_with_frames_removed
  File "C:\Projects\customer-support-rag\.venv\Lib\site-packages\transformers\models\hunyuan_vl\image_processing_hunyuan_vl.py", line 25, in <module>
    from torchvision.transforms.v2 import functional as tvF
ModuleNotFoundError: No module named 'torchvision'
2026-08-26 22:41:29.572 Examining the path of transformers.models.idefics2.image_processing_idefics2_fast raised:
Traceback (most recent call last):
  File "C:\Projects\customer-support-rag\.venv\Lib\site-packages\streamlit\watcher\local_sources_watcher.py", line 340, in get_module_paths
    potential_paths = extract_paths(module)
  File "C:\Projects\customer-support-rag\.venv\Lib\site-packages\streamlit\watcher\local_sources_watcher.py", line 327, in <lambda>
    if hasattr(m, "__path__")
       ~~~~~~~^^^^^^^^^^^^^^^
  File "C:\Projects\customer-support-rag\.venv\Lib\site-packages\transformers\__init__.py", line 865, in _getattr
    return getattr(importlib.import_module(target, __name__), name)
                   ~~~~~~~~~~~~~~~~~~~~~~~^^^^^^^^^^^^^^^^^^
  File "C:\Users\suryanarayanan\AppData\Local\Programs\Python\Python313\Lib\importlib\__init__.py", line 88, in import_module
    return _bootstrap._gcd_import(name[level:], package, level)
           ~~~~~~~~~~~~~~~~~~~~~~^^^^^^^^^^^^^^^^^^^^^^^^^^^^^^
  File "<frozen importlib._bootstrap>", line 1395, in _gcd_import
  File "<frozen importlib._bootstrap>", line 1360, in _find_and_load
  File "<frozen importlib._bootstrap>", line 1331, in _find_and_load_unlocked
  File "<frozen importlib._bootstrap>", line 935, in _load_unlocked
  File "<frozen importlib._bootstrap_external>", line 1023, in exec_module
  File "<frozen importlib._bootstrap>", line 488, in _call_with_frames_removed
  File "C:\Projects\customer-support-rag\.venv\Lib\site-packages\transformers\models\idefics2\image_processing_idefics2.py", line 37, in <module>
    from torchvision.transforms.v2 import functional as tvF
ModuleNotFoundError: No module named 'torchvision'
2026-08-26 22:41:29.574 Examining the path of transformers.models.idefics3.image_processing_idefics3_fast raised:
Traceback (most recent call last):
  File "C:\Projects\customer-support-rag\.venv\Lib\site-packages\streamlit\watcher\local_sources_watcher.py", line 340, in get_module_paths
    potential_paths = extract_paths(module)
  File "C:\Projects\customer-support-rag\.venv\Lib\site-packages\streamlit\watcher\local_sources_watcher.py", line 327, in <lambda>
    if hasattr(m, "__path__")
       ~~~~~~~^^^^^^^^^^^^^^^
  File "C:\Projects\customer-support-rag\.venv\Lib\site-packages\transformers\__init__.py", line 865, in _getattr
    return getattr(importlib.import_module(target, __name__), name)
                   ~~~~~~~~~~~~~~~~~~~~~~~^^^^^^^^^^^^^^^^^^
  File "C:\Users\suryanarayanan\AppData\Local\Programs\Python\Python313\Lib\importlib\__init__.py", line 88, in import_module
    return _bootstrap._gcd_import(name[level:], package, level)
           ~~~~~~~~~~~~~~~~~~~~~~^^^^^^^^^^^^^^^^^^^^^^^^^^^^^^
  File "<frozen importlib._bootstrap>", line 1395, in _gcd_import
  File "<frozen importlib._bootstrap>", line 1360, in _find_and_load
  File "<frozen importlib._bootstrap>", line 1331, in _find_and_load_unlocked
  File "<frozen importlib._bootstrap>", line 935, in _load_unlocked
  File "<frozen importlib._bootstrap_external>", line 1023, in exec_module
  File "<frozen importlib._bootstrap>", line 488, in _call_with_frames_removed
  File "C:\Projects\customer-support-rag\.venv\Lib\site-packages\transformers\models\idefics3\image_processing_idefics3.py", line 20, in <module>
    from torchvision.transforms.v2 import functional as tvF
ModuleNotFoundError: No module named 'torchvision'
2026-08-26 22:41:29.576 Examining the path of transformers.models.imagegpt.image_processing_imagegpt_fast raised:
Traceback (most recent call last):
  File "C:\Projects\customer-support-rag\.venv\Lib\site-packages\streamlit\watcher\local_sources_watcher.py", line 340, in get_module_paths
    potential_paths = extract_paths(module)
  File "C:\Projects\customer-support-rag\.venv\Lib\site-packages\streamlit\watcher\local_sources_watcher.py", line 327, in <lambda>
    if hasattr(m, "__path__")
       ~~~~~~~^^^^^^^^^^^^^^^
  File "C:\Projects\customer-support-rag\.venv\Lib\site-packages\transformers\__init__.py", line 865, in _getattr
    return getattr(importlib.import_module(target, __name__), name)
                   ~~~~~~~~~~~~~~~~~~~~~~~^^^^^^^^^^^^^^^^^^
  File "C:\Users\suryanarayanan\AppData\Local\Programs\Python\Python313\Lib\importlib\__init__.py", line 88, in import_module
    return _bootstrap._gcd_import(name[level:], package, level)
           ~~~~~~~~~~~~~~~~~~~~~~^^^^^^^^^^^^^^^^^^^^^^^^^^^^^^
  File "<frozen importlib._bootstrap>", line 1395, in _gcd_import
  File "<frozen importlib._bootstrap>", line 1360, in _find_and_load
  File "<frozen importlib._bootstrap>", line 1331, in _find_and_load_unlocked
  File "<frozen importlib._bootstrap>", line 935, in _load_unlocked
  File "<frozen importlib._bootstrap_external>", line 1023, in exec_module
  File "<frozen importlib._bootstrap>", line 488, in _call_with_frames_removed
  File "C:\Projects\customer-support-rag\.venv\Lib\site-packages\transformers\models\imagegpt\image_processing_imagegpt.py", line 20, in <module>
    from torchvision.transforms.v2 import functional as tvF
ModuleNotFoundError: No module named 'torchvision'
2026-08-26 22:41:29.578 Examining the path of transformers.models.inkling.image_processing_inkling_fast raised:
Traceback (most recent call last):
  File "C:\Projects\customer-support-rag\.venv\Lib\site-packages\streamlit\watcher\local_sources_watcher.py", line 340, in get_module_paths
    potential_paths = extract_paths(module)
  File "C:\Projects\customer-support-rag\.venv\Lib\site-packages\streamlit\watcher\local_sources_watcher.py", line 327, in <lambda>
    if hasattr(m, "__path__")
       ~~~~~~~^^^^^^^^^^^^^^^
  File "C:\Projects\customer-support-rag\.venv\Lib\site-packages\transformers\__init__.py", line 865, in _getattr
    return getattr(importlib.import_module(target, __name__), name)
                   ~~~~~~~~~~~~~~~~~~~~~~~^^^^^^^^^^^^^^^^^^
  File "C:\Users\suryanarayanan\AppData\Local\Programs\Python\Python313\Lib\importlib\__init__.py", line 88, in import_module
    return _bootstrap._gcd_import(name[level:], package, level)
           ~~~~~~~~~~~~~~~~~~~~~~^^^^^^^^^^^^^^^^^^^^^^^^^^^^^^
  File "<frozen importlib._bootstrap>", line 1395, in _gcd_import
  File "<frozen importlib._bootstrap>", line 1360, in _find_and_load
  File "<frozen importlib._bootstrap>", line 1331, in _find_and_load_unlocked
  File "<frozen importlib._bootstrap>", line 935, in _load_unlocked
  File "<frozen importlib._bootstrap_external>", line 1023, in exec_module
  File "<frozen importlib._bootstrap>", line 488, in _call_with_frames_removed
  File "C:\Projects\customer-support-rag\.venv\Lib\site-packages\transformers\models\inkling\image_processing_inkling.py", line 19, in <module>
    from torchvision.transforms.v2 import functional as tvF
ModuleNotFoundError: No module named 'torchvision'
2026-08-26 22:41:29.580 Examining the path of transformers.models.janus.image_processing_janus_fast raised:
Traceback (most recent call last):
  File "C:\Projects\customer-support-rag\.venv\Lib\site-packages\streamlit\watcher\local_sources_watcher.py", line 340, in get_module_paths
    potential_paths = extract_paths(module)
  File "C:\Projects\customer-support-rag\.venv\Lib\site-packages\streamlit\watcher\local_sources_watcher.py", line 327, in <lambda>
    if hasattr(m, "__path__")
       ~~~~~~~^^^^^^^^^^^^^^^
  File "C:\Projects\customer-support-rag\.venv\Lib\site-packages\transformers\__init__.py", line 865, in _getattr
    return getattr(importlib.import_module(target, __name__), name)
                   ~~~~~~~~~~~~~~~~~~~~~~~^^^^^^^^^^^^^^^^^^
  File "C:\Users\suryanarayanan\AppData\Local\Programs\Python\Python313\Lib\importlib\__init__.py", line 88, in import_module
    return _bootstrap._gcd_import(name[level:], package, level)
           ~~~~~~~~~~~~~~~~~~~~~~^^^^^^^^^^^^^^^^^^^^^^^^^^^^^^
  File "<frozen importlib._bootstrap>", line 1395, in _gcd_import
  File "<frozen importlib._bootstrap>", line 1360, in _find_and_load
  File "<frozen importlib._bootstrap>", line 1331, in _find_and_load_unlocked
  File "<frozen importlib._bootstrap>", line 935, in _load_unlocked
  File "<frozen importlib._bootstrap_external>", line 1023, in exec_module
  File "<frozen importlib._bootstrap>", line 488, in _call_with_frames_removed
  File "C:\Projects\customer-support-rag\.venv\Lib\site-packages\transformers\models\janus\image_processing_janus.py", line 17, in <module>
    import torchvision.transforms.v2.functional as tvF
ModuleNotFoundError: No module named 'torchvision'
2026-08-26 22:41:29.582 Examining the path of transformers.models.kimi_k25.image_processing_kimi_k25_fast raised:
Traceback (most recent call last):
  File "C:\Projects\customer-support-rag\.venv\Lib\site-packages\streamlit\watcher\local_sources_watcher.py", line 340, in get_module_paths
    potential_paths = extract_paths(module)
  File "C:\Projects\customer-support-rag\.venv\Lib\site-packages\streamlit\watcher\local_sources_watcher.py", line 327, in <lambda>
    if hasattr(m, "__path__")
       ~~~~~~~^^^^^^^^^^^^^^^
  File "C:\Projects\customer-support-rag\.venv\Lib\site-packages\transformers\__init__.py", line 865, in _getattr
    return getattr(importlib.import_module(target, __name__), name)
                   ~~~~~~~~~~~~~~~~~~~~~~~^^^^^^^^^^^^^^^^^^
  File "C:\Users\suryanarayanan\AppData\Local\Programs\Python\Python313\Lib\importlib\__init__.py", line 88, in import_module
    return _bootstrap._gcd_import(name[level:], package, level)
           ~~~~~~~~~~~~~~~~~~~~~~^^^^^^^^^^^^^^^^^^^^^^^^^^^^^^
  File "<frozen importlib._bootstrap>", line 1395, in _gcd_import
  File "<frozen importlib._bootstrap>", line 1360, in _find_and_load
  File "<frozen importlib._bootstrap>", line 1331, in _find_and_load_unlocked
  File "<frozen importlib._bootstrap>", line 935, in _load_unlocked
  File "<frozen importlib._bootstrap_external>", line 1023, in exec_module
  File "<frozen importlib._bootstrap>", line 488, in _call_with_frames_removed
  File "C:\Projects\customer-support-rag\.venv\Lib\site-packages\transformers\models\kimi_k25\image_processing_kimi_k25.py", line 19, in <module>
    from torchvision.transforms.v2 import functional as tvF
ModuleNotFoundError: No module named 'torchvision'
2026-08-26 22:41:29.584 Examining the path of transformers.models.layoutlmv2.image_processing_layoutlmv2_fast raised:
Traceback (most recent call last):
  File "C:\Projects\customer-support-rag\.venv\Lib\site-packages\streamlit\watcher\local_sources_watcher.py", line 340, in get_module_paths
    potential_paths = extract_paths(module)
  File "C:\Projects\customer-support-rag\.venv\Lib\site-packages\streamlit\watcher\local_sources_watcher.py", line 327, in <lambda>
    if hasattr(m, "__path__")
       ~~~~~~~^^^^^^^^^^^^^^^
  File "C:\Projects\customer-support-rag\.venv\Lib\site-packages\transformers\__init__.py", line 865, in _getattr
    return getattr(importlib.import_module(target, __name__), name)
                   ~~~~~~~~~~~~~~~~~~~~~~~^^^^^^^^^^^^^^^^^^
  File "C:\Users\suryanarayanan\AppData\Local\Programs\Python\Python313\Lib\importlib\__init__.py", line 88, in import_module
    return _bootstrap._gcd_import(name[level:], package, level)
           ~~~~~~~~~~~~~~~~~~~~~~^^^^^^^^^^^^^^^^^^^^^^^^^^^^^^
  File "<frozen importlib._bootstrap>", line 1395, in _gcd_import
  File "<frozen importlib._bootstrap>", line 1360, in _find_and_load
  File "<frozen importlib._bootstrap>", line 1331, in _find_and_load_unlocked
  File "<frozen importlib._bootstrap>", line 935, in _load_unlocked
  File "<frozen importlib._bootstrap_external>", line 1023, in exec_module
  File "<frozen importlib._bootstrap>", line 488, in _call_with_frames_removed
  File "C:\Projects\customer-support-rag\.venv\Lib\site-packages\transformers\models\layoutlmv2\image_processing_layoutlmv2.py", line 36, in <module>
    from torchvision.transforms.v2 import functional as tvF
ModuleNotFoundError: No module named 'torchvision'
2026-08-26 22:41:29.586 Examining the path of transformers.models.layoutlmv3.image_processing_layoutlmv3_fast raised:
Traceback (most recent call last):
  File "C:\Projects\customer-support-rag\.venv\Lib\site-packages\streamlit\watcher\local_sources_watcher.py", line 340, in get_module_paths
    potential_paths = extract_paths(module)
  File "C:\Projects\customer-support-rag\.venv\Lib\site-packages\streamlit\watcher\local_sources_watcher.py", line 327, in <lambda>
    if hasattr(m, "__path__")
       ~~~~~~~^^^^^^^^^^^^^^^
  File "C:\Projects\customer-support-rag\.venv\Lib\site-packages\transformers\__init__.py", line 865, in _getattr
    return getattr(importlib.import_module(target, __name__), name)
                   ~~~~~~~~~~~~~~~~~~~~~~~^^^^^^^^^^^^^^^^^^
  File "C:\Users\suryanarayanan\AppData\Local\Programs\Python\Python313\Lib\importlib\__init__.py", line 88, in import_module
    return _bootstrap._gcd_import(name[level:], package, level)
           ~~~~~~~~~~~~~~~~~~~~~~^^^^^^^^^^^^^^^^^^^^^^^^^^^^^^
  File "<frozen importlib._bootstrap>", line 1395, in _gcd_import
  File "<frozen importlib._bootstrap>", line 1360, in _find_and_load
  File "<frozen importlib._bootstrap>", line 1331, in _find_and_load_unlocked
  File "<frozen importlib._bootstrap>", line 935, in _load_unlocked
  File "<frozen importlib._bootstrap_external>", line 1023, in exec_module
  File "<frozen importlib._bootstrap>", line 488, in _call_with_frames_removed
  File "C:\Projects\customer-support-rag\.venv\Lib\site-packages\transformers\models\layoutlmv3\image_processing_layoutlmv3.py", line 42, in <module>
    from torchvision.transforms.v2 import functional as tvF
ModuleNotFoundError: No module named 'torchvision'
2026-08-26 22:41:29.588 Examining the path of transformers.models.levit.image_processing_levit_fast raised:
Traceback (most recent call last):
  File "C:\Projects\customer-support-rag\.venv\Lib\site-packages\streamlit\watcher\local_sources_watcher.py", line 340, in get_module_paths
    potential_paths = extract_paths(module)
  File "C:\Projects\customer-support-rag\.venv\Lib\site-packages\streamlit\watcher\local_sources_watcher.py", line 327, in <lambda>
    if hasattr(m, "__path__")
       ~~~~~~~^^^^^^^^^^^^^^^
  File "C:\Projects\customer-support-rag\.venv\Lib\site-packages\transformers\__init__.py", line 865, in _getattr
    return getattr(importlib.import_module(target, __name__), name)
                   ~~~~~~~~~~~~~~~~~~~~~~~^^^^^^^^^^^^^^^^^^
  File "C:\Users\suryanarayanan\AppData\Local\Programs\Python\Python313\Lib\importlib\__init__.py", line 88, in import_module
    return _bootstrap._gcd_import(name[level:], package, level)
           ~~~~~~~~~~~~~~~~~~~~~~^^^^^^^^^^^^^^^^^^^^^^^^^^^^^^
  File "<frozen importlib._bootstrap>", line 1395, in _gcd_import
  File "<frozen importlib._bootstrap>", line 1360, in _find_and_load
  File "<frozen importlib._bootstrap>", line 1331, in _find_and_load_unlocked
  File "<frozen importlib._bootstrap>", line 935, in _load_unlocked
  File "<frozen importlib._bootstrap_external>", line 1023, in exec_module
  File "<frozen importlib._bootstrap>", line 488, in _call_with_frames_removed
  File "C:\Projects\customer-support-rag\.venv\Lib\site-packages\transformers\models\levit\image_processing_levit.py", line 17, in <module>
    from torchvision.transforms.v2 import functional as tvF
ModuleNotFoundError: No module named 'torchvision'
2026-08-26 22:41:29.591 Examining the path of transformers.models.lfm2_vl.image_processing_lfm2_vl_fast raised:
Traceback (most recent call last):
  File "C:\Projects\customer-support-rag\.venv\Lib\site-packages\streamlit\watcher\local_sources_watcher.py", line 340, in get_module_paths
    potential_paths = extract_paths(module)
  File "C:\Projects\customer-support-rag\.venv\Lib\site-packages\streamlit\watcher\local_sources_watcher.py", line 327, in <lambda>
    if hasattr(m, "__path__")
       ~~~~~~~^^^^^^^^^^^^^^^
  File "C:\Projects\customer-support-rag\.venv\Lib\site-packages\transformers\__init__.py", line 865, in _getattr
    return getattr(importlib.import_module(target, __name__), name)
                   ~~~~~~~~~~~~~~~~~~~~~~~^^^^^^^^^^^^^^^^^^
  File "C:\Users\suryanarayanan\AppData\Local\Programs\Python\Python313\Lib\importlib\__init__.py", line 88, in import_module
    return _bootstrap._gcd_import(name[level:], package, level)
           ~~~~~~~~~~~~~~~~~~~~~~^^^^^^^^^^^^^^^^^^^^^^^^^^^^^^
  File "<frozen importlib._bootstrap>", line 1395, in _gcd_import
  File "<frozen importlib._bootstrap>", line 1360, in _find_and_load
  File "<frozen importlib._bootstrap>", line 1331, in _find_and_load_unlocked
  File "<frozen importlib._bootstrap>", line 935, in _load_unlocked
  File "<frozen importlib._bootstrap_external>", line 1023, in exec_module
  File "<frozen importlib._bootstrap>", line 488, in _call_with_frames_removed
  File "C:\Projects\customer-support-rag\.venv\Lib\site-packages\transformers\models\lfm2_vl\image_processing_lfm2_vl.py", line 18, in <module>
    from torchvision.transforms.v2 import functional as tvF
ModuleNotFoundError: No module named 'torchvision'
2026-08-26 22:41:29.593 Examining the path of transformers.models.lightglue.image_processing_lightglue_fast raised:
Traceback (most recent call last):
  File "C:\Projects\customer-support-rag\.venv\Lib\site-packages\streamlit\watcher\local_sources_watcher.py", line 340, in get_module_paths
    potential_paths = extract_paths(module)
  File "C:\Projects\customer-support-rag\.venv\Lib\site-packages\streamlit\watcher\local_sources_watcher.py", line 327, in <lambda>
    if hasattr(m, "__path__")
       ~~~~~~~^^^^^^^^^^^^^^^
  File "C:\Projects\customer-support-rag\.venv\Lib\site-packages\transformers\__init__.py", line 865, in _getattr
    return getattr(importlib.import_module(target, __name__), name)
                   ~~~~~~~~~~~~~~~~~~~~~~~^^^^^^^^^^^^^^^^^^
  File "C:\Users\suryanarayanan\AppData\Local\Programs\Python\Python313\Lib\importlib\__init__.py", line 88, in import_module
    return _bootstrap._gcd_import(name[level:], package, level)
           ~~~~~~~~~~~~~~~~~~~~~~^^^^^^^^^^^^^^^^^^^^^^^^^^^^^^
  File "<frozen importlib._bootstrap>", line 1395, in _gcd_import
  File "<frozen importlib._bootstrap>", line 1360, in _find_and_load
  File "<frozen importlib._bootstrap>", line 1331, in _find_and_load_unlocked
  File "<frozen importlib._bootstrap>", line 935, in _load_unlocked
  File "<frozen importlib._bootstrap_external>", line 1023, in exec_module
  File "<frozen importlib._bootstrap>", line 488, in _call_with_frames_removed
  File "C:\Projects\customer-support-rag\.venv\Lib\site-packages\transformers\models\lightglue\image_processing_lightglue.py", line 24, in <module>
    from torchvision.transforms.v2 import functional as tvF
ModuleNotFoundError: No module named 'torchvision'
2026-08-26 22:41:29.595 Examining the path of transformers.models.llama4.image_processing_llama4_fast raised:
Traceback (most recent call last):
  File "C:\Projects\customer-support-rag\.venv\Lib\site-packages\streamlit\watcher\local_sources_watcher.py", line 340, in get_module_paths
    potential_paths = extract_paths(module)
  File "C:\Projects\customer-support-rag\.venv\Lib\site-packages\streamlit\watcher\local_sources_watcher.py", line 327, in <lambda>
    if hasattr(m, "__path__")
       ~~~~~~~^^^^^^^^^^^^^^^
  File "C:\Projects\customer-support-rag\.venv\Lib\site-packages\transformers\__init__.py", line 865, in _getattr
    return getattr(importlib.import_module(target, __name__), name)
                   ~~~~~~~~~~~~~~~~~~~~~~~^^^^^^^^^^^^^^^^^^
  File "C:\Users\suryanarayanan\AppData\Local\Programs\Python\Python313\Lib\importlib\__init__.py", line 88, in import_module
    return _bootstrap._gcd_import(name[level:], package, level)
           ~~~~~~~~~~~~~~~~~~~~~~^^^^^^^^^^^^^^^^^^^^^^^^^^^^^^
  File "<frozen importlib._bootstrap>", line 1395, in _gcd_import
  File "<frozen importlib._bootstrap>", line 1360, in _find_and_load
  File "<frozen importlib._bootstrap>", line 1331, in _find_and_load_unlocked
  File "<frozen importlib._bootstrap>", line 935, in _load_unlocked
  File "<frozen importlib._bootstrap_external>", line 1023, in exec_module
  File "<frozen importlib._bootstrap>", line 488, in _call_with_frames_removed
  File "C:\Projects\customer-support-rag\.venv\Lib\site-packages\transformers\models\llama4\image_processing_llama4.py", line 21, in <module>
    from torchvision.transforms.v2 import functional as tvF
ModuleNotFoundError: No module named 'torchvision'
2026-08-26 22:41:29.597 Examining the path of transformers.models.llava.image_processing_llava_fast raised:
Traceback (most recent call last):
  File "C:\Projects\customer-support-rag\.venv\Lib\site-packages\streamlit\watcher\local_sources_watcher.py", line 340, in get_module_paths
    potential_paths = extract_paths(module)
  File "C:\Projects\customer-support-rag\.venv\Lib\site-packages\streamlit\watcher\local_sources_watcher.py", line 327, in <lambda>
    if hasattr(m, "__path__")
       ~~~~~~~^^^^^^^^^^^^^^^
  File "C:\Projects\customer-support-rag\.venv\Lib\site-packages\transformers\__init__.py", line 865, in _getattr
    return getattr(importlib.import_module(target, __name__), name)
                   ~~~~~~~~~~~~~~~~~~~~~~~^^^^^^^^^^^^^^^^^^
  File "C:\Users\suryanarayanan\AppData\Local\Programs\Python\Python313\Lib\importlib\__init__.py", line 88, in import_module
    return _bootstrap._gcd_import(name[level:], package, level)
           ~~~~~~~~~~~~~~~~~~~~~~^^^^^^^^^^^^^^^^^^^^^^^^^^^^^^
  File "<frozen importlib._bootstrap>", line 1395, in _gcd_import
  File "<frozen importlib._bootstrap>", line 1360, in _find_and_load
  File "<frozen importlib._bootstrap>", line 1331, in _find_and_load_unlocked
  File "<frozen importlib._bootstrap>", line 935, in _load_unlocked
  File "<frozen importlib._bootstrap_external>", line 1023, in exec_module
  File "<frozen importlib._bootstrap>", line 488, in _call_with_frames_removed
  File "C:\Projects\customer-support-rag\.venv\Lib\site-packages\transformers\models\llava\image_processing_llava.py", line 19, in <module>
    from torchvision.transforms.v2 import functional as tvF
ModuleNotFoundError: No module named 'torchvision'
2026-08-26 22:41:29.599 Examining the path of transformers.models.llava_next.image_processing_llava_next_fast raised:
Traceback (most recent call last):
  File "C:\Projects\customer-support-rag\.venv\Lib\site-packages\streamlit\watcher\local_sources_watcher.py", line 340, in get_module_paths
    potential_paths = extract_paths(module)
  File "C:\Projects\customer-support-rag\.venv\Lib\site-packages\streamlit\watcher\local_sources_watcher.py", line 327, in <lambda>
    if hasattr(m, "__path__")
       ~~~~~~~^^^^^^^^^^^^^^^
  File "C:\Projects\customer-support-rag\.venv\Lib\site-packages\transformers\__init__.py", line 865, in _getattr
    return getattr(importlib.import_module(target, __name__), name)
                   ~~~~~~~~~~~~~~~~~~~~~~~^^^^^^^^^^^^^^^^^^
  File "C:\Users\suryanarayanan\AppData\Local\Programs\Python\Python313\Lib\importlib\__init__.py", line 88, in import_module
    return _bootstrap._gcd_import(name[level:], package, level)
           ~~~~~~~~~~~~~~~~~~~~~~^^^^^^^^^^^^^^^^^^^^^^^^^^^^^^
  File "<frozen importlib._bootstrap>", line 1395, in _gcd_import
  File "<frozen importlib._bootstrap>", line 1360, in _find_and_load
  File "<frozen importlib._bootstrap>", line 1331, in _find_and_load_unlocked
  File "<frozen importlib._bootstrap>", line 935, in _load_unlocked
  File "<frozen importlib._bootstrap_external>", line 1023, in exec_module
  File "<frozen importlib._bootstrap>", line 488, in _call_with_frames_removed
  File "C:\Projects\customer-support-rag\.venv\Lib\site-packages\transformers\models\llava_next\image_processing_llava_next.py", line 19, in <module>
    from torchvision.transforms.v2 import functional as tvF
ModuleNotFoundError: No module named 'torchvision'
2026-08-26 22:41:29.601 Examining the path of transformers.models.llava_onevision.image_processing_llava_onevision_fast raised:
Traceback (most recent call last):
  File "C:\Projects\customer-support-rag\.venv\Lib\site-packages\streamlit\watcher\local_sources_watcher.py", line 340, in get_module_paths
    potential_paths = extract_paths(module)
  File "C:\Projects\customer-support-rag\.venv\Lib\site-packages\streamlit\watcher\local_sources_watcher.py", line 327, in <lambda>
    if hasattr(m, "__path__")
       ~~~~~~~^^^^^^^^^^^^^^^
  File "C:\Projects\customer-support-rag\.venv\Lib\site-packages\transformers\__init__.py", line 865, in _getattr
    return getattr(importlib.import_module(target, __name__), name)
                   ~~~~~~~~~~~~~~~~~~~~~~~^^^^^^^^^^^^^^^^^^
  File "C:\Users\suryanarayanan\AppData\Local\Programs\Python\Python313\Lib\importlib\__init__.py", line 88, in import_module
    return _bootstrap._gcd_import(name[level:], package, level)
           ~~~~~~~~~~~~~~~~~~~~~~^^^^^^^^^^^^^^^^^^^^^^^^^^^^^^
  File "<frozen importlib._bootstrap>", line 1395, in _gcd_import
  File "<frozen importlib._bootstrap>", line 1360, in _find_and_load
  File "<frozen importlib._bootstrap>", line 1331, in _find_and_load_unlocked
  File "<frozen importlib._bootstrap>", line 935, in _load_unlocked
  File "<frozen importlib._bootstrap_external>", line 1023, in exec_module
  File "<frozen importlib._bootstrap>", line 488, in _call_with_frames_removed
  File "C:\Projects\customer-support-rag\.venv\Lib\site-packages\transformers\models\llava_onevision\image_processing_llava_onevision.py", line 24, in <module>
    import torchvision.transforms.v2.functional as tvF
ModuleNotFoundError: No module named 'torchvision'
2026-08-26 22:41:29.603 Examining the path of transformers.models.mask2former.image_processing_mask2former_fast raised:
Traceback (most recent call last):
  File "C:\Projects\customer-support-rag\.venv\Lib\site-packages\streamlit\watcher\local_sources_watcher.py", line 340, in get_module_paths
    potential_paths = extract_paths(module)
  File "C:\Projects\customer-support-rag\.venv\Lib\site-packages\streamlit\watcher\local_sources_watcher.py", line 327, in <lambda>
    if hasattr(m, "__path__")
       ~~~~~~~^^^^^^^^^^^^^^^
  File "C:\Projects\customer-support-rag\.venv\Lib\site-packages\transformers\__init__.py", line 865, in _getattr
    return getattr(importlib.import_module(target, __name__), name)
                   ~~~~~~~~~~~~~~~~~~~~~~~^^^^^^^^^^^^^^^^^^
  File "C:\Users\suryanarayanan\AppData\Local\Programs\Python\Python313\Lib\importlib\__init__.py", line 88, in import_module
    return _bootstrap._gcd_import(name[level:], package, level)
           ~~~~~~~~~~~~~~~~~~~~~~^^^^^^^^^^^^^^^^^^^^^^^^^^^^^^
  File "<frozen importlib._bootstrap>", line 1395, in _gcd_import
  File "<frozen importlib._bootstrap>", line 1360, in _find_and_load
  File "<frozen importlib._bootstrap>", line 1331, in _find_and_load_unlocked
  File "<frozen importlib._bootstrap>", line 935, in _load_unlocked
  File "<frozen importlib._bootstrap_external>", line 1023, in exec_module
  File "<frozen importlib._bootstrap>", line 488, in _call_with_frames_removed
  File "C:\Projects\customer-support-rag\.venv\Lib\site-packages\transformers\models\mask2former\image_processing_mask2former.py", line 27, in <module>
    from torchvision.transforms.v2 import functional as tvF
ModuleNotFoundError: No module named 'torchvision'
2026-08-26 22:41:29.605 Examining the path of transformers.models.maskformer.image_processing_maskformer_fast raised:
Traceback (most recent call last):
  File "C:\Projects\customer-support-rag\.venv\Lib\site-packages\streamlit\watcher\local_sources_watcher.py", line 340, in get_module_paths
    potential_paths = extract_paths(module)
  File "C:\Projects\customer-support-rag\.venv\Lib\site-packages\streamlit\watcher\local_sources_watcher.py", line 327, in <lambda>
    if hasattr(m, "__path__")
       ~~~~~~~^^^^^^^^^^^^^^^
  File "C:\Projects\customer-support-rag\.venv\Lib\site-packages\transformers\__init__.py", line 865, in _getattr
    return getattr(importlib.import_module(target, __name__), name)
                   ~~~~~~~~~~~~~~~~~~~~~~~^^^^^^^^^^^^^^^^^^
  File "C:\Users\suryanarayanan\AppData\Local\Programs\Python\Python313\Lib\importlib\__init__.py", line 88, in import_module
    return _bootstrap._gcd_import(name[level:], package, level)
           ~~~~~~~~~~~~~~~~~~~~~~^^^^^^^^^^^^^^^^^^^^^^^^^^^^^^
  File "<frozen importlib._bootstrap>", line 1395, in _gcd_import
  File "<frozen importlib._bootstrap>", line 1360, in _find_and_load
  File "<frozen importlib._bootstrap>", line 1331, in _find_and_load_unlocked
  File "<frozen importlib._bootstrap>", line 935, in _load_unlocked
  File "<frozen importlib._bootstrap_external>", line 1023, in exec_module
  File "<frozen importlib._bootstrap>", line 488, in _call_with_frames_removed
  File "C:\Projects\customer-support-rag\.venv\Lib\site-packages\transformers\models\maskformer\image_processing_maskformer.py", line 22, in <module>
    from torchvision.transforms.v2 import functional as tvF
ModuleNotFoundError: No module named 'torchvision'
2026-08-26 22:41:29.607 Examining the path of transformers.models.minimax_m3_vl.image_processing_minimax_m3_vl_fast raised:
Traceback (most recent call last):
  File "C:\Projects\customer-support-rag\.venv\Lib\site-packages\streamlit\watcher\local_sources_watcher.py", line 340, in get_module_paths
    potential_paths = extract_paths(module)
  File "C:\Projects\customer-support-rag\.venv\Lib\site-packages\streamlit\watcher\local_sources_watcher.py", line 327, in <lambda>
    if hasattr(m, "__path__")
       ~~~~~~~^^^^^^^^^^^^^^^
  File "C:\Projects\customer-support-rag\.venv\Lib\site-packages\transformers\__init__.py", line 865, in _getattr
    return getattr(importlib.import_module(target, __name__), name)
                   ~~~~~~~~~~~~~~~~~~~~~~~^^^^^^^^^^^^^^^^^^
  File "C:\Users\suryanarayanan\AppData\Local\Programs\Python\Python313\Lib\importlib\__init__.py", line 88, in import_module
    return _bootstrap._gcd_import(name[level:], package, level)
           ~~~~~~~~~~~~~~~~~~~~~~^^^^^^^^^^^^^^^^^^^^^^^^^^^^^^
  File "<frozen importlib._bootstrap>", line 1395, in _gcd_import
  File "<frozen importlib._bootstrap>", line 1360, in _find_and_load
  File "<frozen importlib._bootstrap>", line 1331, in _find_and_load_unlocked
  File "<frozen importlib._bootstrap>", line 935, in _load_unlocked
  File "<frozen importlib._bootstrap_external>", line 1023, in exec_module
  File "<frozen importlib._bootstrap>", line 488, in _call_with_frames_removed
  File "C:\Projects\customer-support-rag\.venv\Lib\site-packages\transformers\models\minimax_m3_vl\image_processing_minimax_m3_vl.py", line 25, in <module>
    from torchvision.transforms.v2 import functional as tvF
ModuleNotFoundError: No module named 'torchvision'
2026-08-26 22:41:29.609 Examining the path of transformers.models.mllama.image_processing_mllama_fast raised:
Traceback (most recent call last):
  File "C:\Projects\customer-support-rag\.venv\Lib\site-packages\streamlit\watcher\local_sources_watcher.py", line 340, in get_module_paths
    potential_paths = extract_paths(module)
  File "C:\Projects\customer-support-rag\.venv\Lib\site-packages\streamlit\watcher\local_sources_watcher.py", line 327, in <lambda>
    if hasattr(m, "__path__")
       ~~~~~~~^^^^^^^^^^^^^^^
  File "C:\Projects\customer-support-rag\.venv\Lib\site-packages\transformers\__init__.py", line 865, in _getattr
    return getattr(importlib.import_module(target, __name__), name)
                   ~~~~~~~~~~~~~~~~~~~~~~~^^^^^^^^^^^^^^^^^^
  File "C:\Users\suryanarayanan\AppData\Local\Programs\Python\Python313\Lib\importlib\__init__.py", line 88, in import_module
    return _bootstrap._gcd_import(name[level:], package, level)
           ~~~~~~~~~~~~~~~~~~~~~~^^^^^^^^^^^^^^^^^^^^^^^^^^^^^^
  File "<frozen importlib._bootstrap>", line 1395, in _gcd_import
  File "<frozen importlib._bootstrap>", line 1360, in _find_and_load
  File "<frozen importlib._bootstrap>", line 1331, in _find_and_load_unlocked
  File "<frozen importlib._bootstrap>", line 935, in _load_unlocked
  File "<frozen importlib._bootstrap_external>", line 1023, in exec_module
  File "<frozen importlib._bootstrap>", line 488, in _call_with_frames_removed
  File "C:\Projects\customer-support-rag\.venv\Lib\site-packages\transformers\models\mllama\image_processing_mllama.py", line 40, in <module>
    from torchvision.transforms.v2 import functional as tvF
ModuleNotFoundError: No module named 'torchvision'
2026-08-26 22:41:29.611 Examining the path of transformers.models.mobilenet_v2.image_processing_mobilenet_v2_fast raised:
Traceback (most recent call last):
  File "C:\Projects\customer-support-rag\.venv\Lib\site-packages\streamlit\watcher\local_sources_watcher.py", line 340, in get_module_paths
    potential_paths = extract_paths(module)
  File "C:\Projects\customer-support-rag\.venv\Lib\site-packages\streamlit\watcher\local_sources_watcher.py", line 327, in <lambda>
    if hasattr(m, "__path__")
       ~~~~~~~^^^^^^^^^^^^^^^
  File "C:\Projects\customer-support-rag\.venv\Lib\site-packages\transformers\__init__.py", line 865, in _getattr
    return getattr(importlib.import_module(target, __name__), name)
                   ~~~~~~~~~~~~~~~~~~~~~~~^^^^^^^^^^^^^^^^^^
  File "C:\Users\suryanarayanan\AppData\Local\Programs\Python\Python313\Lib\importlib\__init__.py", line 88, in import_module
    return _bootstrap._gcd_import(name[level:], package, level)
           ~~~~~~~~~~~~~~~~~~~~~~^^^^^^^^^^^^^^^^^^^^^^^^^^^^^^
  File "<frozen importlib._bootstrap>", line 1395, in _gcd_import
  File "<frozen importlib._bootstrap>", line 1360, in _find_and_load
  File "<frozen importlib._bootstrap>", line 1331, in _find_and_load_unlocked
  File "<frozen importlib._bootstrap>", line 935, in _load_unlocked
  File "<frozen importlib._bootstrap_external>", line 1023, in exec_module
  File "<frozen importlib._bootstrap>", line 488, in _call_with_frames_removed
  File "C:\Projects\customer-support-rag\.venv\Lib\site-packages\transformers\models\mobilenet_v2\image_processing_mobilenet_v2.py", line 19, in <module>
    from torchvision.transforms.v2 import functional as tvF
ModuleNotFoundError: No module named 'torchvision'
2026-08-26 22:41:29.614 Examining the path of transformers.models.mobilevit.image_processing_mobilevit_fast raised:
Traceback (most recent call last):
  File "C:\Projects\customer-support-rag\.venv\Lib\site-packages\streamlit\watcher\local_sources_watcher.py", line 340, in get_module_paths
    potential_paths = extract_paths(module)
  File "C:\Projects\customer-support-rag\.venv\Lib\site-packages\streamlit\watcher\local_sources_watcher.py", line 327, in <lambda>
    if hasattr(m, "__path__")
       ~~~~~~~^^^^^^^^^^^^^^^
  File "C:\Projects\customer-support-rag\.venv\Lib\site-packages\transformers\__init__.py", line 865, in _getattr
    return getattr(importlib.import_module(target, __name__), name)
                   ~~~~~~~~~~~~~~~~~~~~~~~^^^^^^^^^^^^^^^^^^
  File "C:\Users\suryanarayanan\AppData\Local\Programs\Python\Python313\Lib\importlib\__init__.py", line 88, in import_module
    return _bootstrap._gcd_import(name[level:], package, level)
           ~~~~~~~~~~~~~~~~~~~~~~^^^^^^^^^^^^^^^^^^^^^^^^^^^^^^
  File "<frozen importlib._bootstrap>", line 1395, in _gcd_import
  File "<frozen importlib._bootstrap>", line 1360, in _find_and_load
  File "<frozen importlib._bootstrap>", line 1331, in _find_and_load_unlocked
  File "<frozen importlib._bootstrap>", line 935, in _load_unlocked
  File "<frozen importlib._bootstrap_external>", line 1023, in exec_module
  File "<frozen importlib._bootstrap>", line 488, in _call_with_frames_removed
  File "C:\Projects\customer-support-rag\.venv\Lib\site-packages\transformers\models\mobilevit\image_processing_mobilevit.py", line 19, in <module>
    from torchvision.transforms.v2 import functional as tvF
ModuleNotFoundError: No module named 'torchvision'
2026-08-26 22:41:29.616 Examining the path of transformers.models.muse_glimmer.image_processing_muse_glimmer_fast raised:
Traceback (most recent call last):
  File "C:\Projects\customer-support-rag\.venv\Lib\site-packages\streamlit\watcher\local_sources_watcher.py", line 340, in get_module_paths
    potential_paths = extract_paths(module)
  File "C:\Projects\customer-support-rag\.venv\Lib\site-packages\streamlit\watcher\local_sources_watcher.py", line 327, in <lambda>
    if hasattr(m, "__path__")
       ~~~~~~~^^^^^^^^^^^^^^^
  File "C:\Projects\customer-support-rag\.venv\Lib\site-packages\transformers\__init__.py", line 865, in _getattr
    return getattr(importlib.import_module(target, __name__), name)
                   ~~~~~~~~~~~~~~~~~~~~~~~^^^^^^^^^^^^^^^^^^
  File "C:\Users\suryanarayanan\AppData\Local\Programs\Python\Python313\Lib\importlib\__init__.py", line 88, in import_module
    return _bootstrap._gcd_import(name[level:], package, level)
           ~~~~~~~~~~~~~~~~~~~~~~^^^^^^^^^^^^^^^^^^^^^^^^^^^^^^
  File "<frozen importlib._bootstrap>", line 1395, in _gcd_import
  File "<frozen importlib._bootstrap>", line 1360, in _find_and_load
  File "<frozen importlib._bootstrap>", line 1331, in _find_and_load_unlocked
  File "<frozen importlib._bootstrap>", line 935, in _load_unlocked
  File "<frozen importlib._bootstrap_external>", line 1023, in exec_module
  File "<frozen importlib._bootstrap>", line 488, in _call_with_frames_removed
  File "C:\Projects\customer-support-rag\.venv\Lib\site-packages\transformers\models\muse_glimmer\image_processing_muse_glimmer.py", line 25, in <module>
    from torchvision.transforms.v2 import functional as tvF
ModuleNotFoundError: No module named 'torchvision'
2026-08-26 22:41:29.619 Examining the path of transformers.models.nougat.image_processing_nougat_fast raised:
Traceback (most recent call last):
  File "C:\Projects\customer-support-rag\.venv\Lib\site-packages\streamlit\watcher\local_sources_watcher.py", line 340, in get_module_paths
    potential_paths = extract_paths(module)
  File "C:\Projects\customer-support-rag\.venv\Lib\site-packages\streamlit\watcher\local_sources_watcher.py", line 327, in <lambda>
    if hasattr(m, "__path__")
       ~~~~~~~^^^^^^^^^^^^^^^
  File "C:\Projects\customer-support-rag\.venv\Lib\site-packages\transformers\__init__.py", line 865, in _getattr
    return getattr(importlib.import_module(target, __name__), name)
                   ~~~~~~~~~~~~~~~~~~~~~~~^^^^^^^^^^^^^^^^^^
  File "C:\Users\suryanarayanan\AppData\Local\Programs\Python\Python313\Lib\importlib\__init__.py", line 88, in import_module
    return _bootstrap._gcd_import(name[level:], package, level)
           ~~~~~~~~~~~~~~~~~~~~~~^^^^^^^^^^^^^^^^^^^^^^^^^^^^^^
  File "<frozen importlib._bootstrap>", line 1395, in _gcd_import
  File "<frozen importlib._bootstrap>", line 1360, in _find_and_load
  File "<frozen importlib._bootstrap>", line 1331, in _find_and_load_unlocked
  File "<frozen importlib._bootstrap>", line 935, in _load_unlocked
  File "<frozen importlib._bootstrap_external>", line 1023, in exec_module
  File "<frozen importlib._bootstrap>", line 488, in _call_with_frames_removed
  File "C:\Projects\customer-support-rag\.venv\Lib\site-packages\transformers\models\nougat\image_processing_nougat.py", line 17, in <module>
    from torchvision.transforms.v2 import functional as tvF
ModuleNotFoundError: No module named 'torchvision'
2026-08-26 22:41:29.622 Examining the path of transformers.models.oneformer.image_processing_oneformer_fast raised:
Traceback (most recent call last):
  File "C:\Projects\customer-support-rag\.venv\Lib\site-packages\streamlit\watcher\local_sources_watcher.py", line 340, in get_module_paths
    potential_paths = extract_paths(module)
  File "C:\Projects\customer-support-rag\.venv\Lib\site-packages\streamlit\watcher\local_sources_watcher.py", line 327, in <lambda>
    if hasattr(m, "__path__")
       ~~~~~~~^^^^^^^^^^^^^^^
  File "C:\Projects\customer-support-rag\.venv\Lib\site-packages\transformers\__init__.py", line 865, in _getattr
    return getattr(importlib.import_module(target, __name__), name)
                   ~~~~~~~~~~~~~~~~~~~~~~~^^^^^^^^^^^^^^^^^^
  File "C:\Users\suryanarayanan\AppData\Local\Programs\Python\Python313\Lib\importlib\__init__.py", line 88, in import_module
    return _bootstrap._gcd_import(name[level:], package, level)
           ~~~~~~~~~~~~~~~~~~~~~~^^^^^^^^^^^^^^^^^^^^^^^^^^^^^^
  File "<frozen importlib._bootstrap>", line 1395, in _gcd_import
  File "<frozen importlib._bootstrap>", line 1360, in _find_and_load
  File "<frozen importlib._bootstrap>", line 1331, in _find_and_load_unlocked
  File "<frozen importlib._bootstrap>", line 935, in _load_unlocked
  File "<frozen importlib._bootstrap_external>", line 1023, in exec_module
  File "<frozen importlib._bootstrap>", line 488, in _call_with_frames_removed
  File "C:\Projects\customer-support-rag\.venv\Lib\site-packages\transformers\models\oneformer\image_processing_oneformer.py", line 23, in <module>
    from torchvision.transforms.v2 import functional as tvF
ModuleNotFoundError: No module named 'torchvision'
2026-08-26 22:41:29.624 Examining the path of transformers.models.ovis2.image_processing_ovis2_fast raised:
Traceback (most recent call last):
  File "C:\Projects\customer-support-rag\.venv\Lib\site-packages\streamlit\watcher\local_sources_watcher.py", line 340, in get_module_paths
    potential_paths = extract_paths(module)
  File "C:\Projects\customer-support-rag\.venv\Lib\site-packages\streamlit\watcher\local_sources_watcher.py", line 327, in <lambda>
    if hasattr(m, "__path__")
       ~~~~~~~^^^^^^^^^^^^^^^
  File "C:\Projects\customer-support-rag\.venv\Lib\site-packages\transformers\__init__.py", line 865, in _getattr
    return getattr(importlib.import_module(target, __name__), name)
                   ~~~~~~~~~~~~~~~~~~~~~~~^^^^^^^^^^^^^^^^^^
  File "C:\Users\suryanarayanan\AppData\Local\Programs\Python\Python313\Lib\importlib\__init__.py", line 88, in import_module
    return _bootstrap._gcd_import(name[level:], package, level)
           ~~~~~~~~~~~~~~~~~~~~~~^^^^^^^^^^^^^^^^^^^^^^^^^^^^^^
  File "<frozen importlib._bootstrap>", line 1395, in _gcd_import
  File "<frozen importlib._bootstrap>", line 1360, in _find_and_load
  File "<frozen importlib._bootstrap>", line 1331, in _find_and_load_unlocked
  File "<frozen importlib._bootstrap>", line 935, in _load_unlocked
  File "<frozen importlib._bootstrap_external>", line 1023, in exec_module
  File "<frozen importlib._bootstrap>", line 488, in _call_with_frames_removed
  File "C:\Projects\customer-support-rag\.venv\Lib\site-packages\transformers\models\ovis2\image_processing_ovis2.py", line 19, in <module>
    from torchvision.transforms.v2 import functional as tvF
ModuleNotFoundError: No module named 'torchvision'
2026-08-26 22:41:29.626 Examining the path of transformers.models.owlv2.image_processing_owlv2_fast raised:
Traceback (most recent call last):
  File "C:\Projects\customer-support-rag\.venv\Lib\site-packages\streamlit\watcher\local_sources_watcher.py", line 340, in get_module_paths
    potential_paths = extract_paths(module)
  File "C:\Projects\customer-support-rag\.venv\Lib\site-packages\streamlit\watcher\local_sources_watcher.py", line 327, in <lambda>
    if hasattr(m, "__path__")
       ~~~~~~~^^^^^^^^^^^^^^^
  File "C:\Projects\customer-support-rag\.venv\Lib\site-packages\transformers\__init__.py", line 865, in _getattr
    return getattr(importlib.import_module(target, __name__), name)
                   ~~~~~~~~~~~~~~~~~~~~~~~^^^^^^^^^^^^^^^^^^
  File "C:\Users\suryanarayanan\AppData\Local\Programs\Python\Python313\Lib\importlib\__init__.py", line 88, in import_module
    return _bootstrap._gcd_import(name[level:], package, level)
           ~~~~~~~~~~~~~~~~~~~~~~^^^^^^^^^^^^^^^^^^^^^^^^^^^^^^
  File "<frozen importlib._bootstrap>", line 1395, in _gcd_import
  File "<frozen importlib._bootstrap>", line 1360, in _find_and_load
  File "<frozen importlib._bootstrap>", line 1331, in _find_and_load_unlocked
  File "<frozen importlib._bootstrap>", line 935, in _load_unlocked
  File "<frozen importlib._bootstrap_external>", line 1023, in exec_module
  File "<frozen importlib._bootstrap>", line 488, in _call_with_frames_removed
  File "C:\Projects\customer-support-rag\.venv\Lib\site-packages\transformers\models\owlv2\image_processing_owlv2.py", line 25, in <module>
    import torchvision.transforms.v2.functional as tvF
ModuleNotFoundError: No module named 'torchvision'
2026-08-26 22:41:29.628 Examining the path of transformers.models.paddleocr_vl.image_processing_paddleocr_vl_fast raised:
Traceback (most recent call last):
  File "C:\Projects\customer-support-rag\.venv\Lib\site-packages\streamlit\watcher\local_sources_watcher.py", line 340, in get_module_paths
    potential_paths = extract_paths(module)
  File "C:\Projects\customer-support-rag\.venv\Lib\site-packages\streamlit\watcher\local_sources_watcher.py", line 327, in <lambda>
    if hasattr(m, "__path__")
       ~~~~~~~^^^^^^^^^^^^^^^
  File "C:\Projects\customer-support-rag\.venv\Lib\site-packages\transformers\__init__.py", line 865, in _getattr
    return getattr(importlib.import_module(target, __name__), name)
                   ~~~~~~~~~~~~~~~~~~~~~~~^^^^^^^^^^^^^^^^^^
  File "C:\Users\suryanarayanan\AppData\Local\Programs\Python\Python313\Lib\importlib\__init__.py", line 88, in import_module
    return _bootstrap._gcd_import(name[level:], package, level)
           ~~~~~~~~~~~~~~~~~~~~~~^^^^^^^^^^^^^^^^^^^^^^^^^^^^^^
  File "<frozen importlib._bootstrap>", line 1395, in _gcd_import
  File "<frozen importlib._bootstrap>", line 1360, in _find_and_load
  File "<frozen importlib._bootstrap>", line 1331, in _find_and_load_unlocked
  File "<frozen importlib._bootstrap>", line 935, in _load_unlocked
  File "<frozen importlib._bootstrap_external>", line 1023, in exec_module
  File "<frozen importlib._bootstrap>", line 488, in _call_with_frames_removed
  File "C:\Projects\customer-support-rag\.venv\Lib\site-packages\transformers\models\paddleocr_vl\image_processing_paddleocr_vl.py", line 30, in <module>
    from torchvision.transforms.v2 import functional as tvF
ModuleNotFoundError: No module named 'torchvision'
2026-08-26 22:41:29.630 Examining the path of transformers.models.perceiver.image_processing_perceiver_fast raised:
Traceback (most recent call last):
  File "C:\Projects\customer-support-rag\.venv\Lib\site-packages\streamlit\watcher\local_sources_watcher.py", line 340, in get_module_paths
    potential_paths = extract_paths(module)
  File "C:\Projects\customer-support-rag\.venv\Lib\site-packages\streamlit\watcher\local_sources_watcher.py", line 327, in <lambda>
    if hasattr(m, "__path__")
       ~~~~~~~^^^^^^^^^^^^^^^
  File "C:\Projects\customer-support-rag\.venv\Lib\site-packages\transformers\__init__.py", line 865, in _getattr
    return getattr(importlib.import_module(target, __name__), name)
                   ~~~~~~~~~~~~~~~~~~~~~~~^^^^^^^^^^^^^^^^^^
  File "C:\Users\suryanarayanan\AppData\Local\Programs\Python\Python313\Lib\importlib\__init__.py", line 88, in import_module
    return _bootstrap._gcd_import(name[level:], package, level)
           ~~~~~~~~~~~~~~~~~~~~~~^^^^^^^^^^^^^^^^^^^^^^^^^^^^^^
  File "<frozen importlib._bootstrap>", line 1395, in _gcd_import
  File "<frozen importlib._bootstrap>", line 1360, in _find_and_load
  File "<frozen importlib._bootstrap>", line 1331, in _find_and_load_unlocked
  File "<frozen importlib._bootstrap>", line 935, in _load_unlocked
  File "<frozen importlib._bootstrap_external>", line 1023, in exec_module
  File "<frozen importlib._bootstrap>", line 488, in _call_with_frames_removed
  File "C:\Projects\customer-support-rag\.venv\Lib\site-packages\transformers\models\perceiver\image_processing_perceiver.py", line 17, in <module>
    from torchvision.transforms.v2 import functional as tvF
ModuleNotFoundError: No module named 'torchvision'
2026-08-26 22:41:29.632 Examining the path of transformers.models.perception_lm.image_processing_perception_lm_fast raised:
Traceback (most recent call last):
  File "C:\Projects\customer-support-rag\.venv\Lib\site-packages\streamlit\watcher\local_sources_watcher.py", line 340, in get_module_paths
    potential_paths = extract_paths(module)
  File "C:\Projects\customer-support-rag\.venv\Lib\site-packages\streamlit\watcher\local_sources_watcher.py", line 327, in <lambda>
    if hasattr(m, "__path__")
       ~~~~~~~^^^^^^^^^^^^^^^
  File "C:\Projects\customer-support-rag\.venv\Lib\site-packages\transformers\__init__.py", line 865, in _getattr
    return getattr(importlib.import_module(target, __name__), name)
                   ~~~~~~~~~~~~~~~~~~~~~~~^^^^^^^^^^^^^^^^^^
  File "C:\Users\suryanarayanan\AppData\Local\Programs\Python\Python313\Lib\importlib\__init__.py", line 88, in import_module
    return _bootstrap._gcd_import(name[level:], package, level)
           ~~~~~~~~~~~~~~~~~~~~~~^^^^^^^^^^^^^^^^^^^^^^^^^^^^^^
  File "<frozen importlib._bootstrap>", line 1395, in _gcd_import
  File "<frozen importlib._bootstrap>", line 1360, in _find_and_load
  File "<frozen importlib._bootstrap>", line 1331, in _find_and_load_unlocked
  File "<frozen importlib._bootstrap>", line 935, in _load_unlocked
  File "<frozen importlib._bootstrap_external>", line 1023, in exec_module
  File "<frozen importlib._bootstrap>", line 488, in _call_with_frames_removed
  File "C:\Projects\customer-support-rag\.venv\Lib\site-packages\transformers\models\perception_lm\image_processing_perception_lm.py", line 19, in <module>
    from torchvision.transforms.v2 import functional as tvF
ModuleNotFoundError: No module named 'torchvision'
2026-08-26 22:41:29.635 Examining the path of transformers.models.phi4_multimodal.image_processing_phi4_multimodal_fast raised:
Traceback (most recent call last):
  File "C:\Projects\customer-support-rag\.venv\Lib\site-packages\streamlit\watcher\local_sources_watcher.py", line 340, in get_module_paths
    potential_paths = extract_paths(module)
  File "C:\Projects\customer-support-rag\.venv\Lib\site-packages\streamlit\watcher\local_sources_watcher.py", line 327, in <lambda>
    if hasattr(m, "__path__")
       ~~~~~~~^^^^^^^^^^^^^^^
  File "C:\Projects\customer-support-rag\.venv\Lib\site-packages\transformers\__init__.py", line 865, in _getattr
    return getattr(importlib.import_module(target, __name__), name)
                   ~~~~~~~~~~~~~~~~~~~~~~~^^^^^^^^^^^^^^^^^^
  File "C:\Users\suryanarayanan\AppData\Local\Programs\Python\Python313\Lib\importlib\__init__.py", line 88, in import_module
    return _bootstrap._gcd_import(name[level:], package, level)
           ~~~~~~~~~~~~~~~~~~~~~~^^^^^^^^^^^^^^^^^^^^^^^^^^^^^^
  File "<frozen importlib._bootstrap>", line 1395, in _gcd_import
  File "<frozen importlib._bootstrap>", line 1360, in _find_and_load
  File "<frozen importlib._bootstrap>", line 1331, in _find_and_load_unlocked
  File "<frozen importlib._bootstrap>", line 935, in _load_unlocked
  File "<frozen importlib._bootstrap_external>", line 1023, in exec_module
  File "<frozen importlib._bootstrap>", line 488, in _call_with_frames_removed
  File "C:\Projects\customer-support-rag\.venv\Lib\site-packages\transformers\models\phi4_multimodal\image_processing_phi4_multimodal.py", line 19, in <module>
    from torchvision.transforms.v2 import functional as tvF
ModuleNotFoundError: No module named 'torchvision'
2026-08-26 22:41:29.637 Examining the path of transformers.models.pix2struct.image_processing_pix2struct_fast raised:
Traceback (most recent call last):
  File "C:\Projects\customer-support-rag\.venv\Lib\site-packages\streamlit\watcher\local_sources_watcher.py", line 340, in get_module_paths
    potential_paths = extract_paths(module)
  File "C:\Projects\customer-support-rag\.venv\Lib\site-packages\streamlit\watcher\local_sources_watcher.py", line 327, in <lambda>
    if hasattr(m, "__path__")
       ~~~~~~~^^^^^^^^^^^^^^^
  File "C:\Projects\customer-support-rag\.venv\Lib\site-packages\transformers\__init__.py", line 865, in _getattr
    return getattr(importlib.import_module(target, __name__), name)
                   ~~~~~~~~~~~~~~~~~~~~~~~^^^^^^^^^^^^^^^^^^
  File "C:\Users\suryanarayanan\AppData\Local\Programs\Python\Python313\Lib\importlib\__init__.py", line 88, in import_module
    return _bootstrap._gcd_import(name[level:], package, level)
           ~~~~~~~~~~~~~~~~~~~~~~^^^^^^^^^^^^^^^^^^^^^^^^^^^^^^
  File "<frozen importlib._bootstrap>", line 1395, in _gcd_import
  File "<frozen importlib._bootstrap>", line 1360, in _find_and_load
  File "<frozen importlib._bootstrap>", line 1331, in _find_and_load_unlocked
  File "<frozen importlib._bootstrap>", line 935, in _load_unlocked
  File "<frozen importlib._bootstrap_external>", line 1023, in exec_module
  File "<frozen importlib._bootstrap>", line 488, in _call_with_frames_removed
  File "C:\Projects\customer-support-rag\.venv\Lib\site-packages\transformers\models\pix2struct\image_processing_pix2struct.py", line 21, in <module>
    import torchvision.transforms.v2.functional as tvF
ModuleNotFoundError: No module named 'torchvision'
2026-08-26 22:41:29.639 Examining the path of transformers.models.pixtral.image_processing_pixtral_fast raised:
Traceback (most recent call last):
  File "C:\Projects\customer-support-rag\.venv\Lib\site-packages\streamlit\watcher\local_sources_watcher.py", line 340, in get_module_paths
    potential_paths = extract_paths(module)
  File "C:\Projects\customer-support-rag\.venv\Lib\site-packages\streamlit\watcher\local_sources_watcher.py", line 327, in <lambda>
    if hasattr(m, "__path__")
       ~~~~~~~^^^^^^^^^^^^^^^
  File "C:\Projects\customer-support-rag\.venv\Lib\site-packages\transformers\__init__.py", line 865, in _getattr
    return getattr(importlib.import_module(target, __name__), name)
                   ~~~~~~~~~~~~~~~~~~~~~~~^^^^^^^^^^^^^^^^^^
  File "C:\Users\suryanarayanan\AppData\Local\Programs\Python\Python313\Lib\importlib\__init__.py", line 88, in import_module
    return _bootstrap._gcd_import(name[level:], package, level)
           ~~~~~~~~~~~~~~~~~~~~~~^^^^^^^^^^^^^^^^^^^^^^^^^^^^^^
  File "<frozen importlib._bootstrap>", line 1395, in _gcd_import
  File "<frozen importlib._bootstrap>", line 1360, in _find_and_load
  File "<frozen importlib._bootstrap>", line 1331, in _find_and_load_unlocked
  File "<frozen importlib._bootstrap>", line 935, in _load_unlocked
  File "<frozen importlib._bootstrap_external>", line 1023, in exec_module
  File "<frozen importlib._bootstrap>", line 488, in _call_with_frames_removed
  File "C:\Projects\customer-support-rag\.venv\Lib\site-packages\transformers\models\pixtral\image_processing_pixtral.py", line 19, in <module>
    from torchvision.transforms.v2 import functional as tvF
ModuleNotFoundError: No module named 'torchvision'
2026-08-26 22:41:29.641 Examining the path of transformers.models.poolformer.image_processing_poolformer_fast raised:
Traceback (most recent call last):
  File "C:\Projects\customer-support-rag\.venv\Lib\site-packages\streamlit\watcher\local_sources_watcher.py", line 340, in get_module_paths
    potential_paths = extract_paths(module)
  File "C:\Projects\customer-support-rag\.venv\Lib\site-packages\streamlit\watcher\local_sources_watcher.py", line 327, in <lambda>
    if hasattr(m, "__path__")
       ~~~~~~~^^^^^^^^^^^^^^^
  File "C:\Projects\customer-support-rag\.venv\Lib\site-packages\transformers\__init__.py", line 865, in _getattr
    return getattr(importlib.import_module(target, __name__), name)
                   ~~~~~~~~~~~~~~~~~~~~~~~^^^^^^^^^^^^^^^^^^
  File "C:\Users\suryanarayanan\AppData\Local\Programs\Python\Python313\Lib\importlib\__init__.py", line 88, in import_module
    return _bootstrap._gcd_import(name[level:], package, level)
           ~~~~~~~~~~~~~~~~~~~~~~^^^^^^^^^^^^^^^^^^^^^^^^^^^^^^
  File "<frozen importlib._bootstrap>", line 1395, in _gcd_import
  File "<frozen importlib._bootstrap>", line 1360, in _find_and_load
  File "<frozen importlib._bootstrap>", line 1331, in _find_and_load_unlocked
  File "<frozen importlib._bootstrap>", line 935, in _load_unlocked
  File "<frozen importlib._bootstrap_external>", line 1023, in exec_module
  File "<frozen importlib._bootstrap>", line 488, in _call_with_frames_removed
  File "C:\Projects\customer-support-rag\.venv\Lib\site-packages\transformers\models\poolformer\image_processing_poolformer.py", line 17, in <module>
    from torchvision.transforms.v2 import functional as tvF
ModuleNotFoundError: No module named 'torchvision'
2026-08-26 22:41:29.643 Examining the path of transformers.models.pp_doclayout_v2.image_processing_pp_doclayout_v2_fast raised:
Traceback (most recent call last):
  File "C:\Projects\customer-support-rag\.venv\Lib\site-packages\streamlit\watcher\local_sources_watcher.py", line 340, in get_module_paths
    potential_paths = extract_paths(module)
  File "C:\Projects\customer-support-rag\.venv\Lib\site-packages\streamlit\watcher\local_sources_watcher.py", line 327, in <lambda>
    if hasattr(m, "__path__")
       ~~~~~~~^^^^^^^^^^^^^^^
  File "C:\Projects\customer-support-rag\.venv\Lib\site-packages\transformers\__init__.py", line 865, in _getattr
    return getattr(importlib.import_module(target, __name__), name)
                   ~~~~~~~~~~~~~~~~~~~~~~~^^^^^^^^^^^^^^^^^^
  File "C:\Users\suryanarayanan\AppData\Local\Programs\Python\Python313\Lib\importlib\__init__.py", line 88, in import_module
    return _bootstrap._gcd_import(name[level:], package, level)
           ~~~~~~~~~~~~~~~~~~~~~~^^^^^^^^^^^^^^^^^^^^^^^^^^^^^^
  File "<frozen importlib._bootstrap>", line 1395, in _gcd_import
  File "<frozen importlib._bootstrap>", line 1360, in _find_and_load
  File "<frozen importlib._bootstrap>", line 1331, in _find_and_load_unlocked
  File "<frozen importlib._bootstrap>", line 935, in _load_unlocked
  File "<frozen importlib._bootstrap_external>", line 1023, in exec_module
  File "<frozen importlib._bootstrap>", line 488, in _call_with_frames_removed
  File "C:\Projects\customer-support-rag\.venv\Lib\site-packages\transformers\models\pp_doclayout_v2\image_processing_pp_doclayout_v2.py", line 23, in <module>
    from torchvision.transforms.v2 import functional as tvF
ModuleNotFoundError: No module named 'torchvision'
2026-08-26 22:41:29.645 Examining the path of transformers.models.pp_doclayout_v3.image_processing_pp_doclayout_v3_fast raised:
Traceback (most recent call last):
  File "C:\Projects\customer-support-rag\.venv\Lib\site-packages\streamlit\watcher\local_sources_watcher.py", line 340, in get_module_paths
    potential_paths = extract_paths(module)
  File "C:\Projects\customer-support-rag\.venv\Lib\site-packages\streamlit\watcher\local_sources_watcher.py", line 327, in <lambda>
    if hasattr(m, "__path__")
       ~~~~~~~^^^^^^^^^^^^^^^
  File "C:\Projects\customer-support-rag\.venv\Lib\site-packages\transformers\__init__.py", line 865, in _getattr
    return getattr(importlib.import_module(target, __name__), name)
                   ~~~~~~~~~~~~~~~~~~~~~~~^^^^^^^^^^^^^^^^^^
  File "C:\Users\suryanarayanan\AppData\Local\Programs\Python\Python313\Lib\importlib\__init__.py", line 88, in import_module
    return _bootstrap._gcd_import(name[level:], package, level)
           ~~~~~~~~~~~~~~~~~~~~~~^^^^^^^^^^^^^^^^^^^^^^^^^^^^^^
  File "<frozen importlib._bootstrap>", line 1395, in _gcd_import
  File "<frozen importlib._bootstrap>", line 1360, in _find_and_load
  File "<frozen importlib._bootstrap>", line 1331, in _find_and_load_unlocked
  File "<frozen importlib._bootstrap>", line 935, in _load_unlocked
  File "<frozen importlib._bootstrap_external>", line 1023, in exec_module
  File "<frozen importlib._bootstrap>", line 488, in _call_with_frames_removed
  File "C:\Projects\customer-support-rag\.venv\Lib\site-packages\transformers\models\pp_doclayout_v3\image_processing_pp_doclayout_v3.py", line 24, in <module>
    from torchvision.transforms.v2 import functional as tvF
ModuleNotFoundError: No module named 'torchvision'
2026-08-26 22:41:29.648 Examining the path of transformers.models.pp_formulanet.image_processing_pp_formulanet_fast raised:
Traceback (most recent call last):
  File "C:\Projects\customer-support-rag\.venv\Lib\site-packages\streamlit\watcher\local_sources_watcher.py", line 340, in get_module_paths
    potential_paths = extract_paths(module)
  File "C:\Projects\customer-support-rag\.venv\Lib\site-packages\streamlit\watcher\local_sources_watcher.py", line 327, in <lambda>
    if hasattr(m, "__path__")
       ~~~~~~~^^^^^^^^^^^^^^^
  File "C:\Projects\customer-support-rag\.venv\Lib\site-packages\transformers\__init__.py", line 865, in _getattr
    return getattr(importlib.import_module(target, __name__), name)
                   ~~~~~~~~~~~~~~~~~~~~~~~^^^^^^^^^^^^^^^^^^
  File "C:\Users\suryanarayanan\AppData\Local\Programs\Python\Python313\Lib\importlib\__init__.py", line 88, in import_module
    return _bootstrap._gcd_import(name[level:], package, level)
           ~~~~~~~~~~~~~~~~~~~~~~^^^^^^^^^^^^^^^^^^^^^^^^^^^^^^
  File "<frozen importlib._bootstrap>", line 1395, in _gcd_import
  File "<frozen importlib._bootstrap>", line 1360, in _find_and_load
  File "<frozen importlib._bootstrap>", line 1331, in _find_and_load_unlocked
  File "<frozen importlib._bootstrap>", line 935, in _load_unlocked
  File "<frozen importlib._bootstrap_external>", line 1023, in exec_module
  File "<frozen importlib._bootstrap>", line 488, in _call_with_frames_removed
  File "C:\Projects\customer-support-rag\.venv\Lib\site-packages\transformers\models\pp_formulanet\image_processing_pp_formulanet.py", line 23, in <module>
    from torchvision.transforms.v2 import functional as tvF
ModuleNotFoundError: No module named 'torchvision'
2026-08-26 22:41:29.650 Examining the path of transformers.models.pp_lcnet.image_processing_pp_lcnet_fast raised:
Traceback (most recent call last):
  File "C:\Projects\customer-support-rag\.venv\Lib\site-packages\streamlit\watcher\local_sources_watcher.py", line 340, in get_module_paths
    potential_paths = extract_paths(module)
  File "C:\Projects\customer-support-rag\.venv\Lib\site-packages\streamlit\watcher\local_sources_watcher.py", line 327, in <lambda>
    if hasattr(m, "__path__")
       ~~~~~~~^^^^^^^^^^^^^^^
  File "C:\Projects\customer-support-rag\.venv\Lib\site-packages\transformers\__init__.py", line 865, in _getattr
    return getattr(importlib.import_module(target, __name__), name)
                   ~~~~~~~~~~~~~~~~~~~~~~~^^^^^^^^^^^^^^^^^^
  File "C:\Users\suryanarayanan\AppData\Local\Programs\Python\Python313\Lib\importlib\__init__.py", line 88, in import_module
    return _bootstrap._gcd_import(name[level:], package, level)
           ~~~~~~~~~~~~~~~~~~~~~~^^^^^^^^^^^^^^^^^^^^^^^^^^^^^^
  File "<frozen importlib._bootstrap>", line 1395, in _gcd_import
  File "<frozen importlib._bootstrap>", line 1360, in _find_and_load
  File "<frozen importlib._bootstrap>", line 1331, in _find_and_load_unlocked
  File "<frozen importlib._bootstrap>", line 935, in _load_unlocked
  File "<frozen importlib._bootstrap_external>", line 1023, in exec_module
  File "<frozen importlib._bootstrap>", line 488, in _call_with_frames_removed
  File "C:\Projects\customer-support-rag\.venv\Lib\site-packages\transformers\models\pp_lcnet\image_processing_pp_lcnet.py", line 24, in <module>
    import torchvision.transforms.v2.functional as tvF
ModuleNotFoundError: No module named 'torchvision'
2026-08-26 22:41:29.652 Examining the path of transformers.models.pp_ocrv5_server_det.image_processing_pp_ocrv5_server_det_fast raised:
Traceback (most recent call last):
  File "C:\Projects\customer-support-rag\.venv\Lib\site-packages\streamlit\watcher\local_sources_watcher.py", line 340, in get_module_paths
    potential_paths = extract_paths(module)
  File "C:\Projects\customer-support-rag\.venv\Lib\site-packages\streamlit\watcher\local_sources_watcher.py", line 327, in <lambda>
    if hasattr(m, "__path__")
       ~~~~~~~^^^^^^^^^^^^^^^
  File "C:\Projects\customer-support-rag\.venv\Lib\site-packages\transformers\__init__.py", line 865, in _getattr
    return getattr(importlib.import_module(target, __name__), name)
                   ~~~~~~~~~~~~~~~~~~~~~~~^^^^^^^^^^^^^^^^^^
  File "C:\Users\suryanarayanan\AppData\Local\Programs\Python\Python313\Lib\importlib\__init__.py", line 88, in import_module
    return _bootstrap._gcd_import(name[level:], package, level)
           ~~~~~~~~~~~~~~~~~~~~~~^^^^^^^^^^^^^^^^^^^^^^^^^^^^^^
  File "<frozen importlib._bootstrap>", line 1395, in _gcd_import
  File "<frozen importlib._bootstrap>", line 1360, in _find_and_load
  File "<frozen importlib._bootstrap>", line 1331, in _find_and_load_unlocked
  File "<frozen importlib._bootstrap>", line 935, in _load_unlocked
  File "<frozen importlib._bootstrap_external>", line 1023, in exec_module
  File "<frozen importlib._bootstrap>", line 488, in _call_with_frames_removed
  File "C:\Projects\customer-support-rag\.venv\Lib\site-packages\transformers\models\pp_ocrv5_server_det\image_processing_pp_ocrv5_server_det.py", line 25, in <module>
    import torchvision.transforms.v2.functional as tvF
ModuleNotFoundError: No module named 'torchvision'
2026-08-26 22:41:29.655 Examining the path of transformers.models.pp_ocrv5_server_rec.image_processing_pp_ocrv5_server_rec_fast raised:
Traceback (most recent call last):
  File "C:\Projects\customer-support-rag\.venv\Lib\site-packages\streamlit\watcher\local_sources_watcher.py", line 340, in get_module_paths
    potential_paths = extract_paths(module)
  File "C:\Projects\customer-support-rag\.venv\Lib\site-packages\streamlit\watcher\local_sources_watcher.py", line 327, in <lambda>
    if hasattr(m, "__path__")
       ~~~~~~~^^^^^^^^^^^^^^^
  File "C:\Projects\customer-support-rag\.venv\Lib\site-packages\transformers\__init__.py", line 865, in _getattr
    return getattr(importlib.import_module(target, __name__), name)
                   ~~~~~~~~~~~~~~~~~~~~~~~^^^^^^^^^^^^^^^^^^
  File "C:\Users\suryanarayanan\AppData\Local\Programs\Python\Python313\Lib\importlib\__init__.py", line 88, in import_module
    return _bootstrap._gcd_import(name[level:], package, level)
           ~~~~~~~~~~~~~~~~~~~~~~^^^^^^^^^^^^^^^^^^^^^^^^^^^^^^
  File "<frozen importlib._bootstrap>", line 1395, in _gcd_import
  File "<frozen importlib._bootstrap>", line 1360, in _find_and_load
  File "<frozen importlib._bootstrap>", line 1331, in _find_and_load_unlocked
  File "<frozen importlib._bootstrap>", line 935, in _load_unlocked
  File "<frozen importlib._bootstrap_external>", line 1023, in exec_module
  File "<frozen importlib._bootstrap>", line 488, in _call_with_frames_removed
  File "C:\Projects\customer-support-rag\.venv\Lib\site-packages\transformers\models\pp_ocrv5_server_rec\image_processing_pp_ocrv5_server_rec.py", line 24, in <module>
    import torchvision.transforms.v2.functional as tvF
ModuleNotFoundError: No module named 'torchvision'
2026-08-26 22:41:29.656 Examining the path of transformers.models.pp_ocrv6_small_rec.image_processing_pp_ocrv6_small_rec_fast raised:
Traceback (most recent call last):
  File "C:\Projects\customer-support-rag\.venv\Lib\site-packages\streamlit\watcher\local_sources_watcher.py", line 340, in get_module_paths
    potential_paths = extract_paths(module)
  File "C:\Projects\customer-support-rag\.venv\Lib\site-packages\streamlit\watcher\local_sources_watcher.py", line 327, in <lambda>
    if hasattr(m, "__path__")
       ~~~~~~~^^^^^^^^^^^^^^^
  File "C:\Projects\customer-support-rag\.venv\Lib\site-packages\transformers\__init__.py", line 865, in _getattr
    return getattr(importlib.import_module(target, __name__), name)
                   ~~~~~~~~~~~~~~~~~~~~~~~^^^^^^^^^^^^^^^^^^
  File "C:\Users\suryanarayanan\AppData\Local\Programs\Python\Python313\Lib\importlib\__init__.py", line 88, in import_module
    return _bootstrap._gcd_import(name[level:], package, level)
           ~~~~~~~~~~~~~~~~~~~~~~^^^^^^^^^^^^^^^^^^^^^^^^^^^^^^
  File "<frozen importlib._bootstrap>", line 1395, in _gcd_import
  File "<frozen importlib._bootstrap>", line 1360, in _find_and_load
  File "<frozen importlib._bootstrap>", line 1331, in _find_and_load_unlocked
  File "<frozen importlib._bootstrap>", line 935, in _load_unlocked
  File "<frozen importlib._bootstrap_external>", line 1023, in exec_module
  File "<frozen importlib._bootstrap>", line 488, in _call_with_frames_removed
  File "C:\Projects\customer-support-rag\.venv\Lib\site-packages\transformers\models\pp_ocrv6_small_rec\image_processing_pp_ocrv6_small_rec.py", line 24, in <module>
    import torchvision.transforms.v2.functional as tvF
ModuleNotFoundError: No module named 'torchvision'
2026-08-26 22:41:29.660 Examining the path of transformers.models.prompt_depth_anything.image_processing_prompt_depth_anything_fast raised:
Traceback (most recent call last):
  File "C:\Projects\customer-support-rag\.venv\Lib\site-packages\streamlit\watcher\local_sources_watcher.py", line 340, in get_module_paths
    potential_paths = extract_paths(module)
  File "C:\Projects\customer-support-rag\.venv\Lib\site-packages\streamlit\watcher\local_sources_watcher.py", line 327, in <lambda>
    if hasattr(m, "__path__")
       ~~~~~~~^^^^^^^^^^^^^^^
  File "C:\Projects\customer-support-rag\.venv\Lib\site-packages\transformers\__init__.py", line 865, in _getattr
    return getattr(importlib.import_module(target, __name__), name)
                   ~~~~~~~~~~~~~~~~~~~~~~~^^^^^^^^^^^^^^^^^^
  File "C:\Users\suryanarayanan\AppData\Local\Programs\Python\Python313\Lib\importlib\__init__.py", line 88, in import_module
    return _bootstrap._gcd_import(name[level:], package, level)
           ~~~~~~~~~~~~~~~~~~~~~~^^^^^^^^^^^^^^^^^^^^^^^^^^^^^^
  File "<frozen importlib._bootstrap>", line 1395, in _gcd_import
  File "<frozen importlib._bootstrap>", line 1360, in _find_and_load
  File "<frozen importlib._bootstrap>", line 1331, in _find_and_load_unlocked
  File "<frozen importlib._bootstrap>", line 935, in _load_unlocked
  File "<frozen importlib._bootstrap_external>", line 1023, in exec_module
  File "<frozen importlib._bootstrap>", line 488, in _call_with_frames_removed
  File "C:\Projects\customer-support-rag\.venv\Lib\site-packages\transformers\models\prompt_depth_anything\image_processing_prompt_depth_anything.py", line 42, in <module>
    from torchvision.transforms.v2 import functional as tvF
ModuleNotFoundError: No module named 'torchvision'
2026-08-26 22:41:29.661 Examining the path of transformers.models.qwen2_vl.image_processing_qwen2_vl_fast raised:
Traceback (most recent call last):
  File "C:\Projects\customer-support-rag\.venv\Lib\site-packages\streamlit\watcher\local_sources_watcher.py", line 340, in get_module_paths
    potential_paths = extract_paths(module)
  File "C:\Projects\customer-support-rag\.venv\Lib\site-packages\streamlit\watcher\local_sources_watcher.py", line 327, in <lambda>
    if hasattr(m, "__path__")
       ~~~~~~~^^^^^^^^^^^^^^^
  File "C:\Projects\customer-support-rag\.venv\Lib\site-packages\transformers\__init__.py", line 865, in _getattr
    return getattr(importlib.import_module(target, __name__), name)
                   ~~~~~~~~~~~~~~~~~~~~~~~^^^^^^^^^^^^^^^^^^
  File "C:\Users\suryanarayanan\AppData\Local\Programs\Python\Python313\Lib\importlib\__init__.py", line 88, in import_module
    return _bootstrap._gcd_import(name[level:], package, level)
           ~~~~~~~~~~~~~~~~~~~~~~^^^^^^^^^^^^^^^^^^^^^^^^^^^^^^
  File "<frozen importlib._bootstrap>", line 1395, in _gcd_import
  File "<frozen importlib._bootstrap>", line 1360, in _find_and_load
  File "<frozen importlib._bootstrap>", line 1331, in _find_and_load_unlocked
  File "<frozen importlib._bootstrap>", line 935, in _load_unlocked
  File "<frozen importlib._bootstrap_external>", line 1023, in exec_module
  File "<frozen importlib._bootstrap>", line 488, in _call_with_frames_removed
  File "C:\Projects\customer-support-rag\.venv\Lib\site-packages\transformers\models\qwen2_vl\image_processing_qwen2_vl.py", line 25, in <module>
    from torchvision.transforms.v2 import functional as tvF
ModuleNotFoundError: No module named 'torchvision'
2026-08-26 22:41:29.663 Examining the path of transformers.models.rf_detr.image_processing_rf_detr_fast raised:
Traceback (most recent call last):
  File "C:\Projects\customer-support-rag\.venv\Lib\site-packages\streamlit\watcher\local_sources_watcher.py", line 340, in get_module_paths
    potential_paths = extract_paths(module)
  File "C:\Projects\customer-support-rag\.venv\Lib\site-packages\streamlit\watcher\local_sources_watcher.py", line 327, in <lambda>
    if hasattr(m, "__path__")
       ~~~~~~~^^^^^^^^^^^^^^^
  File "C:\Projects\customer-support-rag\.venv\Lib\site-packages\transformers\__init__.py", line 865, in _getattr
    return getattr(importlib.import_module(target, __name__), name)
                   ~~~~~~~~~~~~~~~~~~~~~~~^^^^^^^^^^^^^^^^^^
  File "C:\Users\suryanarayanan\AppData\Local\Programs\Python\Python313\Lib\importlib\__init__.py", line 88, in import_module
    return _bootstrap._gcd_import(name[level:], package, level)
           ~~~~~~~~~~~~~~~~~~~~~~^^^^^^^^^^^^^^^^^^^^^^^^^^^^^^
  File "<frozen importlib._bootstrap>", line 1395, in _gcd_import
  File "<frozen importlib._bootstrap>", line 1360, in _find_and_load
  File "<frozen importlib._bootstrap>", line 1331, in _find_and_load_unlocked
  File "<frozen importlib._bootstrap>", line 935, in _load_unlocked
  File "<frozen importlib._bootstrap_external>", line 1023, in exec_module
  File "<frozen importlib._bootstrap>", line 488, in _call_with_frames_removed
  File "C:\Projects\customer-support-rag\.venv\Lib\site-packages\transformers\models\rf_detr\image_processing_rf_detr.py", line 26, in <module>
    from torchvision.transforms.v2 import functional as tvF
ModuleNotFoundError: No module named 'torchvision'
2026-08-26 22:41:29.664 Examining the path of transformers.models.rt_detr.image_processing_rt_detr_fast raised:
Traceback (most recent call last):
  File "C:\Projects\customer-support-rag\.venv\Lib\site-packages\streamlit\watcher\local_sources_watcher.py", line 340, in get_module_paths
    potential_paths = extract_paths(module)
  File "C:\Projects\customer-support-rag\.venv\Lib\site-packages\streamlit\watcher\local_sources_watcher.py", line 327, in <lambda>
    if hasattr(m, "__path__")
       ~~~~~~~^^^^^^^^^^^^^^^
  File "C:\Projects\customer-support-rag\.venv\Lib\site-packages\transformers\__init__.py", line 865, in _getattr
    return getattr(importlib.import_module(target, __name__), name)
                   ~~~~~~~~~~~~~~~~~~~~~~~^^^^^^^^^^^^^^^^^^
  File "C:\Users\suryanarayanan\AppData\Local\Programs\Python\Python313\Lib\importlib\__init__.py", line 88, in import_module
    return _bootstrap._gcd_import(name[level:], package, level)
           ~~~~~~~~~~~~~~~~~~~~~~^^^^^^^^^^^^^^^^^^^^^^^^^^^^^^
  File "<frozen importlib._bootstrap>", line 1395, in _gcd_import
  File "<frozen importlib._bootstrap>", line 1360, in _find_and_load
  File "<frozen importlib._bootstrap>", line 1331, in _find_and_load_unlocked
  File "<frozen importlib._bootstrap>", line 935, in _load_unlocked
  File "<frozen importlib._bootstrap_external>", line 1023, in exec_module
  File "<frozen importlib._bootstrap>", line 488, in _call_with_frames_removed
  File "C:\Projects\customer-support-rag\.venv\Lib\site-packages\transformers\models\rt_detr\image_processing_rt_detr.py", line 24, in <module>
    from torchvision.transforms.v2 import functional as tvF
ModuleNotFoundError: No module named 'torchvision'
2026-08-26 22:41:29.665 Examining the path of transformers.models.sam.image_processing_sam_fast raised:
Traceback (most recent call last):
  File "C:\Projects\customer-support-rag\.venv\Lib\site-packages\streamlit\watcher\local_sources_watcher.py", line 340, in get_module_paths
    potential_paths = extract_paths(module)
  File "C:\Projects\customer-support-rag\.venv\Lib\site-packages\streamlit\watcher\local_sources_watcher.py", line 327, in <lambda>
    if hasattr(m, "__path__")
       ~~~~~~~^^^^^^^^^^^^^^^
  File "C:\Projects\customer-support-rag\.venv\Lib\site-packages\transformers\__init__.py", line 865, in _getattr
    return getattr(importlib.import_module(target, __name__), name)
                   ~~~~~~~~~~~~~~~~~~~~~~~^^^^^^^^^^^^^^^^^^
  File "C:\Users\suryanarayanan\AppData\Local\Programs\Python\Python313\Lib\importlib\__init__.py", line 88, in import_module
    return _bootstrap._gcd_import(name[level:], package, level)
           ~~~~~~~~~~~~~~~~~~~~~~^^^^^^^^^^^^^^^^^^^^^^^^^^^^^^
  File "<frozen importlib._bootstrap>", line 1395, in _gcd_import
  File "<frozen importlib._bootstrap>", line 1360, in _find_and_load
  File "<frozen importlib._bootstrap>", line 1331, in _find_and_load_unlocked
  File "<frozen importlib._bootstrap>", line 935, in _load_unlocked
  File "<frozen importlib._bootstrap_external>", line 1023, in exec_module
  File "<frozen importlib._bootstrap>", line 488, in _call_with_frames_removed
  File "C:\Projects\customer-support-rag\.venv\Lib\site-packages\transformers\models\sam\image_processing_sam.py", line 25, in <module>
    from torchvision.ops.boxes import batched_nms
ModuleNotFoundError: No module named 'torchvision'
2026-08-26 22:41:29.666 Examining the path of transformers.models.sam2.image_processing_sam2_fast raised:
Traceback (most recent call last):
  File "C:\Projects\customer-support-rag\.venv\Lib\site-packages\streamlit\watcher\local_sources_watcher.py", line 340, in get_module_paths
    potential_paths = extract_paths(module)
  File "C:\Projects\customer-support-rag\.venv\Lib\site-packages\streamlit\watcher\local_sources_watcher.py", line 327, in <lambda>
    if hasattr(m, "__path__")
       ~~~~~~~^^^^^^^^^^^^^^^
  File "C:\Projects\customer-support-rag\.venv\Lib\site-packages\transformers\__init__.py", line 865, in _getattr
    return getattr(importlib.import_module(target, __name__), name)
                   ~~~~~~~~~~~~~~~~~~~~~~~^^^^^^^^^^^^^^^^^^
  File "C:\Users\suryanarayanan\AppData\Local\Programs\Python\Python313\Lib\importlib\__init__.py", line 88, in import_module
    return _bootstrap._gcd_import(name[level:], package, level)
           ~~~~~~~~~~~~~~~~~~~~~~^^^^^^^^^^^^^^^^^^^^^^^^^^^^^^
  File "<frozen importlib._bootstrap>", line 1395, in _gcd_import
  File "<frozen importlib._bootstrap>", line 1360, in _find_and_load
  File "<frozen importlib._bootstrap>", line 1331, in _find_and_load_unlocked
  File "<frozen importlib._bootstrap>", line 935, in _load_unlocked
  File "<frozen importlib._bootstrap_external>", line 1023, in exec_module
  File "<frozen importlib._bootstrap>", line 488, in _call_with_frames_removed
  File "C:\Projects\customer-support-rag\.venv\Lib\site-packages\transformers\models\sam2\image_processing_sam2.py", line 28, in <module>
    from torchvision.ops.boxes import batched_nms
ModuleNotFoundError: No module named 'torchvision'
2026-08-26 22:41:29.668 Examining the path of transformers.models.sam3.image_processing_sam3_fast raised:
Traceback (most recent call last):
  File "C:\Projects\customer-support-rag\.venv\Lib\site-packages\streamlit\watcher\local_sources_watcher.py", line 340, in get_module_paths
    potential_paths = extract_paths(module)
  File "C:\Projects\customer-support-rag\.venv\Lib\site-packages\streamlit\watcher\local_sources_watcher.py", line 327, in <lambda>
    if hasattr(m, "__path__")
       ~~~~~~~^^^^^^^^^^^^^^^
  File "C:\Projects\customer-support-rag\.venv\Lib\site-packages\transformers\__init__.py", line 865, in _getattr
    return getattr(importlib.import_module(target, __name__), name)
                   ~~~~~~~~~~~~~~~~~~~~~~~^^^^^^^^^^^^^^^^^^
  File "C:\Users\suryanarayanan\AppData\Local\Programs\Python\Python313\Lib\importlib\__init__.py", line 88, in import_module
    return _bootstrap._gcd_import(name[level:], package, level)
           ~~~~~~~~~~~~~~~~~~~~~~^^^^^^^^^^^^^^^^^^^^^^^^^^^^^^
  File "<frozen importlib._bootstrap>", line 1395, in _gcd_import
  File "<frozen importlib._bootstrap>", line 1360, in _find_and_load
  File "<frozen importlib._bootstrap>", line 1331, in _find_and_load_unlocked
  File "<frozen importlib._bootstrap>", line 935, in _load_unlocked
  File "<frozen importlib._bootstrap_external>", line 1023, in exec_module
  File "<frozen importlib._bootstrap>", line 488, in _call_with_frames_removed
  File "C:\Projects\customer-support-rag\.venv\Lib\site-packages\transformers\models\sam3\image_processing_sam3.py", line 30, in <module>
    from torchvision.ops.boxes import batched_nms
ModuleNotFoundError: No module named 'torchvision'
2026-08-26 22:41:29.669 Examining the path of transformers.models.sapiens2.image_processing_sapiens2_fast raised:
Traceback (most recent call last):
  File "C:\Projects\customer-support-rag\.venv\Lib\site-packages\streamlit\watcher\local_sources_watcher.py", line 340, in get_module_paths
    potential_paths = extract_paths(module)
  File "C:\Projects\customer-support-rag\.venv\Lib\site-packages\streamlit\watcher\local_sources_watcher.py", line 327, in <lambda>
    if hasattr(m, "__path__")
       ~~~~~~~^^^^^^^^^^^^^^^
  File "C:\Projects\customer-support-rag\.venv\Lib\site-packages\transformers\__init__.py", line 865, in _getattr
    return getattr(importlib.import_module(target, __name__), name)
                   ~~~~~~~~~~~~~~~~~~~~~~~^^^^^^^^^^^^^^^^^^
  File "C:\Users\suryanarayanan\AppData\Local\Programs\Python\Python313\Lib\importlib\__init__.py", line 88, in import_module
    return _bootstrap._gcd_import(name[level:], package, level)
           ~~~~~~~~~~~~~~~~~~~~~~^^^^^^^^^^^^^^^^^^^^^^^^^^^^^^
  File "<frozen importlib._bootstrap>", line 1395, in _gcd_import
  File "<frozen importlib._bootstrap>", line 1360, in _find_and_load
  File "<frozen importlib._bootstrap>", line 1331, in _find_and_load_unlocked
  File "<frozen importlib._bootstrap>", line 935, in _load_unlocked
  File "<frozen importlib._bootstrap_external>", line 1023, in exec_module
  File "<frozen importlib._bootstrap>", line 488, in _call_with_frames_removed
  File "C:\Projects\customer-support-rag\.venv\Lib\site-packages\transformers\models\sapiens2\image_processing_sapiens2.py", line 23, in <module>
    from torchvision.transforms.v2 import functional as tvF
ModuleNotFoundError: No module named 'torchvision'
2026-08-26 22:41:29.670 Examining the path of transformers.models.segformer.image_processing_segformer_fast raised:
Traceback (most recent call last):
  File "C:\Projects\customer-support-rag\.venv\Lib\site-packages\streamlit\watcher\local_sources_watcher.py", line 340, in get_module_paths
    potential_paths = extract_paths(module)
  File "C:\Projects\customer-support-rag\.venv\Lib\site-packages\streamlit\watcher\local_sources_watcher.py", line 327, in <lambda>
    if hasattr(m, "__path__")
       ~~~~~~~^^^^^^^^^^^^^^^
  File "C:\Projects\customer-support-rag\.venv\Lib\site-packages\transformers\__init__.py", line 865, in _getattr
    return getattr(importlib.import_module(target, __name__), name)
                   ~~~~~~~~~~~~~~~~~~~~~~~^^^^^^^^^^^^^^^^^^
  File "C:\Users\suryanarayanan\AppData\Local\Programs\Python\Python313\Lib\importlib\__init__.py", line 88, in import_module
    return _bootstrap._gcd_import(name[level:], package, level)
           ~~~~~~~~~~~~~~~~~~~~~~^^^^^^^^^^^^^^^^^^^^^^^^^^^^^^
  File "<frozen importlib._bootstrap>", line 1395, in _gcd_import
  File "<frozen importlib._bootstrap>", line 1360, in _find_and_load
  File "<frozen importlib._bootstrap>", line 1331, in _find_and_load_unlocked
  File "<frozen importlib._bootstrap>", line 935, in _load_unlocked
  File "<frozen importlib._bootstrap_external>", line 1023, in exec_module
  File "<frozen importlib._bootstrap>", line 488, in _call_with_frames_removed
  File "C:\Projects\customer-support-rag\.venv\Lib\site-packages\transformers\models\segformer\image_processing_segformer.py", line 25, in <module>
    import torchvision.transforms.v2.functional as tvF
ModuleNotFoundError: No module named 'torchvision'
2026-08-26 22:41:29.672 Examining the path of transformers.models.seggpt.image_processing_seggpt_fast raised:
Traceback (most recent call last):
  File "C:\Projects\customer-support-rag\.venv\Lib\site-packages\streamlit\watcher\local_sources_watcher.py", line 340, in get_module_paths
    potential_paths = extract_paths(module)
  File "C:\Projects\customer-support-rag\.venv\Lib\site-packages\streamlit\watcher\local_sources_watcher.py", line 327, in <lambda>
    if hasattr(m, "__path__")
       ~~~~~~~^^^^^^^^^^^^^^^
  File "C:\Projects\customer-support-rag\.venv\Lib\site-packages\transformers\__init__.py", line 865, in _getattr
    return getattr(importlib.import_module(target, __name__), name)
                   ~~~~~~~~~~~~~~~~~~~~~~~^^^^^^^^^^^^^^^^^^
  File "C:\Users\suryanarayanan\AppData\Local\Programs\Python\Python313\Lib\importlib\__init__.py", line 88, in import_module
    return _bootstrap._gcd_import(name[level:], package, level)
           ~~~~~~~~~~~~~~~~~~~~~~^^^^^^^^^^^^^^^^^^^^^^^^^^^^^^
  File "<frozen importlib._bootstrap>", line 1395, in _gcd_import
  File "<frozen importlib._bootstrap>", line 1360, in _find_and_load
  File "<frozen importlib._bootstrap>", line 1331, in _find_and_load_unlocked
  File "<frozen importlib._bootstrap>", line 935, in _load_unlocked
  File "<frozen importlib._bootstrap_external>", line 1023, in exec_module
  File "<frozen importlib._bootstrap>", line 488, in _call_with_frames_removed
  File "C:\Projects\customer-support-rag\.venv\Lib\site-packages\transformers\models\seggpt\image_processing_seggpt.py", line 20, in <module>
    from torchvision.transforms.v2 import functional as tvF
ModuleNotFoundError: No module named 'torchvision'
2026-08-26 22:41:29.673 Examining the path of transformers.models.siglip2.image_processing_siglip2_fast raised:
Traceback (most recent call last):
  File "C:\Projects\customer-support-rag\.venv\Lib\site-packages\streamlit\watcher\local_sources_watcher.py", line 340, in get_module_paths
    potential_paths = extract_paths(module)
  File "C:\Projects\customer-support-rag\.venv\Lib\site-packages\streamlit\watcher\local_sources_watcher.py", line 327, in <lambda>
    if hasattr(m, "__path__")
       ~~~~~~~^^^^^^^^^^^^^^^
  File "C:\Projects\customer-support-rag\.venv\Lib\site-packages\transformers\__init__.py", line 865, in _getattr
    return getattr(importlib.import_module(target, __name__), name)
                   ~~~~~~~~~~~~~~~~~~~~~~~^^^^^^^^^^^^^^^^^^
  File "C:\Users\suryanarayanan\AppData\Local\Programs\Python\Python313\Lib\importlib\__init__.py", line 88, in import_module
    return _bootstrap._gcd_import(name[level:], package, level)
           ~~~~~~~~~~~~~~~~~~~~~~^^^^^^^^^^^^^^^^^^^^^^^^^^^^^^
  File "<frozen importlib._bootstrap>", line 1395, in _gcd_import
  File "<frozen importlib._bootstrap>", line 1360, in _find_and_load
  File "<frozen importlib._bootstrap>", line 1331, in _find_and_load_unlocked
  File "<frozen importlib._bootstrap>", line 935, in _load_unlocked
  File "<frozen importlib._bootstrap_external>", line 1023, in exec_module
  File "<frozen importlib._bootstrap>", line 488, in _call_with_frames_removed
  File "C:\Projects\customer-support-rag\.venv\Lib\site-packages\transformers\models\siglip2\image_processing_siglip2.py", line 17, in <module>
    from torchvision.transforms.v2 import functional as tvF
ModuleNotFoundError: No module named 'torchvision'
2026-08-26 22:41:29.674 Examining the path of transformers.models.slanext.image_processing_slanext_fast raised:
Traceback (most recent call last):
  File "C:\Projects\customer-support-rag\.venv\Lib\site-packages\streamlit\watcher\local_sources_watcher.py", line 340, in get_module_paths
    potential_paths = extract_paths(module)
  File "C:\Projects\customer-support-rag\.venv\Lib\site-packages\streamlit\watcher\local_sources_watcher.py", line 327, in <lambda>
    if hasattr(m, "__path__")
       ~~~~~~~^^^^^^^^^^^^^^^
  File "C:\Projects\customer-support-rag\.venv\Lib\site-packages\transformers\__init__.py", line 865, in _getattr
    return getattr(importlib.import_module(target, __name__), name)
                   ~~~~~~~~~~~~~~~~~~~~~~~^^^^^^^^^^^^^^^^^^
  File "C:\Users\suryanarayanan\AppData\Local\Programs\Python\Python313\Lib\importlib\__init__.py", line 88, in import_module
    return _bootstrap._gcd_import(name[level:], package, level)
           ~~~~~~~~~~~~~~~~~~~~~~^^^^^^^^^^^^^^^^^^^^^^^^^^^^^^
  File "<frozen importlib._bootstrap>", line 1395, in _gcd_import
  File "<frozen importlib._bootstrap>", line 1360, in _find_and_load
  File "<frozen importlib._bootstrap>", line 1331, in _find_and_load_unlocked
  File "<frozen importlib._bootstrap>", line 935, in _load_unlocked
  File "<frozen importlib._bootstrap_external>", line 1023, in exec_module
  File "<frozen importlib._bootstrap>", line 488, in _call_with_frames_removed
  File "C:\Projects\customer-support-rag\.venv\Lib\site-packages\transformers\models\slanext\image_processing_slanext.py", line 23, in <module>
    import torchvision.transforms.v2.functional as tvF
ModuleNotFoundError: No module named 'torchvision'
2026-08-26 22:41:29.676 Examining the path of transformers.models.smolvlm.image_processing_smolvlm_fast raised:
Traceback (most recent call last):
  File "C:\Projects\customer-support-rag\.venv\Lib\site-packages\streamlit\watcher\local_sources_watcher.py", line 340, in get_module_paths
    potential_paths = extract_paths(module)
  File "C:\Projects\customer-support-rag\.venv\Lib\site-packages\streamlit\watcher\local_sources_watcher.py", line 327, in <lambda>
    if hasattr(m, "__path__")
       ~~~~~~~^^^^^^^^^^^^^^^
  File "C:\Projects\customer-support-rag\.venv\Lib\site-packages\transformers\__init__.py", line 865, in _getattr
    return getattr(importlib.import_module(target, __name__), name)
                   ~~~~~~~~~~~~~~~~~~~~~~~^^^^^^^^^^^^^^^^^^
  File "C:\Users\suryanarayanan\AppData\Local\Programs\Python\Python313\Lib\importlib\__init__.py", line 88, in import_module
    return _bootstrap._gcd_import(name[level:], package, level)
           ~~~~~~~~~~~~~~~~~~~~~~^^^^^^^^^^^^^^^^^^^^^^^^^^^^^^
  File "<frozen importlib._bootstrap>", line 1395, in _gcd_import
  File "<frozen importlib._bootstrap>", line 1360, in _find_and_load
  File "<frozen importlib._bootstrap>", line 1331, in _find_and_load_unlocked
  File "<frozen importlib._bootstrap>", line 935, in _load_unlocked
  File "<frozen importlib._bootstrap_external>", line 1023, in exec_module
  File "<frozen importlib._bootstrap>", line 488, in _call_with_frames_removed
  File "C:\Projects\customer-support-rag\.venv\Lib\site-packages\transformers\models\smolvlm\image_processing_smolvlm.py", line 27, in <module>
    from torchvision.transforms.v2 import functional as tvF
ModuleNotFoundError: No module named 'torchvision'
2026-08-26 22:41:29.677 Examining the path of transformers.models.superglue.image_processing_superglue_fast raised:
Traceback (most recent call last):
  File "C:\Projects\customer-support-rag\.venv\Lib\site-packages\streamlit\watcher\local_sources_watcher.py", line 340, in get_module_paths
    potential_paths = extract_paths(module)
  File "C:\Projects\customer-support-rag\.venv\Lib\site-packages\streamlit\watcher\local_sources_watcher.py", line 327, in <lambda>
    if hasattr(m, "__path__")
       ~~~~~~~^^^^^^^^^^^^^^^
  File "C:\Projects\customer-support-rag\.venv\Lib\site-packages\transformers\__init__.py", line 865, in _getattr
    return getattr(importlib.import_module(target, __name__), name)
                   ~~~~~~~~~~~~~~~~~~~~~~~^^^^^^^^^^^^^^^^^^
  File "C:\Users\suryanarayanan\AppData\Local\Programs\Python\Python313\Lib\importlib\__init__.py", line 88, in import_module
    return _bootstrap._gcd_import(name[level:], package, level)
           ~~~~~~~~~~~~~~~~~~~~~~^^^^^^^^^^^^^^^^^^^^^^^^^^^^^^
  File "<frozen importlib._bootstrap>", line 1395, in _gcd_import
  File "<frozen importlib._bootstrap>", line 1360, in _find_and_load
  File "<frozen importlib._bootstrap>", line 1331, in _find_and_load_unlocked
  File "<frozen importlib._bootstrap>", line 935, in _load_unlocked
  File "<frozen importlib._bootstrap_external>", line 1023, in exec_module
  File "<frozen importlib._bootstrap>", line 488, in _call_with_frames_removed
  File "C:\Projects\customer-support-rag\.venv\Lib\site-packages\transformers\models\superglue\image_processing_superglue.py", line 47, in <module>
    from torchvision.transforms.v2 import functional as tvF
ModuleNotFoundError: No module named 'torchvision'
2026-08-26 22:41:29.678 Examining the path of transformers.models.superpoint.image_processing_superpoint_fast raised:
Traceback (most recent call last):
  File "C:\Projects\customer-support-rag\.venv\Lib\site-packages\streamlit\watcher\local_sources_watcher.py", line 340, in get_module_paths
    potential_paths = extract_paths(module)
  File "C:\Projects\customer-support-rag\.venv\Lib\site-packages\streamlit\watcher\local_sources_watcher.py", line 327, in <lambda>
    if hasattr(m, "__path__")
       ~~~~~~~^^^^^^^^^^^^^^^
  File "C:\Projects\customer-support-rag\.venv\Lib\site-packages\transformers\__init__.py", line 865, in _getattr
    return getattr(importlib.import_module(target, __name__), name)
                   ~~~~~~~~~~~~~~~~~~~~~~~^^^^^^^^^^^^^^^^^^
  File "C:\Users\suryanarayanan\AppData\Local\Programs\Python\Python313\Lib\importlib\__init__.py", line 88, in import_module
    return _bootstrap._gcd_import(name[level:], package, level)
           ~~~~~~~~~~~~~~~~~~~~~~^^^^^^^^^^^^^^^^^^^^^^^^^^^^^^
  File "<frozen importlib._bootstrap>", line 1395, in _gcd_import
  File "<frozen importlib._bootstrap>", line 1360, in _find_and_load
  File "<frozen importlib._bootstrap>", line 1331, in _find_and_load_unlocked
  File "<frozen importlib._bootstrap>", line 935, in _load_unlocked
  File "<frozen importlib._bootstrap_external>", line 1023, in exec_module
  File "<frozen importlib._bootstrap>", line 488, in _call_with_frames_removed
  File "C:\Projects\customer-support-rag\.venv\Lib\site-packages\transformers\models\superpoint\image_processing_superpoint.py", line 31, in <module>
    from torchvision.transforms.v2 import functional as tvF
ModuleNotFoundError: No module named 'torchvision'
2026-08-26 22:41:29.679 Examining the path of transformers.models.swin2sr.image_processing_swin2sr_fast raised:
Traceback (most recent call last):
  File "C:\Projects\customer-support-rag\.venv\Lib\site-packages\streamlit\watcher\local_sources_watcher.py", line 340, in get_module_paths
    potential_paths = extract_paths(module)
  File "C:\Projects\customer-support-rag\.venv\Lib\site-packages\streamlit\watcher\local_sources_watcher.py", line 327, in <lambda>
    if hasattr(m, "__path__")
       ~~~~~~~^^^^^^^^^^^^^^^
  File "C:\Projects\customer-support-rag\.venv\Lib\site-packages\transformers\__init__.py", line 865, in _getattr
    return getattr(importlib.import_module(target, __name__), name)
                   ~~~~~~~~~~~~~~~~~~~~~~~^^^^^^^^^^^^^^^^^^
  File "C:\Users\suryanarayanan\AppData\Local\Programs\Python\Python313\Lib\importlib\__init__.py", line 88, in import_module
    return _bootstrap._gcd_import(name[level:], package, level)
           ~~~~~~~~~~~~~~~~~~~~~~^^^^^^^^^^^^^^^^^^^^^^^^^^^^^^
  File "<frozen importlib._bootstrap>", line 1395, in _gcd_import
  File "<frozen importlib._bootstrap>", line 1360, in _find_and_load
  File "<frozen importlib._bootstrap>", line 1331, in _find_and_load_unlocked
  File "<frozen importlib._bootstrap>", line 935, in _load_unlocked
  File "<frozen importlib._bootstrap_external>", line 1023, in exec_module
  File "<frozen importlib._bootstrap>", line 488, in _call_with_frames_removed
  File "C:\Projects\customer-support-rag\.venv\Lib\site-packages\transformers\models\swin2sr\image_processing_swin2sr.py", line 17, in <module>
    from torchvision.transforms.v2 import functional as tvF
ModuleNotFoundError: No module named 'torchvision'
2026-08-26 22:41:29.680 Examining the path of transformers.models.textnet.image_processing_textnet_fast raised:
Traceback (most recent call last):
  File "C:\Projects\customer-support-rag\.venv\Lib\site-packages\streamlit\watcher\local_sources_watcher.py", line 340, in get_module_paths
    potential_paths = extract_paths(module)
  File "C:\Projects\customer-support-rag\.venv\Lib\site-packages\streamlit\watcher\local_sources_watcher.py", line 327, in <lambda>
    if hasattr(m, "__path__")
       ~~~~~~~^^^^^^^^^^^^^^^
  File "C:\Projects\customer-support-rag\.venv\Lib\site-packages\transformers\__init__.py", line 865, in _getattr
    return getattr(importlib.import_module(target, __name__), name)
                   ~~~~~~~~~~~~~~~~~~~~~~~^^^^^^^^^^^^^^^^^^
  File "C:\Users\suryanarayanan\AppData\Local\Programs\Python\Python313\Lib\importlib\__init__.py", line 88, in import_module
    return _bootstrap._gcd_import(name[level:], package, level)
           ~~~~~~~~~~~~~~~~~~~~~~^^^^^^^^^^^^^^^^^^^^^^^^^^^^^^
  File "<frozen importlib._bootstrap>", line 1395, in _gcd_import
  File "<frozen importlib._bootstrap>", line 1360, in _find_and_load
  File "<frozen importlib._bootstrap>", line 1331, in _find_and_load_unlocked
  File "<frozen importlib._bootstrap>", line 935, in _load_unlocked
  File "<frozen importlib._bootstrap_external>", line 1023, in exec_module
  File "<frozen importlib._bootstrap>", line 488, in _call_with_frames_removed
  File "C:\Projects\customer-support-rag\.venv\Lib\site-packages\transformers\models\textnet\image_processing_textnet.py", line 17, in <module>
    from torchvision.transforms.v2 import functional as tvF
ModuleNotFoundError: No module named 'torchvision'
2026-08-26 22:41:29.681 Examining the path of transformers.models.tvp.image_processing_tvp_fast raised:
Traceback (most recent call last):
  File "C:\Projects\customer-support-rag\.venv\Lib\site-packages\streamlit\watcher\local_sources_watcher.py", line 340, in get_module_paths
    potential_paths = extract_paths(module)
  File "C:\Projects\customer-support-rag\.venv\Lib\site-packages\streamlit\watcher\local_sources_watcher.py", line 327, in <lambda>
    if hasattr(m, "__path__")
       ~~~~~~~^^^^^^^^^^^^^^^
  File "C:\Projects\customer-support-rag\.venv\Lib\site-packages\transformers\__init__.py", line 865, in _getattr
    return getattr(importlib.import_module(target, __name__), name)
                   ~~~~~~~~~~~~~~~~~~~~~~~^^^^^^^^^^^^^^^^^^
  File "C:\Users\suryanarayanan\AppData\Local\Programs\Python\Python313\Lib\importlib\__init__.py", line 88, in import_module
    return _bootstrap._gcd_import(name[level:], package, level)
           ~~~~~~~~~~~~~~~~~~~~~~^^^^^^^^^^^^^^^^^^^^^^^^^^^^^^
  File "<frozen importlib._bootstrap>", line 1395, in _gcd_import
  File "<frozen importlib._bootstrap>", line 1360, in _find_and_load
  File "<frozen importlib._bootstrap>", line 1331, in _find_and_load_unlocked
  File "<frozen importlib._bootstrap>", line 935, in _load_unlocked
  File "<frozen importlib._bootstrap_external>", line 1023, in exec_module
  File "<frozen importlib._bootstrap>", line 488, in _call_with_frames_removed
  File "C:\Projects\customer-support-rag\.venv\Lib\site-packages\transformers\models\tvp\image_processing_tvp.py", line 17, in <module>
    from torchvision.transforms.v2 import functional as tvF
ModuleNotFoundError: No module named 'torchvision'
2026-08-26 22:41:29.683 Examining the path of transformers.models.video_llama_3.image_processing_video_llama_3_fast raised:
Traceback (most recent call last):
  File "C:\Projects\customer-support-rag\.venv\Lib\site-packages\streamlit\watcher\local_sources_watcher.py", line 340, in get_module_paths
    potential_paths = extract_paths(module)
  File "C:\Projects\customer-support-rag\.venv\Lib\site-packages\streamlit\watcher\local_sources_watcher.py", line 327, in <lambda>
    if hasattr(m, "__path__")
       ~~~~~~~^^^^^^^^^^^^^^^
  File "C:\Projects\customer-support-rag\.venv\Lib\site-packages\transformers\__init__.py", line 865, in _getattr
    return getattr(importlib.import_module(target, __name__), name)
                   ~~~~~~~~~~~~~~~~~~~~~~~^^^^^^^^^^^^^^^^^^
  File "C:\Users\suryanarayanan\AppData\Local\Programs\Python\Python313\Lib\importlib\__init__.py", line 88, in import_module
    return _bootstrap._gcd_import(name[level:], package, level)
           ~~~~~~~~~~~~~~~~~~~~~~^^^^^^^^^^^^^^^^^^^^^^^^^^^^^^
  File "<frozen importlib._bootstrap>", line 1395, in _gcd_import
  File "<frozen importlib._bootstrap>", line 1360, in _find_and_load
  File "<frozen importlib._bootstrap>", line 1331, in _find_and_load_unlocked
  File "<frozen importlib._bootstrap>", line 935, in _load_unlocked
  File "<frozen importlib._bootstrap_external>", line 1023, in exec_module
  File "<frozen importlib._bootstrap>", line 488, in _call_with_frames_removed
  File "C:\Projects\customer-support-rag\.venv\Lib\site-packages\transformers\models\video_llama_3\image_processing_video_llama_3.py", line 24, in <module>
    import torchvision.transforms.v2.functional as tvF
ModuleNotFoundError: No module named 'torchvision'
2026-08-26 22:41:29.684 Examining the path of transformers.models.videomae.image_processing_videomae_fast raised:
Traceback (most recent call last):
  File "C:\Projects\customer-support-rag\.venv\Lib\site-packages\streamlit\watcher\local_sources_watcher.py", line 340, in get_module_paths
    potential_paths = extract_paths(module)
  File "C:\Projects\customer-support-rag\.venv\Lib\site-packages\streamlit\watcher\local_sources_watcher.py", line 327, in <lambda>
    if hasattr(m, "__path__")
       ~~~~~~~^^^^^^^^^^^^^^^
  File "C:\Projects\customer-support-rag\.venv\Lib\site-packages\transformers\__init__.py", line 865, in _getattr
    return getattr(importlib.import_module(target, __name__), name)
                   ~~~~~~~~~~~~~~~~~~~~~~~^^^^^^^^^^^^^^^^^^
  File "C:\Users\suryanarayanan\AppData\Local\Programs\Python\Python313\Lib\importlib\__init__.py", line 88, in import_module
    return _bootstrap._gcd_import(name[level:], package, level)
           ~~~~~~~~~~~~~~~~~~~~~~^^^^^^^^^^^^^^^^^^^^^^^^^^^^^^
  File "<frozen importlib._bootstrap>", line 1395, in _gcd_import
  File "<frozen importlib._bootstrap>", line 1360, in _find_and_load
  File "<frozen importlib._bootstrap>", line 1331, in _find_and_load_unlocked
  File "<frozen importlib._bootstrap>", line 935, in _load_unlocked
  File "<frozen importlib._bootstrap_external>", line 1023, in exec_module
  File "<frozen importlib._bootstrap>", line 488, in _call_with_frames_removed
  File "C:\Projects\customer-support-rag\.venv\Lib\site-packages\transformers\models\videomae\image_processing_videomae.py", line 17, in <module>
    from torchvision.transforms.v2 import functional as tvF
ModuleNotFoundError: No module named 'torchvision'
2026-08-26 22:41:29.686 Examining the path of transformers.models.vilt.image_processing_vilt_fast raised:
Traceback (most recent call last):
  File "C:\Projects\customer-support-rag\.venv\Lib\site-packages\streamlit\watcher\local_sources_watcher.py", line 340, in get_module_paths
    potential_paths = extract_paths(module)
  File "C:\Projects\customer-support-rag\.venv\Lib\site-packages\streamlit\watcher\local_sources_watcher.py", line 327, in <lambda>
    if hasattr(m, "__path__")
       ~~~~~~~^^^^^^^^^^^^^^^
  File "C:\Projects\customer-support-rag\.venv\Lib\site-packages\transformers\__init__.py", line 865, in _getattr
    return getattr(importlib.import_module(target, __name__), name)
                   ~~~~~~~~~~~~~~~~~~~~~~~^^^^^^^^^^^^^^^^^^
  File "C:\Users\suryanarayanan\AppData\Local\Programs\Python\Python313\Lib\importlib\__init__.py", line 88, in import_module
    return _bootstrap._gcd_import(name[level:], package, level)
           ~~~~~~~~~~~~~~~~~~~~~~^^^^^^^^^^^^^^^^^^^^^^^^^^^^^^
  File "<frozen importlib._bootstrap>", line 1395, in _gcd_import
  File "<frozen importlib._bootstrap>", line 1360, in _find_and_load
  File "<frozen importlib._bootstrap>", line 1331, in _find_and_load_unlocked
  File "<frozen importlib._bootstrap>", line 935, in _load_unlocked
  File "<frozen importlib._bootstrap_external>", line 1023, in exec_module
  File "<frozen importlib._bootstrap>", line 488, in _call_with_frames_removed
  File "C:\Projects\customer-support-rag\.venv\Lib\site-packages\transformers\models\vilt\image_processing_vilt.py", line 17, in <module>
    from torchvision.transforms.v2 import functional as tvF
ModuleNotFoundError: No module named 'torchvision'
2026-08-26 22:41:29.688 Examining the path of transformers.models.vitmatte.image_processing_vitmatte_fast raised:
Traceback (most recent call last):
  File "C:\Projects\customer-support-rag\.venv\Lib\site-packages\streamlit\watcher\local_sources_watcher.py", line 340, in get_module_paths
    potential_paths = extract_paths(module)
  File "C:\Projects\customer-support-rag\.venv\Lib\site-packages\streamlit\watcher\local_sources_watcher.py", line 327, in <lambda>
    if hasattr(m, "__path__")
       ~~~~~~~^^^^^^^^^^^^^^^
  File "C:\Projects\customer-support-rag\.venv\Lib\site-packages\transformers\__init__.py", line 865, in _getattr
    return getattr(importlib.import_module(target, __name__), name)
                   ~~~~~~~~~~~~~~~~~~~~~~~^^^^^^^^^^^^^^^^^^
  File "C:\Users\suryanarayanan\AppData\Local\Programs\Python\Python313\Lib\importlib\__init__.py", line 88, in import_module
    return _bootstrap._gcd_import(name[level:], package, level)
           ~~~~~~~~~~~~~~~~~~~~~~^^^^^^^^^^^^^^^^^^^^^^^^^^^^^^
  File "<frozen importlib._bootstrap>", line 1395, in _gcd_import
  File "<frozen importlib._bootstrap>", line 1360, in _find_and_load
  File "<frozen importlib._bootstrap>", line 1331, in _find_and_load_unlocked
  File "<frozen importlib._bootstrap>", line 935, in _load_unlocked
  File "<frozen importlib._bootstrap_external>", line 1023, in exec_module
  File "<frozen importlib._bootstrap>", line 488, in _call_with_frames_removed
  File "C:\Projects\customer-support-rag\.venv\Lib\site-packages\transformers\models\vitmatte\image_processing_vitmatte.py", line 19, in <module>
    from torchvision.transforms.v2 import functional as tvF
ModuleNotFoundError: No module named 'torchvision'
2026-08-26 22:41:29.690 Examining the path of transformers.models.vitpose.image_processing_vitpose_fast raised:
Traceback (most recent call last):
  File "C:\Projects\customer-support-rag\.venv\Lib\site-packages\streamlit\watcher\local_sources_watcher.py", line 340, in get_module_paths
    potential_paths = extract_paths(module)
  File "C:\Projects\customer-support-rag\.venv\Lib\site-packages\streamlit\watcher\local_sources_watcher.py", line 327, in <lambda>
    if hasattr(m, "__path__")
       ~~~~~~~^^^^^^^^^^^^^^^
  File "C:\Projects\customer-support-rag\.venv\Lib\site-packages\transformers\__init__.py", line 865, in _getattr
    return getattr(importlib.import_module(target, __name__), name)
                   ~~~~~~~~~~~~~~~~~~~~~~~^^^^^^^^^^^^^^^^^^
  File "C:\Users\suryanarayanan\AppData\Local\Programs\Python\Python313\Lib\importlib\__init__.py", line 88, in import_module
    return _bootstrap._gcd_import(name[level:], package, level)
           ~~~~~~~~~~~~~~~~~~~~~~^^^^^^^^^^^^^^^^^^^^^^^^^^^^^^
  File "<frozen importlib._bootstrap>", line 1395, in _gcd_import
  File "<frozen importlib._bootstrap>", line 1360, in _find_and_load
  File "<frozen importlib._bootstrap>", line 1331, in _find_and_load_unlocked
  File "<frozen importlib._bootstrap>", line 935, in _load_unlocked
  File "<frozen importlib._bootstrap_external>", line 1023, in exec_module
  File "<frozen importlib._bootstrap>", line 488, in _call_with_frames_removed
  File "C:\Projects\customer-support-rag\.venv\Lib\site-packages\transformers\models\vitpose\image_processing_vitpose.py", line 22, in <module>
    from torchvision.transforms.v2 import functional as tvF
ModuleNotFoundError: No module named 'torchvision'
2026-08-26 22:41:29.692 Examining the path of transformers.models.yolos.image_processing_yolos_fast raised:
Traceback (most recent call last):
  File "C:\Projects\customer-support-rag\.venv\Lib\site-packages\streamlit\watcher\local_sources_watcher.py", line 340, in get_module_paths
    potential_paths = extract_paths(module)
  File "C:\Projects\customer-support-rag\.venv\Lib\site-packages\streamlit\watcher\local_sources_watcher.py", line 327, in <lambda>
    if hasattr(m, "__path__")
       ~~~~~~~^^^^^^^^^^^^^^^
  File "C:\Projects\customer-support-rag\.venv\Lib\site-packages\transformers\__init__.py", line 865, in _getattr
    return getattr(importlib.import_module(target, __name__), name)
                   ~~~~~~~~~~~~~~~~~~~~~~~^^^^^^^^^^^^^^^^^^
  File "C:\Users\suryanarayanan\AppData\Local\Programs\Python\Python313\Lib\importlib\__init__.py", line 88, in import_module
    return _bootstrap._gcd_import(name[level:], package, level)
           ~~~~~~~~~~~~~~~~~~~~~~^^^^^^^^^^^^^^^^^^^^^^^^^^^^^^
  File "<frozen importlib._bootstrap>", line 1395, in _gcd_import
  File "<frozen importlib._bootstrap>", line 1360, in _find_and_load
  File "<frozen importlib._bootstrap>", line 1331, in _find_and_load_unlocked
  File "<frozen importlib._bootstrap>", line 935, in _load_unlocked
  File "<frozen importlib._bootstrap_external>", line 1023, in exec_module
  File "<frozen importlib._bootstrap>", line 488, in _call_with_frames_removed
  File "C:\Projects\customer-support-rag\.venv\Lib\site-packages\transformers\models\yolos\image_processing_yolos.py", line 12, in <module>
    from torchvision.io import read_image
ModuleNotFoundError: No module named 'torchvision'
2026-08-26 22:41:29.695 Examining the path of transformers.models.zoedepth.image_processing_zoedepth_fast raised:
Traceback (most recent call last):
  File "C:\Projects\customer-support-rag\.venv\Lib\site-packages\streamlit\watcher\local_sources_watcher.py", line 340, in get_module_paths
    potential_paths = extract_paths(module)
  File "C:\Projects\customer-support-rag\.venv\Lib\site-packages\streamlit\watcher\local_sources_watcher.py", line 327, in <lambda>
    if hasattr(m, "__path__")
       ~~~~~~~^^^^^^^^^^^^^^^
  File "C:\Projects\customer-support-rag\.venv\Lib\site-packages\transformers\__init__.py", line 865, in _getattr
    return getattr(importlib.import_module(target, __name__), name)
                   ~~~~~~~~~~~~~~~~~~~~~~~^^^^^^^^^^^^^^^^^^
  File "C:\Users\suryanarayanan\AppData\Local\Programs\Python\Python313\Lib\importlib\__init__.py", line 88, in import_module
    return _bootstrap._gcd_import(name[level:], package, level)
           ~~~~~~~~~~~~~~~~~~~~~~^^^^^^^^^^^^^^^^^^^^^^^^^^^^^^
  File "<frozen importlib._bootstrap>", line 1395, in _gcd_import
  File "<frozen importlib._bootstrap>", line 1360, in _find_and_load
  File "<frozen importlib._bootstrap>", line 1331, in _find_and_load_unlocked
  File "<frozen importlib._bootstrap>", line 935, in _load_unlocked
  File "<frozen importlib._bootstrap_external>", line 1023, in exec_module
  File "<frozen importlib._bootstrap>", line 488, in _call_with_frames_removed
  File "C:\Projects\customer-support-rag\.venv\Lib\site-packages\transformers\models\zoedepth\image_processing_zoedepth.py", line 43, in <module>
    from torchvision.transforms.v2 import functional as tvF
ModuleNotFoundError: No module named 'torchvision'
2026-08-31 13:37:12.827 Examining the path of transformers.models.aria.image_processing_aria_fast raised:
Traceback (most recent call last):
  File "C:\Projects\customer-support-rag\.venv\Lib\site-packages\streamlit\watcher\local_sources_watcher.py", line 340, in get_module_paths
    potential_paths = extract_paths(module)
  File "C:\Projects\customer-support-rag\.venv\Lib\site-packages\streamlit\watcher\local_sources_watcher.py", line 327, in <lambda>
    if hasattr(m, "__path__")
       ~~~~~~~^^^^^^^^^^^^^^^
  File "C:\Projects\customer-support-rag\.venv\Lib\site-packages\transformers\__init__.py", line 865, in _getattr
    return getattr(importlib.import_module(target, __name__), name)
                   ~~~~~~~~~~~~~~~~~~~~~~~^^^^^^^^^^^^^^^^^^
  File "C:\Users\suryanarayanan\AppData\Local\Programs\Python\Python313\Lib\importlib\__init__.py", line 88, in import_module
    return _bootstrap._gcd_import(name[level:], package, level)
           ~~~~~~~~~~~~~~~~~~~~~~^^^^^^^^^^^^^^^^^^^^^^^^^^^^^^
  File "<frozen importlib._bootstrap>", line 1395, in _gcd_import
  File "<frozen importlib._bootstrap>", line 1360, in _find_and_load
  File "<frozen importlib._bootstrap>", line 1331, in _find_and_load_unlocked
  File "<frozen importlib._bootstrap>", line 935, in _load_unlocked
  File "<frozen importlib._bootstrap_external>", line 1023, in exec_module
  File "<frozen importlib._bootstrap>", line 488, in _call_with_frames_removed
  File "C:\Projects\customer-support-rag\.venv\Lib\site-packages\transformers\models\aria\image_processing_aria.py", line 23, in <module>
    from torchvision.transforms.v2 import functional as tvF
ModuleNotFoundError: No module named 'torchvision'
2026-08-31 13:37:12.845 Examining the path of transformers.models.beit.image_processing_beit_fast raised:
Traceback (most recent call last):
  File "C:\Projects\customer-support-rag\.venv\Lib\site-packages\streamlit\watcher\local_sources_watcher.py", line 340, in get_module_paths
    potential_paths = extract_paths(module)
  File "C:\Projects\customer-support-rag\.venv\Lib\site-packages\streamlit\watcher\local_sources_watcher.py", line 327, in <lambda>
    if hasattr(m, "__path__")
       ~~~~~~~^^^^^^^^^^^^^^^
  File "C:\Projects\customer-support-rag\.venv\Lib\site-packages\transformers\__init__.py", line 865, in _getattr
    return getattr(importlib.import_module(target, __name__), name)
                   ~~~~~~~~~~~~~~~~~~~~~~~^^^^^^^^^^^^^^^^^^
  File "C:\Users\suryanarayanan\AppData\Local\Programs\Python\Python313\Lib\importlib\__init__.py", line 88, in import_module
    return _bootstrap._gcd_import(name[level:], package, level)
           ~~~~~~~~~~~~~~~~~~~~~~^^^^^^^^^^^^^^^^^^^^^^^^^^^^^^
  File "<frozen importlib._bootstrap>", line 1395, in _gcd_import
  File "<frozen importlib._bootstrap>", line 1360, in _find_and_load
  File "<frozen importlib._bootstrap>", line 1331, in _find_and_load_unlocked
  File "<frozen importlib._bootstrap>", line 935, in _load_unlocked
  File "<frozen importlib._bootstrap_external>", line 1023, in exec_module
  File "<frozen importlib._bootstrap>", line 488, in _call_with_frames_removed
  File "C:\Projects\customer-support-rag\.venv\Lib\site-packages\transformers\models\beit\image_processing_beit.py", line 20, in <module>
    from torchvision.transforms.v2 import functional as tvF
ModuleNotFoundError: No module named 'torchvision'
2026-08-31 13:37:12.852 Examining the path of transformers.models.bridgetower.image_processing_bridgetower_fast raised:
Traceback (most recent call last):
  File "C:\Projects\customer-support-rag\.venv\Lib\site-packages\streamlit\watcher\local_sources_watcher.py", line 340, in get_module_paths
    potential_paths = extract_paths(module)
  File "C:\Projects\customer-support-rag\.venv\Lib\site-packages\streamlit\watcher\local_sources_watcher.py", line 327, in <lambda>
    if hasattr(m, "__path__")
       ~~~~~~~^^^^^^^^^^^^^^^
  File "C:\Projects\customer-support-rag\.venv\Lib\site-packages\transformers\__init__.py", line 865, in _getattr
    return getattr(importlib.import_module(target, __name__), name)
                   ~~~~~~~~~~~~~~~~~~~~~~~^^^^^^^^^^^^^^^^^^
  File "C:\Users\suryanarayanan\AppData\Local\Programs\Python\Python313\Lib\importlib\__init__.py", line 88, in import_module
    return _bootstrap._gcd_import(name[level:], package, level)
           ~~~~~~~~~~~~~~~~~~~~~~^^^^^^^^^^^^^^^^^^^^^^^^^^^^^^
  File "<frozen importlib._bootstrap>", line 1395, in _gcd_import
  File "<frozen importlib._bootstrap>", line 1360, in _find_and_load
  File "<frozen importlib._bootstrap>", line 1331, in _find_and_load_unlocked
  File "<frozen importlib._bootstrap>", line 935, in _load_unlocked
  File "<frozen importlib._bootstrap_external>", line 1023, in exec_module
  File "<frozen importlib._bootstrap>", line 488, in _call_with_frames_removed
  File "C:\Projects\customer-support-rag\.venv\Lib\site-packages\transformers\models\bridgetower\image_processing_bridgetower.py", line 20, in <module>
    from torchvision.transforms.v2 import functional as tvF
ModuleNotFoundError: No module named 'torchvision'
2026-08-31 13:37:12.857 Examining the path of transformers.models.chmv2.image_processing_chmv2_fast raised:
Traceback (most recent call last):
  File "C:\Projects\customer-support-rag\.venv\Lib\site-packages\streamlit\watcher\local_sources_watcher.py", line 340, in get_module_paths
    potential_paths = extract_paths(module)
  File "C:\Projects\customer-support-rag\.venv\Lib\site-packages\streamlit\watcher\local_sources_watcher.py", line 327, in <lambda>
    if hasattr(m, "__path__")
       ~~~~~~~^^^^^^^^^^^^^^^
  File "C:\Projects\customer-support-rag\.venv\Lib\site-packages\transformers\__init__.py", line 865, in _getattr
    return getattr(importlib.import_module(target, __name__), name)
                   ~~~~~~~~~~~~~~~~~~~~~~~^^^^^^^^^^^^^^^^^^
  File "C:\Users\suryanarayanan\AppData\Local\Programs\Python\Python313\Lib\importlib\__init__.py", line 88, in import_module
    return _bootstrap._gcd_import(name[level:], package, level)
           ~~~~~~~~~~~~~~~~~~~~~~^^^^^^^^^^^^^^^^^^^^^^^^^^^^^^
  File "<frozen importlib._bootstrap>", line 1395, in _gcd_import
  File "<frozen importlib._bootstrap>", line 1360, in _find_and_load
  File "<frozen importlib._bootstrap>", line 1331, in _find_and_load_unlocked
  File "<frozen importlib._bootstrap>", line 935, in _load_unlocked
  File "<frozen importlib._bootstrap_external>", line 1023, in exec_module
  File "<frozen importlib._bootstrap>", line 488, in _call_with_frames_removed
  File "C:\Projects\customer-support-rag\.venv\Lib\site-packages\transformers\models\chmv2\image_processing_chmv2.py", line 27, in <module>
    from torchvision.transforms.v2 import functional as tvF
ModuleNotFoundError: No module named 'torchvision'
2026-08-31 13:37:12.862 Examining the path of transformers.models.cohere2_vision.image_processing_cohere2_vision_fast raised:
Traceback (most recent call last):
  File "C:\Projects\customer-support-rag\.venv\Lib\site-packages\streamlit\watcher\local_sources_watcher.py", line 340, in get_module_paths
    potential_paths = extract_paths(module)
  File "C:\Projects\customer-support-rag\.venv\Lib\site-packages\streamlit\watcher\local_sources_watcher.py", line 327, in <lambda>
    if hasattr(m, "__path__")
       ~~~~~~~^^^^^^^^^^^^^^^
  File "C:\Projects\customer-support-rag\.venv\Lib\site-packages\transformers\__init__.py", line 865, in _getattr
    return getattr(importlib.import_module(target, __name__), name)
                   ~~~~~~~~~~~~~~~~~~~~~~~^^^^^^^^^^^^^^^^^^
  File "C:\Users\suryanarayanan\AppData\Local\Programs\Python\Python313\Lib\importlib\__init__.py", line 88, in import_module
    return _bootstrap._gcd_import(name[level:], package, level)
           ~~~~~~~~~~~~~~~~~~~~~~^^^^^^^^^^^^^^^^^^^^^^^^^^^^^^
  File "<frozen importlib._bootstrap>", line 1395, in _gcd_import
  File "<frozen importlib._bootstrap>", line 1360, in _find_and_load
  File "<frozen importlib._bootstrap>", line 1331, in _find_and_load_unlocked
  File "<frozen importlib._bootstrap>", line 935, in _load_unlocked
  File "<frozen importlib._bootstrap_external>", line 1023, in exec_module
  File "<frozen importlib._bootstrap>", line 488, in _call_with_frames_removed
  File "C:\Projects\customer-support-rag\.venv\Lib\site-packages\transformers\models\cohere2_vision\image_processing_cohere2_vision.py", line 25, in <module>
    from torchvision.transforms.v2 import functional as tvF
ModuleNotFoundError: No module named 'torchvision'
2026-08-31 13:37:12.866 Examining the path of transformers.models.cohere_compass.image_processing_cohere_compass_fast raised:
Traceback (most recent call last):
  File "C:\Projects\customer-support-rag\.venv\Lib\site-packages\streamlit\watcher\local_sources_watcher.py", line 340, in get_module_paths
    potential_paths = extract_paths(module)
  File "C:\Projects\customer-support-rag\.venv\Lib\site-packages\streamlit\watcher\local_sources_watcher.py", line 327, in <lambda>
    if hasattr(m, "__path__")
       ~~~~~~~^^^^^^^^^^^^^^^
  File "C:\Projects\customer-support-rag\.venv\Lib\site-packages\transformers\__init__.py", line 865, in _getattr
    return getattr(importlib.import_module(target, __name__), name)
                   ~~~~~~~~~~~~~~~~~~~~~~~^^^^^^^^^^^^^^^^^^
  File "C:\Users\suryanarayanan\AppData\Local\Programs\Python\Python313\Lib\importlib\__init__.py", line 88, in import_module
    return _bootstrap._gcd_import(name[level:], package, level)
           ~~~~~~~~~~~~~~~~~~~~~~^^^^^^^^^^^^^^^^^^^^^^^^^^^^^^
  File "<frozen importlib._bootstrap>", line 1395, in _gcd_import
  File "<frozen importlib._bootstrap>", line 1360, in _find_and_load
  File "<frozen importlib._bootstrap>", line 1331, in _find_and_load_unlocked
  File "<frozen importlib._bootstrap>", line 935, in _load_unlocked
  File "<frozen importlib._bootstrap_external>", line 1023, in exec_module
  File "<frozen importlib._bootstrap>", line 488, in _call_with_frames_removed
  File "C:\Projects\customer-support-rag\.venv\Lib\site-packages\transformers\models\cohere_compass\image_processing_cohere_compass.py", line 25, in <module>
    from torchvision.transforms.v2 import functional as tvF
ModuleNotFoundError: No module named 'torchvision'
2026-08-31 13:37:12.874 Examining the path of transformers.models.conditional_detr.image_processing_conditional_detr_fast raised:
Traceback (most recent call last):
  File "C:\Projects\customer-support-rag\.venv\Lib\site-packages\streamlit\watcher\local_sources_watcher.py", line 340, in get_module_paths
    potential_paths = extract_paths(module)
  File "C:\Projects\customer-support-rag\.venv\Lib\site-packages\streamlit\watcher\local_sources_watcher.py", line 327, in <lambda>
    if hasattr(m, "__path__")
       ~~~~~~~^^^^^^^^^^^^^^^
  File "C:\Projects\customer-support-rag\.venv\Lib\site-packages\transformers\__init__.py", line 865, in _getattr
    return getattr(importlib.import_module(target, __name__), name)
                   ~~~~~~~~~~~~~~~~~~~~~~~^^^^^^^^^^^^^^^^^^
  File "C:\Users\suryanarayanan\AppData\Local\Programs\Python\Python313\Lib\importlib\__init__.py", line 88, in import_module
    return _bootstrap._gcd_import(name[level:], package, level)
           ~~~~~~~~~~~~~~~~~~~~~~^^^^^^^^^^^^^^^^^^^^^^^^^^^^^^
  File "<frozen importlib._bootstrap>", line 1395, in _gcd_import
  File "<frozen importlib._bootstrap>", line 1360, in _find_and_load
  File "<frozen importlib._bootstrap>", line 1331, in _find_and_load_unlocked
  File "<frozen importlib._bootstrap>", line 935, in _load_unlocked
  File "<frozen importlib._bootstrap_external>", line 1023, in exec_module
  File "<frozen importlib._bootstrap>", line 488, in _call_with_frames_removed
  File "C:\Projects\customer-support-rag\.venv\Lib\site-packages\transformers\models\conditional_detr\image_processing_conditional_detr.py", line 27, in <module>
    from torchvision.io import read_image
ModuleNotFoundError: No module named 'torchvision'
2026-08-31 13:37:12.878 Examining the path of transformers.models.convnext.image_processing_convnext_fast raised:
Traceback (most recent call last):
  File "C:\Projects\customer-support-rag\.venv\Lib\site-packages\streamlit\watcher\local_sources_watcher.py", line 340, in get_module_paths
    potential_paths = extract_paths(module)
  File "C:\Projects\customer-support-rag\.venv\Lib\site-packages\streamlit\watcher\local_sources_watcher.py", line 327, in <lambda>
    if hasattr(m, "__path__")
       ~~~~~~~^^^^^^^^^^^^^^^
  File "C:\Projects\customer-support-rag\.venv\Lib\site-packages\transformers\__init__.py", line 865, in _getattr
    return getattr(importlib.import_module(target, __name__), name)
                   ~~~~~~~~~~~~~~~~~~~~~~~^^^^^^^^^^^^^^^^^^
  File "C:\Users\suryanarayanan\AppData\Local\Programs\Python\Python313\Lib\importlib\__init__.py", line 88, in import_module
    return _bootstrap._gcd_import(name[level:], package, level)
           ~~~~~~~~~~~~~~~~~~~~~~^^^^^^^^^^^^^^^^^^^^^^^^^^^^^^
  File "<frozen importlib._bootstrap>", line 1395, in _gcd_import
  File "<frozen importlib._bootstrap>", line 1360, in _find_and_load
  File "<frozen importlib._bootstrap>", line 1331, in _find_and_load_unlocked
  File "<frozen importlib._bootstrap>", line 935, in _load_unlocked
  File "<frozen importlib._bootstrap_external>", line 1023, in exec_module
  File "<frozen importlib._bootstrap>", line 488, in _call_with_frames_removed
  File "C:\Projects\customer-support-rag\.venv\Lib\site-packages\transformers\models\convnext\image_processing_convnext.py", line 17, in <module>
    from torchvision.transforms.v2 import functional as tvF
ModuleNotFoundError: No module named 'torchvision'
2026-08-31 13:37:12.881 Examining the path of transformers.models.cosmos3_edge.image_processing_cosmos3_edge_fast raised:
Traceback (most recent call last):
  File "C:\Projects\customer-support-rag\.venv\Lib\site-packages\streamlit\watcher\local_sources_watcher.py", line 340, in get_module_paths
    potential_paths = extract_paths(module)
  File "C:\Projects\customer-support-rag\.venv\Lib\site-packages\streamlit\watcher\local_sources_watcher.py", line 327, in <lambda>
    if hasattr(m, "__path__")
       ~~~~~~~^^^^^^^^^^^^^^^
  File "C:\Projects\customer-support-rag\.venv\Lib\site-packages\transformers\__init__.py", line 865, in _getattr
    return getattr(importlib.import_module(target, __name__), name)
                   ~~~~~~~~~~~~~~~~~~~~~~~^^^^^^^^^^^^^^^^^^
  File "C:\Users\suryanarayanan\AppData\Local\Programs\Python\Python313\Lib\importlib\__init__.py", line 88, in import_module
    return _bootstrap._gcd_import(name[level:], package, level)
           ~~~~~~~~~~~~~~~~~~~~~~^^^^^^^^^^^^^^^^^^^^^^^^^^^^^^
  File "<frozen importlib._bootstrap>", line 1395, in _gcd_import
  File "<frozen importlib._bootstrap>", line 1360, in _find_and_load
  File "<frozen importlib._bootstrap>", line 1331, in _find_and_load_unlocked
  File "<frozen importlib._bootstrap>", line 935, in _load_unlocked
  File "<frozen importlib._bootstrap_external>", line 1023, in exec_module
  File "<frozen importlib._bootstrap>", line 488, in _call_with_frames_removed
  File "C:\Projects\customer-support-rag\.venv\Lib\site-packages\transformers\models\cosmos3_edge\image_processing_cosmos3_edge.py", line 23, in <module>
    from torchvision.transforms.v2 import functional as tvF
ModuleNotFoundError: No module named 'torchvision'
2026-08-31 13:37:12.895 Examining the path of transformers.models.deepseek_ocr2.image_processing_deepseek_ocr2_fast raised:
Traceback (most recent call last):
  File "C:\Projects\customer-support-rag\.venv\Lib\site-packages\streamlit\watcher\local_sources_watcher.py", line 340, in get_module_paths
    potential_paths = extract_paths(module)
  File "C:\Projects\customer-support-rag\.venv\Lib\site-packages\streamlit\watcher\local_sources_watcher.py", line 327, in <lambda>
    if hasattr(m, "__path__")
       ~~~~~~~^^^^^^^^^^^^^^^
  File "C:\Projects\customer-support-rag\.venv\Lib\site-packages\transformers\__init__.py", line 865, in _getattr
    return getattr(importlib.import_module(target, __name__), name)
                   ~~~~~~~~~~~~~~~~~~~~~~~^^^^^^^^^^^^^^^^^^
  File "C:\Users\suryanarayanan\AppData\Local\Programs\Python\Python313\Lib\importlib\__init__.py", line 88, in import_module
    return _bootstrap._gcd_import(name[level:], package, level)
           ~~~~~~~~~~~~~~~~~~~~~~^^^^^^^^^^^^^^^^^^^^^^^^^^^^^^
  File "<frozen importlib._bootstrap>", line 1395, in _gcd_import
  File "<frozen importlib._bootstrap>", line 1360, in _find_and_load
  File "<frozen importlib._bootstrap>", line 1331, in _find_and_load_unlocked
  File "<frozen importlib._bootstrap>", line 935, in _load_unlocked
  File "<frozen importlib._bootstrap_external>", line 1023, in exec_module
  File "<frozen importlib._bootstrap>", line 488, in _call_with_frames_removed
  File "C:\Projects\customer-support-rag\.venv\Lib\site-packages\transformers\models\deepseek_ocr2\image_processing_deepseek_ocr2.py", line 24, in <module>
    from torchvision.transforms.v2 import functional as tvF
ModuleNotFoundError: No module named 'torchvision'
2026-08-31 13:37:12.908 Examining the path of transformers.models.deepseek_vl.image_processing_deepseek_vl_fast raised:
Traceback (most recent call last):
  File "C:\Projects\customer-support-rag\.venv\Lib\site-packages\streamlit\watcher\local_sources_watcher.py", line 340, in get_module_paths
    potential_paths = extract_paths(module)
  File "C:\Projects\customer-support-rag\.venv\Lib\site-packages\streamlit\watcher\local_sources_watcher.py", line 327, in <lambda>
    if hasattr(m, "__path__")
       ~~~~~~~^^^^^^^^^^^^^^^
  File "C:\Projects\customer-support-rag\.venv\Lib\site-packages\transformers\__init__.py", line 865, in _getattr
    return getattr(importlib.import_module(target, __name__), name)
                   ~~~~~~~~~~~~~~~~~~~~~~~^^^^^^^^^^^^^^^^^^
  File "C:\Users\suryanarayanan\AppData\Local\Programs\Python\Python313\Lib\importlib\__init__.py", line 88, in import_module
    return _bootstrap._gcd_import(name[level:], package, level)
           ~~~~~~~~~~~~~~~~~~~~~~^^^^^^^^^^^^^^^^^^^^^^^^^^^^^^
  File "<frozen importlib._bootstrap>", line 1395, in _gcd_import
  File "<frozen importlib._bootstrap>", line 1360, in _find_and_load
  File "<frozen importlib._bootstrap>", line 1331, in _find_and_load_unlocked
  File "<frozen importlib._bootstrap>", line 935, in _load_unlocked
  File "<frozen importlib._bootstrap_external>", line 1023, in exec_module
  File "<frozen importlib._bootstrap>", line 488, in _call_with_frames_removed
  File "C:\Projects\customer-support-rag\.venv\Lib\site-packages\transformers\models\deepseek_vl\image_processing_deepseek_vl.py", line 23, in <module>
    import torchvision.transforms.v2.functional as tvF
ModuleNotFoundError: No module named 'torchvision'
2026-08-31 13:37:12.914 Examining the path of transformers.models.deepseek_vl_hybrid.image_processing_deepseek_vl_hybrid_fast raised:
Traceback (most recent call last):
  File "C:\Projects\customer-support-rag\.venv\Lib\site-packages\streamlit\watcher\local_sources_watcher.py", line 340, in get_module_paths
    potential_paths = extract_paths(module)
  File "C:\Projects\customer-support-rag\.venv\Lib\site-packages\streamlit\watcher\local_sources_watcher.py", line 327, in <lambda>
    if hasattr(m, "__path__")
       ~~~~~~~^^^^^^^^^^^^^^^
  File "C:\Projects\customer-support-rag\.venv\Lib\site-packages\transformers\__init__.py", line 865, in _getattr
    return getattr(importlib.import_module(target, __name__), name)
                   ~~~~~~~~~~~~~~~~~~~~~~~^^^^^^^^^^^^^^^^^^
  File "C:\Users\suryanarayanan\AppData\Local\Programs\Python\Python313\Lib\importlib\__init__.py", line 88, in import_module
    return _bootstrap._gcd_import(name[level:], package, level)
           ~~~~~~~~~~~~~~~~~~~~~~^^^^^^^^^^^^^^^^^^^^^^^^^^^^^^
  File "<frozen importlib._bootstrap>", line 1395, in _gcd_import
  File "<frozen importlib._bootstrap>", line 1360, in _find_and_load
  File "<frozen importlib._bootstrap>", line 1331, in _find_and_load_unlocked
  File "<frozen importlib._bootstrap>", line 935, in _load_unlocked
  File "<frozen importlib._bootstrap_external>", line 1023, in exec_module
  File "<frozen importlib._bootstrap>", line 488, in _call_with_frames_removed
  File "C:\Projects\customer-support-rag\.venv\Lib\site-packages\transformers\models\deepseek_vl_hybrid\image_processing_deepseek_vl_hybrid.py", line 25, in <module>
    import torchvision.transforms.v2.functional as tvF
ModuleNotFoundError: No module named 'torchvision'
2026-08-31 13:37:12.922 Examining the path of transformers.models.deformable_detr.image_processing_deformable_detr_fast raised:
Traceback (most recent call last):
  File "C:\Projects\customer-support-rag\.venv\Lib\site-packages\streamlit\watcher\local_sources_watcher.py", line 340, in get_module_paths
    potential_paths = extract_paths(module)
  File "C:\Projects\customer-support-rag\.venv\Lib\site-packages\streamlit\watcher\local_sources_watcher.py", line 327, in <lambda>
    if hasattr(m, "__path__")
       ~~~~~~~^^^^^^^^^^^^^^^
  File "C:\Projects\customer-support-rag\.venv\Lib\site-packages\transformers\__init__.py", line 865, in _getattr
    return getattr(importlib.import_module(target, __name__), name)
                   ~~~~~~~~~~~~~~~~~~~~~~~^^^^^^^^^^^^^^^^^^
  File "C:\Users\suryanarayanan\AppData\Local\Programs\Python\Python313\Lib\importlib\__init__.py", line 88, in import_module
    return _bootstrap._gcd_import(name[level:], package, level)
           ~~~~~~~~~~~~~~~~~~~~~~^^^^^^^^^^^^^^^^^^^^^^^^^^^^^^
  File "<frozen importlib._bootstrap>", line 1395, in _gcd_import
  File "<frozen importlib._bootstrap>", line 1360, in _find_and_load
  File "<frozen importlib._bootstrap>", line 1331, in _find_and_load_unlocked
  File "<frozen importlib._bootstrap>", line 935, in _load_unlocked
  File "<frozen importlib._bootstrap_external>", line 1023, in exec_module
  File "<frozen importlib._bootstrap>", line 488, in _call_with_frames_removed
  File "C:\Projects\customer-support-rag\.venv\Lib\site-packages\transformers\models\deformable_detr\image_processing_deformable_detr.py", line 25, in <module>
    from torchvision.io import read_image
ModuleNotFoundError: No module named 'torchvision'
2026-08-31 13:37:12.928 Examining the path of transformers.models.depth_pro.image_processing_depth_pro_fast raised:
Traceback (most recent call last):
  File "C:\Projects\customer-support-rag\.venv\Lib\site-packages\streamlit\watcher\local_sources_watcher.py", line 340, in get_module_paths
    potential_paths = extract_paths(module)
  File "C:\Projects\customer-support-rag\.venv\Lib\site-packages\streamlit\watcher\local_sources_watcher.py", line 327, in <lambda>
    if hasattr(m, "__path__")
       ~~~~~~~^^^^^^^^^^^^^^^
  File "C:\Projects\customer-support-rag\.venv\Lib\site-packages\transformers\__init__.py", line 865, in _getattr
    return getattr(importlib.import_module(target, __name__), name)
                   ~~~~~~~~~~~~~~~~~~~~~~~^^^^^^^^^^^^^^^^^^
  File "C:\Users\suryanarayanan\AppData\Local\Programs\Python\Python313\Lib\importlib\__init__.py", line 88, in import_module
    return _bootstrap._gcd_import(name[level:], package, level)
           ~~~~~~~~~~~~~~~~~~~~~~^^^^^^^^^^^^^^^^^^^^^^^^^^^^^^
  File "<frozen importlib._bootstrap>", line 1395, in _gcd_import
  File "<frozen importlib._bootstrap>", line 1360, in _find_and_load
  File "<frozen importlib._bootstrap>", line 1331, in _find_and_load_unlocked
  File "<frozen importlib._bootstrap>", line 935, in _load_unlocked
  File "<frozen importlib._bootstrap_external>", line 1023, in exec_module
  File "<frozen importlib._bootstrap>", line 488, in _call_with_frames_removed
  File "C:\Projects\customer-support-rag\.venv\Lib\site-packages\transformers\models\depth_pro\image_processing_depth_pro.py", line 19, in <module>
    from torchvision.transforms.v2 import functional as tvF
ModuleNotFoundError: No module named 'torchvision'
2026-08-31 13:37:12.932 Examining the path of transformers.models.detr.image_processing_detr_fast raised:
Traceback (most recent call last):
  File "C:\Projects\customer-support-rag\.venv\Lib\site-packages\streamlit\watcher\local_sources_watcher.py", line 340, in get_module_paths
    potential_paths = extract_paths(module)
  File "C:\Projects\customer-support-rag\.venv\Lib\site-packages\streamlit\watcher\local_sources_watcher.py", line 327, in <lambda>
    if hasattr(m, "__path__")
       ~~~~~~~^^^^^^^^^^^^^^^
  File "C:\Projects\customer-support-rag\.venv\Lib\site-packages\transformers\__init__.py", line 865, in _getattr
    return getattr(importlib.import_module(target, __name__), name)
                   ~~~~~~~~~~~~~~~~~~~~~~~^^^^^^^^^^^^^^^^^^
  File "C:\Users\suryanarayanan\AppData\Local\Programs\Python\Python313\Lib\importlib\__init__.py", line 88, in import_module
    return _bootstrap._gcd_import(name[level:], package, level)
           ~~~~~~~~~~~~~~~~~~~~~~^^^^^^^^^^^^^^^^^^^^^^^^^^^^^^
  File "<frozen importlib._bootstrap>", line 1395, in _gcd_import
  File "<frozen importlib._bootstrap>", line 1360, in _find_and_load
  File "<frozen importlib._bootstrap>", line 1331, in _find_and_load_unlocked
  File "<frozen importlib._bootstrap>", line 935, in _load_unlocked
  File "<frozen importlib._bootstrap_external>", line 1023, in exec_module
  File "<frozen importlib._bootstrap>", line 488, in _call_with_frames_removed
  File "C:\Projects\customer-support-rag\.venv\Lib\site-packages\transformers\models\detr\image_processing_detr.py", line 22, in <module>
    from torchvision.io import read_image
ModuleNotFoundError: No module named 'torchvision'
2026-08-31 13:37:12.941 Examining the path of transformers.models.dinov3_vit.image_processing_dinov3_vit_fast raised:
Traceback (most recent call last):
  File "C:\Projects\customer-support-rag\.venv\Lib\site-packages\streamlit\watcher\local_sources_watcher.py", line 340, in get_module_paths
    potential_paths = extract_paths(module)
  File "C:\Projects\customer-support-rag\.venv\Lib\site-packages\streamlit\watcher\local_sources_watcher.py", line 327, in <lambda>
    if hasattr(m, "__path__")
       ~~~~~~~^^^^^^^^^^^^^^^
  File "C:\Projects\customer-support-rag\.venv\Lib\site-packages\transformers\__init__.py", line 865, in _getattr
    return getattr(importlib.import_module(target, __name__), name)
                   ~~~~~~~~~~~~~~~~~~~~~~~^^^^^^^^^^^^^^^^^^
  File "C:\Users\suryanarayanan\AppData\Local\Programs\Python\Python313\Lib\importlib\__init__.py", line 88, in import_module
    return _bootstrap._gcd_import(name[level:], package, level)
           ~~~~~~~~~~~~~~~~~~~~~~^^^^^^^^^^^^^^^^^^^^^^^^^^^^^^
  File "<frozen importlib._bootstrap>", line 1395, in _gcd_import
  File "<frozen importlib._bootstrap>", line 1360, in _find_and_load
  File "<frozen importlib._bootstrap>", line 1331, in _find_and_load_unlocked
  File "<frozen importlib._bootstrap>", line 935, in _load_unlocked
  File "<frozen importlib._bootstrap_external>", line 1023, in exec_module
  File "<frozen importlib._bootstrap>", line 488, in _call_with_frames_removed
  File "C:\Projects\customer-support-rag\.venv\Lib\site-packages\transformers\models\dinov3_vit\image_processing_dinov3_vit.py", line 17, in <module>
    from torchvision.transforms.v2 import functional as tvF
ModuleNotFoundError: No module named 'torchvision'
2026-08-31 13:37:12.946 Examining the path of transformers.models.donut.image_processing_donut_fast raised:
Traceback (most recent call last):
  File "C:\Projects\customer-support-rag\.venv\Lib\site-packages\streamlit\watcher\local_sources_watcher.py", line 340, in get_module_paths
    potential_paths = extract_paths(module)
  File "C:\Projects\customer-support-rag\.venv\Lib\site-packages\streamlit\watcher\local_sources_watcher.py", line 327, in <lambda>
    if hasattr(m, "__path__")
       ~~~~~~~^^^^^^^^^^^^^^^
  File "C:\Projects\customer-support-rag\.venv\Lib\site-packages\transformers\__init__.py", line 865, in _getattr
    return getattr(importlib.import_module(target, __name__), name)
                   ~~~~~~~~~~~~~~~~~~~~~~~^^^^^^^^^^^^^^^^^^
  File "C:\Users\suryanarayanan\AppData\Local\Programs\Python\Python313\Lib\importlib\__init__.py", line 88, in import_module
    return _bootstrap._gcd_import(name[level:], package, level)
           ~~~~~~~~~~~~~~~~~~~~~~^^^^^^^^^^^^^^^^^^^^^^^^^^^^^^
  File "<frozen importlib._bootstrap>", line 1395, in _gcd_import
  File "<frozen importlib._bootstrap>", line 1360, in _find_and_load
  File "<frozen importlib._bootstrap>", line 1331, in _find_and_load_unlocked
  File "<frozen importlib._bootstrap>", line 935, in _load_unlocked
  File "<frozen importlib._bootstrap_external>", line 1023, in exec_module
  File "<frozen importlib._bootstrap>", line 488, in _call_with_frames_removed
  File "C:\Projects\customer-support-rag\.venv\Lib\site-packages\transformers\models\donut\image_processing_donut.py", line 17, in <module>
    from torchvision.transforms.v2 import functional as tvF
ModuleNotFoundError: No module named 'torchvision'
2026-08-31 13:37:12.955 Examining the path of transformers.models.dpt.image_processing_dpt_fast raised:
Traceback (most recent call last):
  File "C:\Projects\customer-support-rag\.venv\Lib\site-packages\streamlit\watcher\local_sources_watcher.py", line 340, in get_module_paths
    potential_paths = extract_paths(module)
  File "C:\Projects\customer-support-rag\.venv\Lib\site-packages\streamlit\watcher\local_sources_watcher.py", line 327, in <lambda>
    if hasattr(m, "__path__")
       ~~~~~~~^^^^^^^^^^^^^^^
  File "C:\Projects\customer-support-rag\.venv\Lib\site-packages\transformers\__init__.py", line 865, in _getattr
    return getattr(importlib.import_module(target, __name__), name)
                   ~~~~~~~~~~~~~~~~~~~~~~~^^^^^^^^^^^^^^^^^^
  File "C:\Users\suryanarayanan\AppData\Local\Programs\Python\Python313\Lib\importlib\__init__.py", line 88, in import_module
    return _bootstrap._gcd_import(name[level:], package, level)
           ~~~~~~~~~~~~~~~~~~~~~~^^^^^^^^^^^^^^^^^^^^^^^^^^^^^^
  File "<frozen importlib._bootstrap>", line 1395, in _gcd_import
  File "<frozen importlib._bootstrap>", line 1360, in _find_and_load
  File "<frozen importlib._bootstrap>", line 1331, in _find_and_load_unlocked
  File "<frozen importlib._bootstrap>", line 935, in _load_unlocked
  File "<frozen importlib._bootstrap_external>", line 1023, in exec_module
  File "<frozen importlib._bootstrap>", line 488, in _call_with_frames_removed
  File "C:\Projects\customer-support-rag\.venv\Lib\site-packages\transformers\models\dpt\image_processing_dpt.py", line 28, in <module>
    from torchvision.transforms.v2 import functional as tvF
ModuleNotFoundError: No module named 'torchvision'
2026-08-31 13:37:12.961 Examining the path of transformers.models.efficientloftr.image_processing_efficientloftr_fast raised:
Traceback (most recent call last):
  File "C:\Projects\customer-support-rag\.venv\Lib\site-packages\streamlit\watcher\local_sources_watcher.py", line 340, in get_module_paths
    potential_paths = extract_paths(module)
  File "C:\Projects\customer-support-rag\.venv\Lib\site-packages\streamlit\watcher\local_sources_watcher.py", line 327, in <lambda>
    if hasattr(m, "__path__")
       ~~~~~~~^^^^^^^^^^^^^^^
  File "C:\Projects\customer-support-rag\.venv\Lib\site-packages\transformers\__init__.py", line 865, in _getattr
    return getattr(importlib.import_module(target, __name__), name)
                   ~~~~~~~~~~~~~~~~~~~~~~~^^^^^^^^^^^^^^^^^^
  File "C:\Users\suryanarayanan\AppData\Local\Programs\Python\Python313\Lib\importlib\__init__.py", line 88, in import_module
    return _bootstrap._gcd_import(name[level:], package, level)
           ~~~~~~~~~~~~~~~~~~~~~~^^^^^^^^^^^^^^^^^^^^^^^^^^^^^^
  File "<frozen importlib._bootstrap>", line 1395, in _gcd_import
  File "<frozen importlib._bootstrap>", line 1360, in _find_and_load
  File "<frozen importlib._bootstrap>", line 1331, in _find_and_load_unlocked
  File "<frozen importlib._bootstrap>", line 935, in _load_unlocked
  File "<frozen importlib._bootstrap_external>", line 1023, in exec_module
  File "<frozen importlib._bootstrap>", line 488, in _call_with_frames_removed
  File "C:\Projects\customer-support-rag\.venv\Lib\site-packages\transformers\models\efficientloftr\image_processing_efficientloftr.py", line 10, in <module>
    from torchvision.transforms.v2 import functional as tvF
ModuleNotFoundError: No module named 'torchvision'
2026-08-31 13:37:12.968 Examining the path of transformers.models.efficientnet.image_processing_efficientnet_fast raised:
Traceback (most recent call last):
  File "C:\Projects\customer-support-rag\.venv\Lib\site-packages\streamlit\watcher\local_sources_watcher.py", line 340, in get_module_paths
    potential_paths = extract_paths(module)
  File "C:\Projects\customer-support-rag\.venv\Lib\site-packages\streamlit\watcher\local_sources_watcher.py", line 327, in <lambda>
    if hasattr(m, "__path__")
       ~~~~~~~^^^^^^^^^^^^^^^
  File "C:\Projects\customer-support-rag\.venv\Lib\site-packages\transformers\__init__.py", line 865, in _getattr
    return getattr(importlib.import_module(target, __name__), name)
                   ~~~~~~~~~~~~~~~~~~~~~~~^^^^^^^^^^^^^^^^^^
  File "C:\Users\suryanarayanan\AppData\Local\Programs\Python\Python313\Lib\importlib\__init__.py", line 88, in import_module
    return _bootstrap._gcd_import(name[level:], package, level)
           ~~~~~~~~~~~~~~~~~~~~~~^^^^^^^^^^^^^^^^^^^^^^^^^^^^^^
  File "<frozen importlib._bootstrap>", line 1395, in _gcd_import
  File "<frozen importlib._bootstrap>", line 1360, in _find_and_load
  File "<frozen importlib._bootstrap>", line 1331, in _find_and_load_unlocked
  File "<frozen importlib._bootstrap>", line 935, in _load_unlocked
  File "<frozen importlib._bootstrap_external>", line 1023, in exec_module
  File "<frozen importlib._bootstrap>", line 488, in _call_with_frames_removed
  File "C:\Projects\customer-support-rag\.venv\Lib\site-packages\transformers\models\efficientnet\image_processing_efficientnet.py", line 20, in <module>
    from torchvision.transforms.v2 import functional as tvF
ModuleNotFoundError: No module named 'torchvision'
2026-08-31 13:37:12.975 Examining the path of transformers.models.eomt.image_processing_eomt_fast raised:
Traceback (most recent call last):
  File "C:\Projects\customer-support-rag\.venv\Lib\site-packages\streamlit\watcher\local_sources_watcher.py", line 340, in get_module_paths
    potential_paths = extract_paths(module)
  File "C:\Projects\customer-support-rag\.venv\Lib\site-packages\streamlit\watcher\local_sources_watcher.py", line 327, in <lambda>
    if hasattr(m, "__path__")
       ~~~~~~~^^^^^^^^^^^^^^^
  File "C:\Projects\customer-support-rag\.venv\Lib\site-packages\transformers\__init__.py", line 865, in _getattr
    return getattr(importlib.import_module(target, __name__), name)
                   ~~~~~~~~~~~~~~~~~~~~~~~^^^^^^^^^^^^^^^^^^
  File "C:\Users\suryanarayanan\AppData\Local\Programs\Python\Python313\Lib\importlib\__init__.py", line 88, in import_module
    return _bootstrap._gcd_import(name[level:], package, level)
           ~~~~~~~~~~~~~~~~~~~~~~^^^^^^^^^^^^^^^^^^^^^^^^^^^^^^
  File "<frozen importlib._bootstrap>", line 1395, in _gcd_import
  File "<frozen importlib._bootstrap>", line 1360, in _find_and_load
  File "<frozen importlib._bootstrap>", line 1331, in _find_and_load_unlocked
  File "<frozen importlib._bootstrap>", line 935, in _load_unlocked
  File "<frozen importlib._bootstrap_external>", line 1023, in exec_module
  File "<frozen importlib._bootstrap>", line 488, in _call_with_frames_removed
  File "C:\Projects\customer-support-rag\.venv\Lib\site-packages\transformers\models\eomt\image_processing_eomt.py", line 20, in <module>
    from torchvision.transforms.v2 import functional as tvF
ModuleNotFoundError: No module named 'torchvision'
2026-08-31 13:37:12.981 Examining the path of transformers.models.ernie4_5_vl_moe.image_processing_ernie4_5_vl_moe_fast raised:
Traceback (most recent call last):
  File "C:\Projects\customer-support-rag\.venv\Lib\site-packages\streamlit\watcher\local_sources_watcher.py", line 340, in get_module_paths
    potential_paths = extract_paths(module)
  File "C:\Projects\customer-support-rag\.venv\Lib\site-packages\streamlit\watcher\local_sources_watcher.py", line 327, in <lambda>
    if hasattr(m, "__path__")
       ~~~~~~~^^^^^^^^^^^^^^^
  File "C:\Projects\customer-support-rag\.venv\Lib\site-packages\transformers\__init__.py", line 865, in _getattr
    return getattr(importlib.import_module(target, __name__), name)
                   ~~~~~~~~~~~~~~~~~~~~~~~^^^^^^^^^^^^^^^^^^
  File "C:\Users\suryanarayanan\AppData\Local\Programs\Python\Python313\Lib\importlib\__init__.py", line 88, in import_module
    return _bootstrap._gcd_import(name[level:], package, level)
           ~~~~~~~~~~~~~~~~~~~~~~^^^^^^^^^^^^^^^^^^^^^^^^^^^^^^
  File "<frozen importlib._bootstrap>", line 1395, in _gcd_import
  File "<frozen importlib._bootstrap>", line 1360, in _find_and_load
  File "<frozen importlib._bootstrap>", line 1331, in _find_and_load_unlocked
  File "<frozen importlib._bootstrap>", line 935, in _load_unlocked
  File "<frozen importlib._bootstrap_external>", line 1023, in exec_module
  File "<frozen importlib._bootstrap>", line 488, in _call_with_frames_removed
  File "C:\Projects\customer-support-rag\.venv\Lib\site-packages\transformers\models\ernie4_5_vl_moe\image_processing_ernie4_5_vl_moe.py", line 24, in <module>
    from torchvision.transforms.v2 import functional as tvF
ModuleNotFoundError: No module named 'torchvision'
2026-08-31 13:37:12.986 Examining the path of transformers.models.flava.image_processing_flava_fast raised:
Traceback (most recent call last):
  File "C:\Projects\customer-support-rag\.venv\Lib\site-packages\streamlit\watcher\local_sources_watcher.py", line 340, in get_module_paths
    potential_paths = extract_paths(module)
  File "C:\Projects\customer-support-rag\.venv\Lib\site-packages\streamlit\watcher\local_sources_watcher.py", line 327, in <lambda>
    if hasattr(m, "__path__")
       ~~~~~~~^^^^^^^^^^^^^^^
  File "C:\Projects\customer-support-rag\.venv\Lib\site-packages\transformers\__init__.py", line 865, in _getattr
    return getattr(importlib.import_module(target, __name__), name)
                   ~~~~~~~~~~~~~~~~~~~~~~~^^^^^^^^^^^^^^^^^^
  File "C:\Users\suryanarayanan\AppData\Local\Programs\Python\Python313\Lib\importlib\__init__.py", line 88, in import_module
    return _bootstrap._gcd_import(name[level:], package, level)
           ~~~~~~~~~~~~~~~~~~~~~~^^^^^^^^^^^^^^^^^^^^^^^^^^^^^^
  File "<frozen importlib._bootstrap>", line 1395, in _gcd_import
  File "<frozen importlib._bootstrap>", line 1360, in _find_and_load
  File "<frozen importlib._bootstrap>", line 1331, in _find_and_load_unlocked
  File "<frozen importlib._bootstrap>", line 935, in _load_unlocked
  File "<frozen importlib._bootstrap_external>", line 1023, in exec_module
  File "<frozen importlib._bootstrap>", line 488, in _call_with_frames_removed
  File "C:\Projects\customer-support-rag\.venv\Lib\site-packages\transformers\models\flava\image_processing_flava.py", line 23, in <module>
    from torchvision.transforms.v2 import functional as tvF
ModuleNotFoundError: No module named 'torchvision'
2026-08-31 13:37:12.992 Examining the path of transformers.models.fuyu.image_processing_fuyu_fast raised:
Traceback (most recent call last):
  File "C:\Projects\customer-support-rag\.venv\Lib\site-packages\streamlit\watcher\local_sources_watcher.py", line 340, in get_module_paths
    potential_paths = extract_paths(module)
  File "C:\Projects\customer-support-rag\.venv\Lib\site-packages\streamlit\watcher\local_sources_watcher.py", line 327, in <lambda>
    if hasattr(m, "__path__")
       ~~~~~~~^^^^^^^^^^^^^^^
  File "C:\Projects\customer-support-rag\.venv\Lib\site-packages\transformers\__init__.py", line 865, in _getattr
    return getattr(importlib.import_module(target, __name__), name)
                   ~~~~~~~~~~~~~~~~~~~~~~~^^^^^^^^^^^^^^^^^^
  File "C:\Users\suryanarayanan\AppData\Local\Programs\Python\Python313\Lib\importlib\__init__.py", line 88, in import_module
    return _bootstrap._gcd_import(name[level:], package, level)
           ~~~~~~~~~~~~~~~~~~~~~~^^^^^^^^^^^^^^^^^^^^^^^^^^^^^^
  File "<frozen importlib._bootstrap>", line 1395, in _gcd_import
  File "<frozen importlib._bootstrap>", line 1360, in _find_and_load
  File "<frozen importlib._bootstrap>", line 1331, in _find_and_load_unlocked
  File "<frozen importlib._bootstrap>", line 935, in _load_unlocked
  File "<frozen importlib._bootstrap_external>", line 1023, in exec_module
  File "<frozen importlib._bootstrap>", line 488, in _call_with_frames_removed
  File "C:\Projects\customer-support-rag\.venv\Lib\site-packages\transformers\models\fuyu\image_processing_fuyu.py", line 19, in <module>
    from torchvision.transforms.v2 import functional as tvF
ModuleNotFoundError: No module named 'torchvision'
2026-08-31 13:37:12.997 Examining the path of transformers.models.gemma3.image_processing_gemma3_fast raised:
Traceback (most recent call last):
  File "C:\Projects\customer-support-rag\.venv\Lib\site-packages\streamlit\watcher\local_sources_watcher.py", line 340, in get_module_paths
    potential_paths = extract_paths(module)
  File "C:\Projects\customer-support-rag\.venv\Lib\site-packages\streamlit\watcher\local_sources_watcher.py", line 327, in <lambda>
    if hasattr(m, "__path__")
       ~~~~~~~^^^^^^^^^^^^^^^
  File "C:\Projects\customer-support-rag\.venv\Lib\site-packages\transformers\__init__.py", line 865, in _getattr
    return getattr(importlib.import_module(target, __name__), name)
                   ~~~~~~~~~~~~~~~~~~~~~~~^^^^^^^^^^^^^^^^^^
  File "C:\Users\suryanarayanan\AppData\Local\Programs\Python\Python313\Lib\importlib\__init__.py", line 88, in import_module
    return _bootstrap._gcd_import(name[level:], package, level)
           ~~~~~~~~~~~~~~~~~~~~~~^^^^^^^^^^^^^^^^^^^^^^^^^^^^^^
  File "<frozen importlib._bootstrap>", line 1395, in _gcd_import
  File "<frozen importlib._bootstrap>", line 1360, in _find_and_load
  File "<frozen importlib._bootstrap>", line 1331, in _find_and_load_unlocked
  File "<frozen importlib._bootstrap>", line 935, in _load_unlocked
  File "<frozen importlib._bootstrap_external>", line 1023, in exec_module
  File "<frozen importlib._bootstrap>", line 488, in _call_with_frames_removed
  File "C:\Projects\customer-support-rag\.venv\Lib\site-packages\transformers\models\gemma3\image_processing_gemma3.py", line 20, in <module>
    from torchvision.transforms.v2 import functional as tvF
ModuleNotFoundError: No module named 'torchvision'
2026-08-31 13:37:13.003 Examining the path of transformers.models.gemma4.image_processing_gemma4_fast raised:
Traceback (most recent call last):
  File "C:\Projects\customer-support-rag\.venv\Lib\site-packages\streamlit\watcher\local_sources_watcher.py", line 340, in get_module_paths
    potential_paths = extract_paths(module)
  File "C:\Projects\customer-support-rag\.venv\Lib\site-packages\streamlit\watcher\local_sources_watcher.py", line 327, in <lambda>
    if hasattr(m, "__path__")
       ~~~~~~~^^^^^^^^^^^^^^^
  File "C:\Projects\customer-support-rag\.venv\Lib\site-packages\transformers\__init__.py", line 865, in _getattr
    return getattr(importlib.import_module(target, __name__), name)
                   ~~~~~~~~~~~~~~~~~~~~~~~^^^^^^^^^^^^^^^^^^
  File "C:\Users\suryanarayanan\AppData\Local\Programs\Python\Python313\Lib\importlib\__init__.py", line 88, in import_module
    return _bootstrap._gcd_import(name[level:], package, level)
           ~~~~~~~~~~~~~~~~~~~~~~^^^^^^^^^^^^^^^^^^^^^^^^^^^^^^
  File "<frozen importlib._bootstrap>", line 1395, in _gcd_import
  File "<frozen importlib._bootstrap>", line 1360, in _find_and_load
  File "<frozen importlib._bootstrap>", line 1331, in _find_and_load_unlocked
  File "<frozen importlib._bootstrap>", line 935, in _load_unlocked
  File "<frozen importlib._bootstrap_external>", line 1023, in exec_module
  File "<frozen importlib._bootstrap>", line 488, in _call_with_frames_removed
  File "C:\Projects\customer-support-rag\.venv\Lib\site-packages\transformers\models\gemma4\image_processing_gemma4.py", line 17, in <module>
    from torchvision.transforms.v2 import functional as tvF
ModuleNotFoundError: No module named 'torchvision'
2026-08-31 13:37:13.008 Examining the path of transformers.models.gemma4_unified.image_processing_gemma4_unified_fast raised:
Traceback (most recent call last):
  File "C:\Projects\customer-support-rag\.venv\Lib\site-packages\streamlit\watcher\local_sources_watcher.py", line 340, in get_module_paths
    potential_paths = extract_paths(module)
  File "C:\Projects\customer-support-rag\.venv\Lib\site-packages\streamlit\watcher\local_sources_watcher.py", line 327, in <lambda>
    if hasattr(m, "__path__")
       ~~~~~~~^^^^^^^^^^^^^^^
  File "C:\Projects\customer-support-rag\.venv\Lib\site-packages\transformers\__init__.py", line 865, in _getattr
    return getattr(importlib.import_module(target, __name__), name)
                   ~~~~~~~~~~~~~~~~~~~~~~~^^^^^^^^^^^^^^^^^^
  File "C:\Users\suryanarayanan\AppData\Local\Programs\Python\Python313\Lib\importlib\__init__.py", line 88, in import_module
    return _bootstrap._gcd_import(name[level:], package, level)
           ~~~~~~~~~~~~~~~~~~~~~~^^^^^^^^^^^^^^^^^^^^^^^^^^^^^^
  File "<frozen importlib._bootstrap>", line 1395, in _gcd_import
  File "<frozen importlib._bootstrap>", line 1360, in _find_and_load
  File "<frozen importlib._bootstrap>", line 1331, in _find_and_load_unlocked
  File "<frozen importlib._bootstrap>", line 935, in _load_unlocked
  File "<frozen importlib._bootstrap_external>", line 1023, in exec_module
  File "<frozen importlib._bootstrap>", line 488, in _call_with_frames_removed
  File "C:\Projects\customer-support-rag\.venv\Lib\site-packages\transformers\models\gemma4_unified\image_processing_gemma4_unified.py", line 23, in <module>
    from torchvision.transforms.v2 import functional as tvF
ModuleNotFoundError: No module named 'torchvision'
2026-08-31 13:37:13.012 Examining the path of transformers.models.glm46v.image_processing_glm46v_fast raised:
Traceback (most recent call last):
  File "C:\Projects\customer-support-rag\.venv\Lib\site-packages\streamlit\watcher\local_sources_watcher.py", line 340, in get_module_paths
    potential_paths = extract_paths(module)
  File "C:\Projects\customer-support-rag\.venv\Lib\site-packages\streamlit\watcher\local_sources_watcher.py", line 327, in <lambda>
    if hasattr(m, "__path__")
       ~~~~~~~^^^^^^^^^^^^^^^
  File "C:\Projects\customer-support-rag\.venv\Lib\site-packages\transformers\__init__.py", line 865, in _getattr
    return getattr(importlib.import_module(target, __name__), name)
                   ~~~~~~~~~~~~~~~~~~~~~~~^^^^^^^^^^^^^^^^^^
  File "C:\Users\suryanarayanan\AppData\Local\Programs\Python\Python313\Lib\importlib\__init__.py", line 88, in import_module
    return _bootstrap._gcd_import(name[level:], package, level)
           ~~~~~~~~~~~~~~~~~~~~~~^^^^^^^^^^^^^^^^^^^^^^^^^^^^^^
  File "<frozen importlib._bootstrap>", line 1395, in _gcd_import
  File "<frozen importlib._bootstrap>", line 1360, in _find_and_load
  File "<frozen importlib._bootstrap>", line 1331, in _find_and_load_unlocked
  File "<frozen importlib._bootstrap>", line 935, in _load_unlocked
  File "<frozen importlib._bootstrap_external>", line 1023, in exec_module
  File "<frozen importlib._bootstrap>", line 488, in _call_with_frames_removed
  File "C:\Projects\customer-support-rag\.venv\Lib\site-packages\transformers\models\glm46v\image_processing_glm46v.py", line 25, in <module>
    from torchvision.transforms.v2 import functional as tvF
ModuleNotFoundError: No module named 'torchvision'
2026-08-31 13:37:13.016 Examining the path of transformers.models.glm4v.image_processing_glm4v_fast raised:
Traceback (most recent call last):
  File "C:\Projects\customer-support-rag\.venv\Lib\site-packages\streamlit\watcher\local_sources_watcher.py", line 340, in get_module_paths
    potential_paths = extract_paths(module)
  File "C:\Projects\customer-support-rag\.venv\Lib\site-packages\streamlit\watcher\local_sources_watcher.py", line 327, in <lambda>
    if hasattr(m, "__path__")
       ~~~~~~~^^^^^^^^^^^^^^^
  File "C:\Projects\customer-support-rag\.venv\Lib\site-packages\transformers\__init__.py", line 865, in _getattr
    return getattr(importlib.import_module(target, __name__), name)
                   ~~~~~~~~~~~~~~~~~~~~~~~^^^^^^^^^^^^^^^^^^
  File "C:\Users\suryanarayanan\AppData\Local\Programs\Python\Python313\Lib\importlib\__init__.py", line 88, in import_module
    return _bootstrap._gcd_import(name[level:], package, level)
           ~~~~~~~~~~~~~~~~~~~~~~^^^^^^^^^^^^^^^^^^^^^^^^^^^^^^
  File "<frozen importlib._bootstrap>", line 1395, in _gcd_import
  File "<frozen importlib._bootstrap>", line 1360, in _find_and_load
  File "<frozen importlib._bootstrap>", line 1331, in _find_and_load_unlocked
  File "<frozen importlib._bootstrap>", line 935, in _load_unlocked
  File "<frozen importlib._bootstrap_external>", line 1023, in exec_module
  File "<frozen importlib._bootstrap>", line 488, in _call_with_frames_removed
  File "C:\Projects\customer-support-rag\.venv\Lib\site-packages\transformers\models\glm4v\image_processing_glm4v.py", line 19, in <module>
    from torchvision.transforms.v2 import functional as tvF
ModuleNotFoundError: No module named 'torchvision'
2026-08-31 13:37:13.021 Examining the path of transformers.models.glm5_next.image_processing_glm5_next_fast raised:
Traceback (most recent call last):
  File "C:\Projects\customer-support-rag\.venv\Lib\site-packages\streamlit\watcher\local_sources_watcher.py", line 340, in get_module_paths
    potential_paths = extract_paths(module)
  File "C:\Projects\customer-support-rag\.venv\Lib\site-packages\streamlit\watcher\local_sources_watcher.py", line 327, in <lambda>
    if hasattr(m, "__path__")
       ~~~~~~~^^^^^^^^^^^^^^^
  File "C:\Projects\customer-support-rag\.venv\Lib\site-packages\transformers\__init__.py", line 865, in _getattr
    return getattr(importlib.import_module(target, __name__), name)
                   ~~~~~~~~~~~~~~~~~~~~~~~^^^^^^^^^^^^^^^^^^
  File "C:\Users\suryanarayanan\AppData\Local\Programs\Python\Python313\Lib\importlib\__init__.py", line 88, in import_module
    return _bootstrap._gcd_import(name[level:], package, level)
           ~~~~~~~~~~~~~~~~~~~~~~^^^^^^^^^^^^^^^^^^^^^^^^^^^^^^
  File "<frozen importlib._bootstrap>", line 1395, in _gcd_import
  File "<frozen importlib._bootstrap>", line 1360, in _find_and_load
  File "<frozen importlib._bootstrap>", line 1331, in _find_and_load_unlocked
  File "<frozen importlib._bootstrap>", line 935, in _load_unlocked
  File "<frozen importlib._bootstrap_external>", line 1023, in exec_module
  File "<frozen importlib._bootstrap>", line 488, in _call_with_frames_removed
  File "C:\Projects\customer-support-rag\.venv\Lib\site-packages\transformers\models\glm5_next\image_processing_glm5_next.py", line 24, in <module>
    from torchvision.transforms.v2 import functional as tvF
ModuleNotFoundError: No module named 'torchvision'
2026-08-31 13:37:13.025 Examining the path of transformers.models.glm_image.image_processing_glm_image_fast raised:
Traceback (most recent call last):
  File "C:\Projects\customer-support-rag\.venv\Lib\site-packages\streamlit\watcher\local_sources_watcher.py", line 340, in get_module_paths
    potential_paths = extract_paths(module)
  File "C:\Projects\customer-support-rag\.venv\Lib\site-packages\streamlit\watcher\local_sources_watcher.py", line 327, in <lambda>
    if hasattr(m, "__path__")
       ~~~~~~~^^^^^^^^^^^^^^^
  File "C:\Projects\customer-support-rag\.venv\Lib\site-packages\transformers\__init__.py", line 865, in _getattr
    return getattr(importlib.import_module(target, __name__), name)
                   ~~~~~~~~~~~~~~~~~~~~~~~^^^^^^^^^^^^^^^^^^
  File "C:\Users\suryanarayanan\AppData\Local\Programs\Python\Python313\Lib\importlib\__init__.py", line 88, in import_module
    return _bootstrap._gcd_import(name[level:], package, level)
           ~~~~~~~~~~~~~~~~~~~~~~^^^^^^^^^^^^^^^^^^^^^^^^^^^^^^
  File "<frozen importlib._bootstrap>", line 1395, in _gcd_import
  File "<frozen importlib._bootstrap>", line 1360, in _find_and_load
  File "<frozen importlib._bootstrap>", line 1331, in _find_and_load_unlocked
  File "<frozen importlib._bootstrap>", line 935, in _load_unlocked
  File "<frozen importlib._bootstrap_external>", line 1023, in exec_module
  File "<frozen importlib._bootstrap>", line 488, in _call_with_frames_removed
  File "C:\Projects\customer-support-rag\.venv\Lib\site-packages\transformers\models\glm_image\image_processing_glm_image.py", line 25, in <module>
    from torchvision.transforms.v2 import functional as tvF
ModuleNotFoundError: No module named 'torchvision'
2026-08-31 13:37:13.028 Examining the path of transformers.models.glmga.image_processing_glmga_fast raised:
Traceback (most recent call last):
  File "C:\Projects\customer-support-rag\.venv\Lib\site-packages\streamlit\watcher\local_sources_watcher.py", line 340, in get_module_paths
    potential_paths = extract_paths(module)
  File "C:\Projects\customer-support-rag\.venv\Lib\site-packages\streamlit\watcher\local_sources_watcher.py", line 327, in <lambda>
    if hasattr(m, "__path__")
       ~~~~~~~^^^^^^^^^^^^^^^
  File "C:\Projects\customer-support-rag\.venv\Lib\site-packages\transformers\__init__.py", line 865, in _getattr
    return getattr(importlib.import_module(target, __name__), name)
                   ~~~~~~~~~~~~~~~~~~~~~~~^^^^^^^^^^^^^^^^^^
  File "C:\Users\suryanarayanan\AppData\Local\Programs\Python\Python313\Lib\importlib\__init__.py", line 88, in import_module
    return _bootstrap._gcd_import(name[level:], package, level)
           ~~~~~~~~~~~~~~~~~~~~~~^^^^^^^^^^^^^^^^^^^^^^^^^^^^^^
  File "<frozen importlib._bootstrap>", line 1395, in _gcd_import
  File "<frozen importlib._bootstrap>", line 1360, in _find_and_load
  File "<frozen importlib._bootstrap>", line 1331, in _find_and_load_unlocked
  File "<frozen importlib._bootstrap>", line 935, in _load_unlocked
  File "<frozen importlib._bootstrap_external>", line 1023, in exec_module
  File "<frozen importlib._bootstrap>", line 488, in _call_with_frames_removed
  File "C:\Projects\customer-support-rag\.venv\Lib\site-packages\transformers\models\glmga\image_processing_glmga.py", line 24, in <module>
    from torchvision.transforms.v2 import functional as tvF
ModuleNotFoundError: No module named 'torchvision'
2026-08-31 13:37:13.033 Examining the path of transformers.models.glpn.image_processing_glpn_fast raised:
Traceback (most recent call last):
  File "C:\Projects\customer-support-rag\.venv\Lib\site-packages\streamlit\watcher\local_sources_watcher.py", line 340, in get_module_paths
    potential_paths = extract_paths(module)
  File "C:\Projects\customer-support-rag\.venv\Lib\site-packages\streamlit\watcher\local_sources_watcher.py", line 327, in <lambda>
    if hasattr(m, "__path__")
       ~~~~~~~^^^^^^^^^^^^^^^
  File "C:\Projects\customer-support-rag\.venv\Lib\site-packages\transformers\__init__.py", line 865, in _getattr
    return getattr(importlib.import_module(target, __name__), name)
                   ~~~~~~~~~~~~~~~~~~~~~~~^^^^^^^^^^^^^^^^^^
  File "C:\Users\suryanarayanan\AppData\Local\Programs\Python\Python313\Lib\importlib\__init__.py", line 88, in import_module
    return _bootstrap._gcd_import(name[level:], package, level)
           ~~~~~~~~~~~~~~~~~~~~~~^^^^^^^^^^^^^^^^^^^^^^^^^^^^^^
  File "<frozen importlib._bootstrap>", line 1395, in _gcd_import
  File "<frozen importlib._bootstrap>", line 1360, in _find_and_load
  File "<frozen importlib._bootstrap>", line 1331, in _find_and_load_unlocked
  File "<frozen importlib._bootstrap>", line 935, in _load_unlocked
  File "<frozen importlib._bootstrap_external>", line 1023, in exec_module
  File "<frozen importlib._bootstrap>", line 488, in _call_with_frames_removed
  File "C:\Projects\customer-support-rag\.venv\Lib\site-packages\transformers\models\glpn\image_processing_glpn.py", line 34, in <module>
    from torchvision.transforms.v2 import functional as tvF
ModuleNotFoundError: No module named 'torchvision'
2026-08-31 13:37:13.038 Examining the path of transformers.models.got_ocr2.image_processing_got_ocr2_fast raised:
Traceback (most recent call last):
  File "C:\Projects\customer-support-rag\.venv\Lib\site-packages\streamlit\watcher\local_sources_watcher.py", line 340, in get_module_paths
    potential_paths = extract_paths(module)
  File "C:\Projects\customer-support-rag\.venv\Lib\site-packages\streamlit\watcher\local_sources_watcher.py", line 327, in <lambda>
    if hasattr(m, "__path__")
       ~~~~~~~^^^^^^^^^^^^^^^
  File "C:\Projects\customer-support-rag\.venv\Lib\site-packages\transformers\__init__.py", line 865, in _getattr
    return getattr(importlib.import_module(target, __name__), name)
                   ~~~~~~~~~~~~~~~~~~~~~~~^^^^^^^^^^^^^^^^^^
  File "C:\Users\suryanarayanan\AppData\Local\Programs\Python\Python313\Lib\importlib\__init__.py", line 88, in import_module
    return _bootstrap._gcd_import(name[level:], package, level)
           ~~~~~~~~~~~~~~~~~~~~~~^^^^^^^^^^^^^^^^^^^^^^^^^^^^^^
  File "<frozen importlib._bootstrap>", line 1395, in _gcd_import
  File "<frozen importlib._bootstrap>", line 1360, in _find_and_load
  File "<frozen importlib._bootstrap>", line 1331, in _find_and_load_unlocked
  File "<frozen importlib._bootstrap>", line 935, in _load_unlocked
  File "<frozen importlib._bootstrap_external>", line 1023, in exec_module
  File "<frozen importlib._bootstrap>", line 488, in _call_with_frames_removed
  File "C:\Projects\customer-support-rag\.venv\Lib\site-packages\transformers\models\got_ocr2\image_processing_got_ocr2.py", line 19, in <module>
    from torchvision.transforms.v2 import functional as tvF
ModuleNotFoundError: No module named 'torchvision'
2026-08-31 13:37:13.044 Examining the path of transformers.models.grounding_dino.image_processing_grounding_dino_fast raised:
Traceback (most recent call last):
  File "C:\Projects\customer-support-rag\.venv\Lib\site-packages\streamlit\watcher\local_sources_watcher.py", line 340, in get_module_paths
    potential_paths = extract_paths(module)
  File "C:\Projects\customer-support-rag\.venv\Lib\site-packages\streamlit\watcher\local_sources_watcher.py", line 327, in <lambda>
    if hasattr(m, "__path__")
       ~~~~~~~^^^^^^^^^^^^^^^
  File "C:\Projects\customer-support-rag\.venv\Lib\site-packages\transformers\__init__.py", line 865, in _getattr
    return getattr(importlib.import_module(target, __name__), name)
                   ~~~~~~~~~~~~~~~~~~~~~~~^^^^^^^^^^^^^^^^^^
  File "C:\Users\suryanarayanan\AppData\Local\Programs\Python\Python313\Lib\importlib\__init__.py", line 88, in import_module
    return _bootstrap._gcd_import(name[level:], package, level)
           ~~~~~~~~~~~~~~~~~~~~~~^^^^^^^^^^^^^^^^^^^^^^^^^^^^^^
  File "<frozen importlib._bootstrap>", line 1395, in _gcd_import
  File "<frozen importlib._bootstrap>", line 1360, in _find_and_load
  File "<frozen importlib._bootstrap>", line 1331, in _find_and_load_unlocked
  File "<frozen importlib._bootstrap>", line 935, in _load_unlocked
  File "<frozen importlib._bootstrap_external>", line 1023, in exec_module
  File "<frozen importlib._bootstrap>", line 488, in _call_with_frames_removed
  File "C:\Projects\customer-support-rag\.venv\Lib\site-packages\transformers\models\grounding_dino\image_processing_grounding_dino.py", line 30, in <module>
    from torchvision.io import read_image
ModuleNotFoundError: No module named 'torchvision'
2026-08-31 13:37:13.049 Examining the path of transformers.models.hunyuan_vl.image_processing_hunyuan_vl_fast raised:
Traceback (most recent call last):
  File "C:\Projects\customer-support-rag\.venv\Lib\site-packages\streamlit\watcher\local_sources_watcher.py", line 340, in get_module_paths
    potential_paths = extract_paths(module)
  File "C:\Projects\customer-support-rag\.venv\Lib\site-packages\streamlit\watcher\local_sources_watcher.py", line 327, in <lambda>
    if hasattr(m, "__path__")
       ~~~~~~~^^^^^^^^^^^^^^^
  File "C:\Projects\customer-support-rag\.venv\Lib\site-packages\transformers\__init__.py", line 865, in _getattr
    return getattr(importlib.import_module(target, __name__), name)
                   ~~~~~~~~~~~~~~~~~~~~~~~^^^^^^^^^^^^^^^^^^
  File "C:\Users\suryanarayanan\AppData\Local\Programs\Python\Python313\Lib\importlib\__init__.py", line 88, in import_module
    return _bootstrap._gcd_import(name[level:], package, level)
           ~~~~~~~~~~~~~~~~~~~~~~^^^^^^^^^^^^^^^^^^^^^^^^^^^^^^
  File "<frozen importlib._bootstrap>", line 1395, in _gcd_import
  File "<frozen importlib._bootstrap>", line 1360, in _find_and_load
  File "<frozen importlib._bootstrap>", line 1331, in _find_and_load_unlocked
  File "<frozen importlib._bootstrap>", line 935, in _load_unlocked
  File "<frozen importlib._bootstrap_external>", line 1023, in exec_module
  File "<frozen importlib._bootstrap>", line 488, in _call_with_frames_removed
  File "C:\Projects\customer-support-rag\.venv\Lib\site-packages\transformers\models\hunyuan_vl\image_processing_hunyuan_vl.py", line 25, in <module>
    from torchvision.transforms.v2 import functional as tvF
ModuleNotFoundError: No module named 'torchvision'
2026-08-31 13:37:13.054 Examining the path of transformers.models.idefics2.image_processing_idefics2_fast raised:
Traceback (most recent call last):
  File "C:\Projects\customer-support-rag\.venv\Lib\site-packages\streamlit\watcher\local_sources_watcher.py", line 340, in get_module_paths
    potential_paths = extract_paths(module)
  File "C:\Projects\customer-support-rag\.venv\Lib\site-packages\streamlit\watcher\local_sources_watcher.py", line 327, in <lambda>
    if hasattr(m, "__path__")
       ~~~~~~~^^^^^^^^^^^^^^^
  File "C:\Projects\customer-support-rag\.venv\Lib\site-packages\transformers\__init__.py", line 865, in _getattr
    return getattr(importlib.import_module(target, __name__), name)
                   ~~~~~~~~~~~~~~~~~~~~~~~^^^^^^^^^^^^^^^^^^
  File "C:\Users\suryanarayanan\AppData\Local\Programs\Python\Python313\Lib\importlib\__init__.py", line 88, in import_module
    return _bootstrap._gcd_import(name[level:], package, level)
           ~~~~~~~~~~~~~~~~~~~~~~^^^^^^^^^^^^^^^^^^^^^^^^^^^^^^
  File "<frozen importlib._bootstrap>", line 1395, in _gcd_import
  File "<frozen importlib._bootstrap>", line 1360, in _find_and_load
  File "<frozen importlib._bootstrap>", line 1331, in _find_and_load_unlocked
  File "<frozen importlib._bootstrap>", line 935, in _load_unlocked
  File "<frozen importlib._bootstrap_external>", line 1023, in exec_module
  File "<frozen importlib._bootstrap>", line 488, in _call_with_frames_removed
  File "C:\Projects\customer-support-rag\.venv\Lib\site-packages\transformers\models\idefics2\image_processing_idefics2.py", line 37, in <module>
    from torchvision.transforms.v2 import functional as tvF
ModuleNotFoundError: No module named 'torchvision'
2026-08-31 13:37:13.059 Examining the path of transformers.models.idefics3.image_processing_idefics3_fast raised:
Traceback (most recent call last):
  File "C:\Projects\customer-support-rag\.venv\Lib\site-packages\streamlit\watcher\local_sources_watcher.py", line 340, in get_module_paths
    potential_paths = extract_paths(module)
  File "C:\Projects\customer-support-rag\.venv\Lib\site-packages\streamlit\watcher\local_sources_watcher.py", line 327, in <lambda>
    if hasattr(m, "__path__")
       ~~~~~~~^^^^^^^^^^^^^^^
  File "C:\Projects\customer-support-rag\.venv\Lib\site-packages\transformers\__init__.py", line 865, in _getattr
    return getattr(importlib.import_module(target, __name__), name)
                   ~~~~~~~~~~~~~~~~~~~~~~~^^^^^^^^^^^^^^^^^^
  File "C:\Users\suryanarayanan\AppData\Local\Programs\Python\Python313\Lib\importlib\__init__.py", line 88, in import_module
    return _bootstrap._gcd_import(name[level:], package, level)
           ~~~~~~~~~~~~~~~~~~~~~~^^^^^^^^^^^^^^^^^^^^^^^^^^^^^^
  File "<frozen importlib._bootstrap>", line 1395, in _gcd_import
  File "<frozen importlib._bootstrap>", line 1360, in _find_and_load
  File "<frozen importlib._bootstrap>", line 1331, in _find_and_load_unlocked
  File "<frozen importlib._bootstrap>", line 935, in _load_unlocked
  File "<frozen importlib._bootstrap_external>", line 1023, in exec_module
  File "<frozen importlib._bootstrap>", line 488, in _call_with_frames_removed
  File "C:\Projects\customer-support-rag\.venv\Lib\site-packages\transformers\models\idefics3\image_processing_idefics3.py", line 20, in <module>
    from torchvision.transforms.v2 import functional as tvF
ModuleNotFoundError: No module named 'torchvision'
2026-08-31 13:37:13.063 Examining the path of transformers.models.imagegpt.image_processing_imagegpt_fast raised:
Traceback (most recent call last):
  File "C:\Projects\customer-support-rag\.venv\Lib\site-packages\streamlit\watcher\local_sources_watcher.py", line 340, in get_module_paths
    potential_paths = extract_paths(module)
  File "C:\Projects\customer-support-rag\.venv\Lib\site-packages\streamlit\watcher\local_sources_watcher.py", line 327, in <lambda>
    if hasattr(m, "__path__")
       ~~~~~~~^^^^^^^^^^^^^^^
  File "C:\Projects\customer-support-rag\.venv\Lib\site-packages\transformers\__init__.py", line 865, in _getattr
    return getattr(importlib.import_module(target, __name__), name)
                   ~~~~~~~~~~~~~~~~~~~~~~~^^^^^^^^^^^^^^^^^^
  File "C:\Users\suryanarayanan\AppData\Local\Programs\Python\Python313\Lib\importlib\__init__.py", line 88, in import_module
    return _bootstrap._gcd_import(name[level:], package, level)
           ~~~~~~~~~~~~~~~~~~~~~~^^^^^^^^^^^^^^^^^^^^^^^^^^^^^^
  File "<frozen importlib._bootstrap>", line 1395, in _gcd_import
  File "<frozen importlib._bootstrap>", line 1360, in _find_and_load
  File "<frozen importlib._bootstrap>", line 1331, in _find_and_load_unlocked
  File "<frozen importlib._bootstrap>", line 935, in _load_unlocked
  File "<frozen importlib._bootstrap_external>", line 1023, in exec_module
  File "<frozen importlib._bootstrap>", line 488, in _call_with_frames_removed
  File "C:\Projects\customer-support-rag\.venv\Lib\site-packages\transformers\models\imagegpt\image_processing_imagegpt.py", line 20, in <module>
    from torchvision.transforms.v2 import functional as tvF
ModuleNotFoundError: No module named 'torchvision'
2026-08-31 13:37:13.069 Examining the path of transformers.models.inkling.image_processing_inkling_fast raised:
Traceback (most recent call last):
  File "C:\Projects\customer-support-rag\.venv\Lib\site-packages\streamlit\watcher\local_sources_watcher.py", line 340, in get_module_paths
    potential_paths = extract_paths(module)
  File "C:\Projects\customer-support-rag\.venv\Lib\site-packages\streamlit\watcher\local_sources_watcher.py", line 327, in <lambda>
    if hasattr(m, "__path__")
       ~~~~~~~^^^^^^^^^^^^^^^
  File "C:\Projects\customer-support-rag\.venv\Lib\site-packages\transformers\__init__.py", line 865, in _getattr
    return getattr(importlib.import_module(target, __name__), name)
                   ~~~~~~~~~~~~~~~~~~~~~~~^^^^^^^^^^^^^^^^^^
  File "C:\Users\suryanarayanan\AppData\Local\Programs\Python\Python313\Lib\importlib\__init__.py", line 88, in import_module
    return _bootstrap._gcd_import(name[level:], package, level)
           ~~~~~~~~~~~~~~~~~~~~~~^^^^^^^^^^^^^^^^^^^^^^^^^^^^^^
  File "<frozen importlib._bootstrap>", line 1395, in _gcd_import
  File "<frozen importlib._bootstrap>", line 1360, in _find_and_load
  File "<frozen importlib._bootstrap>", line 1331, in _find_and_load_unlocked
  File "<frozen importlib._bootstrap>", line 935, in _load_unlocked
  File "<frozen importlib._bootstrap_external>", line 1023, in exec_module
  File "<frozen importlib._bootstrap>", line 488, in _call_with_frames_removed
  File "C:\Projects\customer-support-rag\.venv\Lib\site-packages\transformers\models\inkling\image_processing_inkling.py", line 19, in <module>
    from torchvision.transforms.v2 import functional as tvF
ModuleNotFoundError: No module named 'torchvision'
2026-08-31 13:37:13.075 Examining the path of transformers.models.janus.image_processing_janus_fast raised:
Traceback (most recent call last):
  File "C:\Projects\customer-support-rag\.venv\Lib\site-packages\streamlit\watcher\local_sources_watcher.py", line 340, in get_module_paths
    potential_paths = extract_paths(module)
  File "C:\Projects\customer-support-rag\.venv\Lib\site-packages\streamlit\watcher\local_sources_watcher.py", line 327, in <lambda>
    if hasattr(m, "__path__")
       ~~~~~~~^^^^^^^^^^^^^^^
  File "C:\Projects\customer-support-rag\.venv\Lib\site-packages\transformers\__init__.py", line 865, in _getattr
    return getattr(importlib.import_module(target, __name__), name)
                   ~~~~~~~~~~~~~~~~~~~~~~~^^^^^^^^^^^^^^^^^^
  File "C:\Users\suryanarayanan\AppData\Local\Programs\Python\Python313\Lib\importlib\__init__.py", line 88, in import_module
    return _bootstrap._gcd_import(name[level:], package, level)
           ~~~~~~~~~~~~~~~~~~~~~~^^^^^^^^^^^^^^^^^^^^^^^^^^^^^^
  File "<frozen importlib._bootstrap>", line 1395, in _gcd_import
  File "<frozen importlib._bootstrap>", line 1360, in _find_and_load
  File "<frozen importlib._bootstrap>", line 1331, in _find_and_load_unlocked
  File "<frozen importlib._bootstrap>", line 935, in _load_unlocked
  File "<frozen importlib._bootstrap_external>", line 1023, in exec_module
  File "<frozen importlib._bootstrap>", line 488, in _call_with_frames_removed
  File "C:\Projects\customer-support-rag\.venv\Lib\site-packages\transformers\models\janus\image_processing_janus.py", line 17, in <module>
    import torchvision.transforms.v2.functional as tvF
ModuleNotFoundError: No module named 'torchvision'
2026-08-31 13:37:13.079 Examining the path of transformers.models.kimi_k25.image_processing_kimi_k25_fast raised:
Traceback (most recent call last):
  File "C:\Projects\customer-support-rag\.venv\Lib\site-packages\streamlit\watcher\local_sources_watcher.py", line 340, in get_module_paths
    potential_paths = extract_paths(module)
  File "C:\Projects\customer-support-rag\.venv\Lib\site-packages\streamlit\watcher\local_sources_watcher.py", line 327, in <lambda>
    if hasattr(m, "__path__")
       ~~~~~~~^^^^^^^^^^^^^^^
  File "C:\Projects\customer-support-rag\.venv\Lib\site-packages\transformers\__init__.py", line 865, in _getattr
    return getattr(importlib.import_module(target, __name__), name)
                   ~~~~~~~~~~~~~~~~~~~~~~~^^^^^^^^^^^^^^^^^^
  File "C:\Users\suryanarayanan\AppData\Local\Programs\Python\Python313\Lib\importlib\__init__.py", line 88, in import_module
    return _bootstrap._gcd_import(name[level:], package, level)
           ~~~~~~~~~~~~~~~~~~~~~~^^^^^^^^^^^^^^^^^^^^^^^^^^^^^^
  File "<frozen importlib._bootstrap>", line 1395, in _gcd_import
  File "<frozen importlib._bootstrap>", line 1360, in _find_and_load
  File "<frozen importlib._bootstrap>", line 1331, in _find_and_load_unlocked
  File "<frozen importlib._bootstrap>", line 935, in _load_unlocked
  File "<frozen importlib._bootstrap_external>", line 1023, in exec_module
  File "<frozen importlib._bootstrap>", line 488, in _call_with_frames_removed
  File "C:\Projects\customer-support-rag\.venv\Lib\site-packages\transformers\models\kimi_k25\image_processing_kimi_k25.py", line 19, in <module>
    from torchvision.transforms.v2 import functional as tvF
ModuleNotFoundError: No module named 'torchvision'
2026-08-31 13:37:13.085 Examining the path of transformers.models.layoutlmv2.image_processing_layoutlmv2_fast raised:
Traceback (most recent call last):
  File "C:\Projects\customer-support-rag\.venv\Lib\site-packages\streamlit\watcher\local_sources_watcher.py", line 340, in get_module_paths
    potential_paths = extract_paths(module)
  File "C:\Projects\customer-support-rag\.venv\Lib\site-packages\streamlit\watcher\local_sources_watcher.py", line 327, in <lambda>
    if hasattr(m, "__path__")
       ~~~~~~~^^^^^^^^^^^^^^^
  File "C:\Projects\customer-support-rag\.venv\Lib\site-packages\transformers\__init__.py", line 865, in _getattr
    return getattr(importlib.import_module(target, __name__), name)
                   ~~~~~~~~~~~~~~~~~~~~~~~^^^^^^^^^^^^^^^^^^
  File "C:\Users\suryanarayanan\AppData\Local\Programs\Python\Python313\Lib\importlib\__init__.py", line 88, in import_module
    return _bootstrap._gcd_import(name[level:], package, level)
           ~~~~~~~~~~~~~~~~~~~~~~^^^^^^^^^^^^^^^^^^^^^^^^^^^^^^
  File "<frozen importlib._bootstrap>", line 1395, in _gcd_import
  File "<frozen importlib._bootstrap>", line 1360, in _find_and_load
  File "<frozen importlib._bootstrap>", line 1331, in _find_and_load_unlocked
  File "<frozen importlib._bootstrap>", line 935, in _load_unlocked
  File "<frozen importlib._bootstrap_external>", line 1023, in exec_module
  File "<frozen importlib._bootstrap>", line 488, in _call_with_frames_removed
  File "C:\Projects\customer-support-rag\.venv\Lib\site-packages\transformers\models\layoutlmv2\image_processing_layoutlmv2.py", line 36, in <module>
    from torchvision.transforms.v2 import functional as tvF
ModuleNotFoundError: No module named 'torchvision'
2026-08-31 13:37:13.089 Examining the path of transformers.models.layoutlmv3.image_processing_layoutlmv3_fast raised:
Traceback (most recent call last):
  File "C:\Projects\customer-support-rag\.venv\Lib\site-packages\streamlit\watcher\local_sources_watcher.py", line 340, in get_module_paths
    potential_paths = extract_paths(module)
  File "C:\Projects\customer-support-rag\.venv\Lib\site-packages\streamlit\watcher\local_sources_watcher.py", line 327, in <lambda>
    if hasattr(m, "__path__")
       ~~~~~~~^^^^^^^^^^^^^^^
  File "C:\Projects\customer-support-rag\.venv\Lib\site-packages\transformers\__init__.py", line 865, in _getattr
    return getattr(importlib.import_module(target, __name__), name)
                   ~~~~~~~~~~~~~~~~~~~~~~~^^^^^^^^^^^^^^^^^^
  File "C:\Users\suryanarayanan\AppData\Local\Programs\Python\Python313\Lib\importlib\__init__.py", line 88, in import_module
    return _bootstrap._gcd_import(name[level:], package, level)
           ~~~~~~~~~~~~~~~~~~~~~~^^^^^^^^^^^^^^^^^^^^^^^^^^^^^^
  File "<frozen importlib._bootstrap>", line 1395, in _gcd_import
  File "<frozen importlib._bootstrap>", line 1360, in _find_and_load
  File "<frozen importlib._bootstrap>", line 1331, in _find_and_load_unlocked
  File "<frozen importlib._bootstrap>", line 935, in _load_unlocked
  File "<frozen importlib._bootstrap_external>", line 1023, in exec_module
  File "<frozen importlib._bootstrap>", line 488, in _call_with_frames_removed
  File "C:\Projects\customer-support-rag\.venv\Lib\site-packages\transformers\models\layoutlmv3\image_processing_layoutlmv3.py", line 42, in <module>
    from torchvision.transforms.v2 import functional as tvF
ModuleNotFoundError: No module named 'torchvision'
2026-08-31 13:37:13.094 Examining the path of transformers.models.levit.image_processing_levit_fast raised:
Traceback (most recent call last):
  File "C:\Projects\customer-support-rag\.venv\Lib\site-packages\streamlit\watcher\local_sources_watcher.py", line 340, in get_module_paths
    potential_paths = extract_paths(module)
  File "C:\Projects\customer-support-rag\.venv\Lib\site-packages\streamlit\watcher\local_sources_watcher.py", line 327, in <lambda>
    if hasattr(m, "__path__")
       ~~~~~~~^^^^^^^^^^^^^^^
  File "C:\Projects\customer-support-rag\.venv\Lib\site-packages\transformers\__init__.py", line 865, in _getattr
    return getattr(importlib.import_module(target, __name__), name)
                   ~~~~~~~~~~~~~~~~~~~~~~~^^^^^^^^^^^^^^^^^^
  File "C:\Users\suryanarayanan\AppData\Local\Programs\Python\Python313\Lib\importlib\__init__.py", line 88, in import_module
    return _bootstrap._gcd_import(name[level:], package, level)
           ~~~~~~~~~~~~~~~~~~~~~~^^^^^^^^^^^^^^^^^^^^^^^^^^^^^^
  File "<frozen importlib._bootstrap>", line 1395, in _gcd_import
  File "<frozen importlib._bootstrap>", line 1360, in _find_and_load
  File "<frozen importlib._bootstrap>", line 1331, in _find_and_load_unlocked
  File "<frozen importlib._bootstrap>", line 935, in _load_unlocked
  File "<frozen importlib._bootstrap_external>", line 1023, in exec_module
  File "<frozen importlib._bootstrap>", line 488, in _call_with_frames_removed
  File "C:\Projects\customer-support-rag\.venv\Lib\site-packages\transformers\models\levit\image_processing_levit.py", line 17, in <module>
    from torchvision.transforms.v2 import functional as tvF
ModuleNotFoundError: No module named 'torchvision'
2026-08-31 13:37:13.098 Examining the path of transformers.models.lfm2_vl.image_processing_lfm2_vl_fast raised:
Traceback (most recent call last):
  File "C:\Projects\customer-support-rag\.venv\Lib\site-packages\streamlit\watcher\local_sources_watcher.py", line 340, in get_module_paths
    potential_paths = extract_paths(module)
  File "C:\Projects\customer-support-rag\.venv\Lib\site-packages\streamlit\watcher\local_sources_watcher.py", line 327, in <lambda>
    if hasattr(m, "__path__")
       ~~~~~~~^^^^^^^^^^^^^^^
  File "C:\Projects\customer-support-rag\.venv\Lib\site-packages\transformers\__init__.py", line 865, in _getattr
    return getattr(importlib.import_module(target, __name__), name)
                   ~~~~~~~~~~~~~~~~~~~~~~~^^^^^^^^^^^^^^^^^^
  File "C:\Users\suryanarayanan\AppData\Local\Programs\Python\Python313\Lib\importlib\__init__.py", line 88, in import_module
    return _bootstrap._gcd_import(name[level:], package, level)
           ~~~~~~~~~~~~~~~~~~~~~~^^^^^^^^^^^^^^^^^^^^^^^^^^^^^^
  File "<frozen importlib._bootstrap>", line 1395, in _gcd_import
  File "<frozen importlib._bootstrap>", line 1360, in _find_and_load
  File "<frozen importlib._bootstrap>", line 1331, in _find_and_load_unlocked
  File "<frozen importlib._bootstrap>", line 935, in _load_unlocked
  File "<frozen importlib._bootstrap_external>", line 1023, in exec_module
  File "<frozen importlib._bootstrap>", line 488, in _call_with_frames_removed
  File "C:\Projects\customer-support-rag\.venv\Lib\site-packages\transformers\models\lfm2_vl\image_processing_lfm2_vl.py", line 18, in <module>
    from torchvision.transforms.v2 import functional as tvF
ModuleNotFoundError: No module named 'torchvision'
2026-08-31 13:37:13.105 Examining the path of transformers.models.lightglue.image_processing_lightglue_fast raised:
Traceback (most recent call last):
  File "C:\Projects\customer-support-rag\.venv\Lib\site-packages\streamlit\watcher\local_sources_watcher.py", line 340, in get_module_paths
    potential_paths = extract_paths(module)
  File "C:\Projects\customer-support-rag\.venv\Lib\site-packages\streamlit\watcher\local_sources_watcher.py", line 327, in <lambda>
    if hasattr(m, "__path__")
       ~~~~~~~^^^^^^^^^^^^^^^
  File "C:\Projects\customer-support-rag\.venv\Lib\site-packages\transformers\__init__.py", line 865, in _getattr
    return getattr(importlib.import_module(target, __name__), name)
                   ~~~~~~~~~~~~~~~~~~~~~~~^^^^^^^^^^^^^^^^^^
  File "C:\Users\suryanarayanan\AppData\Local\Programs\Python\Python313\Lib\importlib\__init__.py", line 88, in import_module
    return _bootstrap._gcd_import(name[level:], package, level)
           ~~~~~~~~~~~~~~~~~~~~~~^^^^^^^^^^^^^^^^^^^^^^^^^^^^^^
  File "<frozen importlib._bootstrap>", line 1395, in _gcd_import
  File "<frozen importlib._bootstrap>", line 1360, in _find_and_load
  File "<frozen importlib._bootstrap>", line 1331, in _find_and_load_unlocked
  File "<frozen importlib._bootstrap>", line 935, in _load_unlocked
  File "<frozen importlib._bootstrap_external>", line 1023, in exec_module
  File "<frozen importlib._bootstrap>", line 488, in _call_with_frames_removed
  File "C:\Projects\customer-support-rag\.venv\Lib\site-packages\transformers\models\lightglue\image_processing_lightglue.py", line 24, in <module>
    from torchvision.transforms.v2 import functional as tvF
ModuleNotFoundError: No module named 'torchvision'
2026-08-31 13:37:13.109 Examining the path of transformers.models.llama4.image_processing_llama4_fast raised:
Traceback (most recent call last):
  File "C:\Projects\customer-support-rag\.venv\Lib\site-packages\streamlit\watcher\local_sources_watcher.py", line 340, in get_module_paths
    potential_paths = extract_paths(module)
  File "C:\Projects\customer-support-rag\.venv\Lib\site-packages\streamlit\watcher\local_sources_watcher.py", line 327, in <lambda>
    if hasattr(m, "__path__")
       ~~~~~~~^^^^^^^^^^^^^^^
  File "C:\Projects\customer-support-rag\.venv\Lib\site-packages\transformers\__init__.py", line 865, in _getattr
    return getattr(importlib.import_module(target, __name__), name)
                   ~~~~~~~~~~~~~~~~~~~~~~~^^^^^^^^^^^^^^^^^^
  File "C:\Users\suryanarayanan\AppData\Local\Programs\Python\Python313\Lib\importlib\__init__.py", line 88, in import_module
    return _bootstrap._gcd_import(name[level:], package, level)
           ~~~~~~~~~~~~~~~~~~~~~~^^^^^^^^^^^^^^^^^^^^^^^^^^^^^^
  File "<frozen importlib._bootstrap>", line 1395, in _gcd_import
  File "<frozen importlib._bootstrap>", line 1360, in _find_and_load
  File "<frozen importlib._bootstrap>", line 1331, in _find_and_load_unlocked
  File "<frozen importlib._bootstrap>", line 935, in _load_unlocked
  File "<frozen importlib._bootstrap_external>", line 1023, in exec_module
  File "<frozen importlib._bootstrap>", line 488, in _call_with_frames_removed
  File "C:\Projects\customer-support-rag\.venv\Lib\site-packages\transformers\models\llama4\image_processing_llama4.py", line 21, in <module>
    from torchvision.transforms.v2 import functional as tvF
ModuleNotFoundError: No module named 'torchvision'
2026-08-31 13:37:13.114 Examining the path of transformers.models.llava.image_processing_llava_fast raised:
Traceback (most recent call last):
  File "C:\Projects\customer-support-rag\.venv\Lib\site-packages\streamlit\watcher\local_sources_watcher.py", line 340, in get_module_paths
    potential_paths = extract_paths(module)
  File "C:\Projects\customer-support-rag\.venv\Lib\site-packages\streamlit\watcher\local_sources_watcher.py", line 327, in <lambda>
    if hasattr(m, "__path__")
       ~~~~~~~^^^^^^^^^^^^^^^
  File "C:\Projects\customer-support-rag\.venv\Lib\site-packages\transformers\__init__.py", line 865, in _getattr
    return getattr(importlib.import_module(target, __name__), name)
                   ~~~~~~~~~~~~~~~~~~~~~~~^^^^^^^^^^^^^^^^^^
  File "C:\Users\suryanarayanan\AppData\Local\Programs\Python\Python313\Lib\importlib\__init__.py", line 88, in import_module
    return _bootstrap._gcd_import(name[level:], package, level)
           ~~~~~~~~~~~~~~~~~~~~~~^^^^^^^^^^^^^^^^^^^^^^^^^^^^^^
  File "<frozen importlib._bootstrap>", line 1395, in _gcd_import
  File "<frozen importlib._bootstrap>", line 1360, in _find_and_load
  File "<frozen importlib._bootstrap>", line 1331, in _find_and_load_unlocked
  File "<frozen importlib._bootstrap>", line 935, in _load_unlocked
  File "<frozen importlib._bootstrap_external>", line 1023, in exec_module
  File "<frozen importlib._bootstrap>", line 488, in _call_with_frames_removed
  File "C:\Projects\customer-support-rag\.venv\Lib\site-packages\transformers\models\llava\image_processing_llava.py", line 19, in <module>
    from torchvision.transforms.v2 import functional as tvF
ModuleNotFoundError: No module named 'torchvision'
2026-08-31 13:37:13.120 Examining the path of transformers.models.llava_next.image_processing_llava_next_fast raised:
Traceback (most recent call last):
  File "C:\Projects\customer-support-rag\.venv\Lib\site-packages\streamlit\watcher\local_sources_watcher.py", line 340, in get_module_paths
    potential_paths = extract_paths(module)
  File "C:\Projects\customer-support-rag\.venv\Lib\site-packages\streamlit\watcher\local_sources_watcher.py", line 327, in <lambda>
    if hasattr(m, "__path__")
       ~~~~~~~^^^^^^^^^^^^^^^
  File "C:\Projects\customer-support-rag\.venv\Lib\site-packages\transformers\__init__.py", line 865, in _getattr
    return getattr(importlib.import_module(target, __name__), name)
                   ~~~~~~~~~~~~~~~~~~~~~~~^^^^^^^^^^^^^^^^^^
  File "C:\Users\suryanarayanan\AppData\Local\Programs\Python\Python313\Lib\importlib\__init__.py", line 88, in import_module
    return _bootstrap._gcd_import(name[level:], package, level)
           ~~~~~~~~~~~~~~~~~~~~~~^^^^^^^^^^^^^^^^^^^^^^^^^^^^^^
  File "<frozen importlib._bootstrap>", line 1395, in _gcd_import
  File "<frozen importlib._bootstrap>", line 1360, in _find_and_load
  File "<frozen importlib._bootstrap>", line 1331, in _find_and_load_unlocked
  File "<frozen importlib._bootstrap>", line 935, in _load_unlocked
  File "<frozen importlib._bootstrap_external>", line 1023, in exec_module
  File "<frozen importlib._bootstrap>", line 488, in _call_with_frames_removed
  File "C:\Projects\customer-support-rag\.venv\Lib\site-packages\transformers\models\llava_next\image_processing_llava_next.py", line 19, in <module>
    from torchvision.transforms.v2 import functional as tvF
ModuleNotFoundError: No module named 'torchvision'
2026-08-31 13:37:13.124 Examining the path of transformers.models.llava_onevision.image_processing_llava_onevision_fast raised:
Traceback (most recent call last):
  File "C:\Projects\customer-support-rag\.venv\Lib\site-packages\streamlit\watcher\local_sources_watcher.py", line 340, in get_module_paths
    potential_paths = extract_paths(module)
  File "C:\Projects\customer-support-rag\.venv\Lib\site-packages\streamlit\watcher\local_sources_watcher.py", line 327, in <lambda>
    if hasattr(m, "__path__")
       ~~~~~~~^^^^^^^^^^^^^^^
  File "C:\Projects\customer-support-rag\.venv\Lib\site-packages\transformers\__init__.py", line 865, in _getattr
    return getattr(importlib.import_module(target, __name__), name)
                   ~~~~~~~~~~~~~~~~~~~~~~~^^^^^^^^^^^^^^^^^^
  File "C:\Users\suryanarayanan\AppData\Local\Programs\Python\Python313\Lib\importlib\__init__.py", line 88, in import_module
    return _bootstrap._gcd_import(name[level:], package, level)
           ~~~~~~~~~~~~~~~~~~~~~~^^^^^^^^^^^^^^^^^^^^^^^^^^^^^^
  File "<frozen importlib._bootstrap>", line 1395, in _gcd_import
  File "<frozen importlib._bootstrap>", line 1360, in _find_and_load
  File "<frozen importlib._bootstrap>", line 1331, in _find_and_load_unlocked
  File "<frozen importlib._bootstrap>", line 935, in _load_unlocked
  File "<frozen importlib._bootstrap_external>", line 1023, in exec_module
  File "<frozen importlib._bootstrap>", line 488, in _call_with_frames_removed
  File "C:\Projects\customer-support-rag\.venv\Lib\site-packages\transformers\models\llava_onevision\image_processing_llava_onevision.py", line 24, in <module>
    import torchvision.transforms.v2.functional as tvF
ModuleNotFoundError: No module named 'torchvision'
2026-08-31 13:37:13.128 Examining the path of transformers.models.mask2former.image_processing_mask2former_fast raised:
Traceback (most recent call last):
  File "C:\Projects\customer-support-rag\.venv\Lib\site-packages\streamlit\watcher\local_sources_watcher.py", line 340, in get_module_paths
    potential_paths = extract_paths(module)
  File "C:\Projects\customer-support-rag\.venv\Lib\site-packages\streamlit\watcher\local_sources_watcher.py", line 327, in <lambda>
    if hasattr(m, "__path__")
       ~~~~~~~^^^^^^^^^^^^^^^
  File "C:\Projects\customer-support-rag\.venv\Lib\site-packages\transformers\__init__.py", line 865, in _getattr
    return getattr(importlib.import_module(target, __name__), name)
                   ~~~~~~~~~~~~~~~~~~~~~~~^^^^^^^^^^^^^^^^^^
  File "C:\Users\suryanarayanan\AppData\Local\Programs\Python\Python313\Lib\importlib\__init__.py", line 88, in import_module
    return _bootstrap._gcd_import(name[level:], package, level)
           ~~~~~~~~~~~~~~~~~~~~~~^^^^^^^^^^^^^^^^^^^^^^^^^^^^^^
  File "<frozen importlib._bootstrap>", line 1395, in _gcd_import
  File "<frozen importlib._bootstrap>", line 1360, in _find_and_load
  File "<frozen importlib._bootstrap>", line 1331, in _find_and_load_unlocked
  File "<frozen importlib._bootstrap>", line 935, in _load_unlocked
  File "<frozen importlib._bootstrap_external>", line 1023, in exec_module
  File "<frozen importlib._bootstrap>", line 488, in _call_with_frames_removed
  File "C:\Projects\customer-support-rag\.venv\Lib\site-packages\transformers\models\mask2former\image_processing_mask2former.py", line 27, in <module>
    from torchvision.transforms.v2 import functional as tvF
ModuleNotFoundError: No module named 'torchvision'
2026-08-31 13:37:13.133 Examining the path of transformers.models.maskformer.image_processing_maskformer_fast raised:
Traceback (most recent call last):
  File "C:\Projects\customer-support-rag\.venv\Lib\site-packages\streamlit\watcher\local_sources_watcher.py", line 340, in get_module_paths
    potential_paths = extract_paths(module)
  File "C:\Projects\customer-support-rag\.venv\Lib\site-packages\streamlit\watcher\local_sources_watcher.py", line 327, in <lambda>
    if hasattr(m, "__path__")
       ~~~~~~~^^^^^^^^^^^^^^^
  File "C:\Projects\customer-support-rag\.venv\Lib\site-packages\transformers\__init__.py", line 865, in _getattr
    return getattr(importlib.import_module(target, __name__), name)
                   ~~~~~~~~~~~~~~~~~~~~~~~^^^^^^^^^^^^^^^^^^
  File "C:\Users\suryanarayanan\AppData\Local\Programs\Python\Python313\Lib\importlib\__init__.py", line 88, in import_module
    return _bootstrap._gcd_import(name[level:], package, level)
           ~~~~~~~~~~~~~~~~~~~~~~^^^^^^^^^^^^^^^^^^^^^^^^^^^^^^
  File "<frozen importlib._bootstrap>", line 1395, in _gcd_import
  File "<frozen importlib._bootstrap>", line 1360, in _find_and_load
  File "<frozen importlib._bootstrap>", line 1331, in _find_and_load_unlocked
  File "<frozen importlib._bootstrap>", line 935, in _load_unlocked
  File "<frozen importlib._bootstrap_external>", line 1023, in exec_module
  File "<frozen importlib._bootstrap>", line 488, in _call_with_frames_removed
  File "C:\Projects\customer-support-rag\.venv\Lib\site-packages\transformers\models\maskformer\image_processing_maskformer.py", line 22, in <module>
    from torchvision.transforms.v2 import functional as tvF
ModuleNotFoundError: No module named 'torchvision'
2026-08-31 13:37:13.138 Examining the path of transformers.models.minimax_m3_vl.image_processing_minimax_m3_vl_fast raised:
Traceback (most recent call last):
  File "C:\Projects\customer-support-rag\.venv\Lib\site-packages\streamlit\watcher\local_sources_watcher.py", line 340, in get_module_paths
    potential_paths = extract_paths(module)
  File "C:\Projects\customer-support-rag\.venv\Lib\site-packages\streamlit\watcher\local_sources_watcher.py", line 327, in <lambda>
    if hasattr(m, "__path__")
       ~~~~~~~^^^^^^^^^^^^^^^
  File "C:\Projects\customer-support-rag\.venv\Lib\site-packages\transformers\__init__.py", line 865, in _getattr
    return getattr(importlib.import_module(target, __name__), name)
                   ~~~~~~~~~~~~~~~~~~~~~~~^^^^^^^^^^^^^^^^^^
  File "C:\Users\suryanarayanan\AppData\Local\Programs\Python\Python313\Lib\importlib\__init__.py", line 88, in import_module
    return _bootstrap._gcd_import(name[level:], package, level)
           ~~~~~~~~~~~~~~~~~~~~~~^^^^^^^^^^^^^^^^^^^^^^^^^^^^^^
  File "<frozen importlib._bootstrap>", line 1395, in _gcd_import
  File "<frozen importlib._bootstrap>", line 1360, in _find_and_load
  File "<frozen importlib._bootstrap>", line 1331, in _find_and_load_unlocked
  File "<frozen importlib._bootstrap>", line 935, in _load_unlocked
  File "<frozen importlib._bootstrap_external>", line 1023, in exec_module
  File "<frozen importlib._bootstrap>", line 488, in _call_with_frames_removed
  File "C:\Projects\customer-support-rag\.venv\Lib\site-packages\transformers\models\minimax_m3_vl\image_processing_minimax_m3_vl.py", line 25, in <module>
    from torchvision.transforms.v2 import functional as tvF
ModuleNotFoundError: No module named 'torchvision'
2026-08-31 13:37:13.143 Examining the path of transformers.models.mllama.image_processing_mllama_fast raised:
Traceback (most recent call last):
  File "C:\Projects\customer-support-rag\.venv\Lib\site-packages\streamlit\watcher\local_sources_watcher.py", line 340, in get_module_paths
    potential_paths = extract_paths(module)
  File "C:\Projects\customer-support-rag\.venv\Lib\site-packages\streamlit\watcher\local_sources_watcher.py", line 327, in <lambda>
    if hasattr(m, "__path__")
       ~~~~~~~^^^^^^^^^^^^^^^
  File "C:\Projects\customer-support-rag\.venv\Lib\site-packages\transformers\__init__.py", line 865, in _getattr
    return getattr(importlib.import_module(target, __name__), name)
                   ~~~~~~~~~~~~~~~~~~~~~~~^^^^^^^^^^^^^^^^^^
  File "C:\Users\suryanarayanan\AppData\Local\Programs\Python\Python313\Lib\importlib\__init__.py", line 88, in import_module
    return _bootstrap._gcd_import(name[level:], package, level)
           ~~~~~~~~~~~~~~~~~~~~~~^^^^^^^^^^^^^^^^^^^^^^^^^^^^^^
  File "<frozen importlib._bootstrap>", line 1395, in _gcd_import
  File "<frozen importlib._bootstrap>", line 1360, in _find_and_load
  File "<frozen importlib._bootstrap>", line 1331, in _find_and_load_unlocked
  File "<frozen importlib._bootstrap>", line 935, in _load_unlocked
  File "<frozen importlib._bootstrap_external>", line 1023, in exec_module
  File "<frozen importlib._bootstrap>", line 488, in _call_with_frames_removed
  File "C:\Projects\customer-support-rag\.venv\Lib\site-packages\transformers\models\mllama\image_processing_mllama.py", line 40, in <module>
    from torchvision.transforms.v2 import functional as tvF
ModuleNotFoundError: No module named 'torchvision'
2026-08-31 13:37:13.147 Examining the path of transformers.models.mobilenet_v2.image_processing_mobilenet_v2_fast raised:
Traceback (most recent call last):
  File "C:\Projects\customer-support-rag\.venv\Lib\site-packages\streamlit\watcher\local_sources_watcher.py", line 340, in get_module_paths
    potential_paths = extract_paths(module)
  File "C:\Projects\customer-support-rag\.venv\Lib\site-packages\streamlit\watcher\local_sources_watcher.py", line 327, in <lambda>
    if hasattr(m, "__path__")
       ~~~~~~~^^^^^^^^^^^^^^^
  File "C:\Projects\customer-support-rag\.venv\Lib\site-packages\transformers\__init__.py", line 865, in _getattr
    return getattr(importlib.import_module(target, __name__), name)
                   ~~~~~~~~~~~~~~~~~~~~~~~^^^^^^^^^^^^^^^^^^
  File "C:\Users\suryanarayanan\AppData\Local\Programs\Python\Python313\Lib\importlib\__init__.py", line 88, in import_module
    return _bootstrap._gcd_import(name[level:], package, level)
           ~~~~~~~~~~~~~~~~~~~~~~^^^^^^^^^^^^^^^^^^^^^^^^^^^^^^
  File "<frozen importlib._bootstrap>", line 1395, in _gcd_import
  File "<frozen importlib._bootstrap>", line 1360, in _find_and_load
  File "<frozen importlib._bootstrap>", line 1331, in _find_and_load_unlocked
  File "<frozen importlib._bootstrap>", line 935, in _load_unlocked
  File "<frozen importlib._bootstrap_external>", line 1023, in exec_module
  File "<frozen importlib._bootstrap>", line 488, in _call_with_frames_removed
  File "C:\Projects\customer-support-rag\.venv\Lib\site-packages\transformers\models\mobilenet_v2\image_processing_mobilenet_v2.py", line 19, in <module>
    from torchvision.transforms.v2 import functional as tvF
ModuleNotFoundError: No module named 'torchvision'
2026-08-31 13:37:13.152 Examining the path of transformers.models.mobilevit.image_processing_mobilevit_fast raised:
Traceback (most recent call last):
  File "C:\Projects\customer-support-rag\.venv\Lib\site-packages\streamlit\watcher\local_sources_watcher.py", line 340, in get_module_paths
    potential_paths = extract_paths(module)
  File "C:\Projects\customer-support-rag\.venv\Lib\site-packages\streamlit\watcher\local_sources_watcher.py", line 327, in <lambda>
    if hasattr(m, "__path__")
       ~~~~~~~^^^^^^^^^^^^^^^
  File "C:\Projects\customer-support-rag\.venv\Lib\site-packages\transformers\__init__.py", line 865, in _getattr
    return getattr(importlib.import_module(target, __name__), name)
                   ~~~~~~~~~~~~~~~~~~~~~~~^^^^^^^^^^^^^^^^^^
  File "C:\Users\suryanarayanan\AppData\Local\Programs\Python\Python313\Lib\importlib\__init__.py", line 88, in import_module
    return _bootstrap._gcd_import(name[level:], package, level)
           ~~~~~~~~~~~~~~~~~~~~~~^^^^^^^^^^^^^^^^^^^^^^^^^^^^^^
  File "<frozen importlib._bootstrap>", line 1395, in _gcd_import
  File "<frozen importlib._bootstrap>", line 1360, in _find_and_load
  File "<frozen importlib._bootstrap>", line 1331, in _find_and_load_unlocked
  File "<frozen importlib._bootstrap>", line 935, in _load_unlocked
  File "<frozen importlib._bootstrap_external>", line 1023, in exec_module
  File "<frozen importlib._bootstrap>", line 488, in _call_with_frames_removed
  File "C:\Projects\customer-support-rag\.venv\Lib\site-packages\transformers\models\mobilevit\image_processing_mobilevit.py", line 19, in <module>
    from torchvision.transforms.v2 import functional as tvF
ModuleNotFoundError: No module named 'torchvision'
2026-08-31 13:37:13.156 Examining the path of transformers.models.muse_glimmer.image_processing_muse_glimmer_fast raised:
Traceback (most recent call last):
  File "C:\Projects\customer-support-rag\.venv\Lib\site-packages\streamlit\watcher\local_sources_watcher.py", line 340, in get_module_paths
    potential_paths = extract_paths(module)
  File "C:\Projects\customer-support-rag\.venv\Lib\site-packages\streamlit\watcher\local_sources_watcher.py", line 327, in <lambda>
    if hasattr(m, "__path__")
       ~~~~~~~^^^^^^^^^^^^^^^
  File "C:\Projects\customer-support-rag\.venv\Lib\site-packages\transformers\__init__.py", line 865, in _getattr
    return getattr(importlib.import_module(target, __name__), name)
                   ~~~~~~~~~~~~~~~~~~~~~~~^^^^^^^^^^^^^^^^^^
  File "C:\Users\suryanarayanan\AppData\Local\Programs\Python\Python313\Lib\importlib\__init__.py", line 88, in import_module
    return _bootstrap._gcd_import(name[level:], package, level)
           ~~~~~~~~~~~~~~~~~~~~~~^^^^^^^^^^^^^^^^^^^^^^^^^^^^^^
  File "<frozen importlib._bootstrap>", line 1395, in _gcd_import
  File "<frozen importlib._bootstrap>", line 1360, in _find_and_load
  File "<frozen importlib._bootstrap>", line 1331, in _find_and_load_unlocked
  File "<frozen importlib._bootstrap>", line 935, in _load_unlocked
  File "<frozen importlib._bootstrap_external>", line 1023, in exec_module
  File "<frozen importlib._bootstrap>", line 488, in _call_with_frames_removed
  File "C:\Projects\customer-support-rag\.venv\Lib\site-packages\transformers\models\muse_glimmer\image_processing_muse_glimmer.py", line 25, in <module>
    from torchvision.transforms.v2 import functional as tvF
ModuleNotFoundError: No module named 'torchvision'
2026-08-31 13:37:13.160 Examining the path of transformers.models.nougat.image_processing_nougat_fast raised:
Traceback (most recent call last):
  File "C:\Projects\customer-support-rag\.venv\Lib\site-packages\streamlit\watcher\local_sources_watcher.py", line 340, in get_module_paths
    potential_paths = extract_paths(module)
  File "C:\Projects\customer-support-rag\.venv\Lib\site-packages\streamlit\watcher\local_sources_watcher.py", line 327, in <lambda>
    if hasattr(m, "__path__")
       ~~~~~~~^^^^^^^^^^^^^^^
  File "C:\Projects\customer-support-rag\.venv\Lib\site-packages\transformers\__init__.py", line 865, in _getattr
    return getattr(importlib.import_module(target, __name__), name)
                   ~~~~~~~~~~~~~~~~~~~~~~~^^^^^^^^^^^^^^^^^^
  File "C:\Users\suryanarayanan\AppData\Local\Programs\Python\Python313\Lib\importlib\__init__.py", line 88, in import_module
    return _bootstrap._gcd_import(name[level:], package, level)
           ~~~~~~~~~~~~~~~~~~~~~~^^^^^^^^^^^^^^^^^^^^^^^^^^^^^^
  File "<frozen importlib._bootstrap>", line 1395, in _gcd_import
  File "<frozen importlib._bootstrap>", line 1360, in _find_and_load
  File "<frozen importlib._bootstrap>", line 1331, in _find_and_load_unlocked
  File "<frozen importlib._bootstrap>", line 935, in _load_unlocked
  File "<frozen importlib._bootstrap_external>", line 1023, in exec_module
  File "<frozen importlib._bootstrap>", line 488, in _call_with_frames_removed
  File "C:\Projects\customer-support-rag\.venv\Lib\site-packages\transformers\models\nougat\image_processing_nougat.py", line 17, in <module>
    from torchvision.transforms.v2 import functional as tvF
ModuleNotFoundError: No module named 'torchvision'
2026-08-31 13:37:13.164 Examining the path of transformers.models.oneformer.image_processing_oneformer_fast raised:
Traceback (most recent call last):
  File "C:\Projects\customer-support-rag\.venv\Lib\site-packages\streamlit\watcher\local_sources_watcher.py", line 340, in get_module_paths
    potential_paths = extract_paths(module)
  File "C:\Projects\customer-support-rag\.venv\Lib\site-packages\streamlit\watcher\local_sources_watcher.py", line 327, in <lambda>
    if hasattr(m, "__path__")
       ~~~~~~~^^^^^^^^^^^^^^^
  File "C:\Projects\customer-support-rag\.venv\Lib\site-packages\transformers\__init__.py", line 865, in _getattr
    return getattr(importlib.import_module(target, __name__), name)
                   ~~~~~~~~~~~~~~~~~~~~~~~^^^^^^^^^^^^^^^^^^
  File "C:\Users\suryanarayanan\AppData\Local\Programs\Python\Python313\Lib\importlib\__init__.py", line 88, in import_module
    return _bootstrap._gcd_import(name[level:], package, level)
           ~~~~~~~~~~~~~~~~~~~~~~^^^^^^^^^^^^^^^^^^^^^^^^^^^^^^
  File "<frozen importlib._bootstrap>", line 1395, in _gcd_import
  File "<frozen importlib._bootstrap>", line 1360, in _find_and_load
  File "<frozen importlib._bootstrap>", line 1331, in _find_and_load_unlocked
  File "<frozen importlib._bootstrap>", line 935, in _load_unlocked
  File "<frozen importlib._bootstrap_external>", line 1023, in exec_module
  File "<frozen importlib._bootstrap>", line 488, in _call_with_frames_removed
  File "C:\Projects\customer-support-rag\.venv\Lib\site-packages\transformers\models\oneformer\image_processing_oneformer.py", line 23, in <module>
    from torchvision.transforms.v2 import functional as tvF
ModuleNotFoundError: No module named 'torchvision'
2026-08-31 13:37:13.169 Examining the path of transformers.models.ovis2.image_processing_ovis2_fast raised:
Traceback (most recent call last):
  File "C:\Projects\customer-support-rag\.venv\Lib\site-packages\streamlit\watcher\local_sources_watcher.py", line 340, in get_module_paths
    potential_paths = extract_paths(module)
  File "C:\Projects\customer-support-rag\.venv\Lib\site-packages\streamlit\watcher\local_sources_watcher.py", line 327, in <lambda>
    if hasattr(m, "__path__")
       ~~~~~~~^^^^^^^^^^^^^^^
  File "C:\Projects\customer-support-rag\.venv\Lib\site-packages\transformers\__init__.py", line 865, in _getattr
    return getattr(importlib.import_module(target, __name__), name)
                   ~~~~~~~~~~~~~~~~~~~~~~~^^^^^^^^^^^^^^^^^^
  File "C:\Users\suryanarayanan\AppData\Local\Programs\Python\Python313\Lib\importlib\__init__.py", line 88, in import_module
    return _bootstrap._gcd_import(name[level:], package, level)
           ~~~~~~~~~~~~~~~~~~~~~~^^^^^^^^^^^^^^^^^^^^^^^^^^^^^^
  File "<frozen importlib._bootstrap>", line 1395, in _gcd_import
  File "<frozen importlib._bootstrap>", line 1360, in _find_and_load
  File "<frozen importlib._bootstrap>", line 1331, in _find_and_load_unlocked
  File "<frozen importlib._bootstrap>", line 935, in _load_unlocked
  File "<frozen importlib._bootstrap_external>", line 1023, in exec_module
  File "<frozen importlib._bootstrap>", line 488, in _call_with_frames_removed
  File "C:\Projects\customer-support-rag\.venv\Lib\site-packages\transformers\models\ovis2\image_processing_ovis2.py", line 19, in <module>
    from torchvision.transforms.v2 import functional as tvF
ModuleNotFoundError: No module named 'torchvision'
2026-08-31 13:37:13.174 Examining the path of transformers.models.owlv2.image_processing_owlv2_fast raised:
Traceback (most recent call last):
  File "C:\Projects\customer-support-rag\.venv\Lib\site-packages\streamlit\watcher\local_sources_watcher.py", line 340, in get_module_paths
    potential_paths = extract_paths(module)
  File "C:\Projects\customer-support-rag\.venv\Lib\site-packages\streamlit\watcher\local_sources_watcher.py", line 327, in <lambda>
    if hasattr(m, "__path__")
       ~~~~~~~^^^^^^^^^^^^^^^
  File "C:\Projects\customer-support-rag\.venv\Lib\site-packages\transformers\__init__.py", line 865, in _getattr
    return getattr(importlib.import_module(target, __name__), name)
                   ~~~~~~~~~~~~~~~~~~~~~~~^^^^^^^^^^^^^^^^^^
  File "C:\Users\suryanarayanan\AppData\Local\Programs\Python\Python313\Lib\importlib\__init__.py", line 88, in import_module
    return _bootstrap._gcd_import(name[level:], package, level)
           ~~~~~~~~~~~~~~~~~~~~~~^^^^^^^^^^^^^^^^^^^^^^^^^^^^^^
  File "<frozen importlib._bootstrap>", line 1395, in _gcd_import
  File "<frozen importlib._bootstrap>", line 1360, in _find_and_load
  File "<frozen importlib._bootstrap>", line 1331, in _find_and_load_unlocked
  File "<frozen importlib._bootstrap>", line 935, in _load_unlocked
  File "<frozen importlib._bootstrap_external>", line 1023, in exec_module
  File "<frozen importlib._bootstrap>", line 488, in _call_with_frames_removed
  File "C:\Projects\customer-support-rag\.venv\Lib\site-packages\transformers\models\owlv2\image_processing_owlv2.py", line 25, in <module>
    import torchvision.transforms.v2.functional as tvF
ModuleNotFoundError: No module named 'torchvision'
2026-08-31 13:37:13.178 Examining the path of transformers.models.paddleocr_vl.image_processing_paddleocr_vl_fast raised:
Traceback (most recent call last):
  File "C:\Projects\customer-support-rag\.venv\Lib\site-packages\streamlit\watcher\local_sources_watcher.py", line 340, in get_module_paths
    potential_paths = extract_paths(module)
  File "C:\Projects\customer-support-rag\.venv\Lib\site-packages\streamlit\watcher\local_sources_watcher.py", line 327, in <lambda>
    if hasattr(m, "__path__")
       ~~~~~~~^^^^^^^^^^^^^^^
  File "C:\Projects\customer-support-rag\.venv\Lib\site-packages\transformers\__init__.py", line 865, in _getattr
    return getattr(importlib.import_module(target, __name__), name)
                   ~~~~~~~~~~~~~~~~~~~~~~~^^^^^^^^^^^^^^^^^^
  File "C:\Users\suryanarayanan\AppData\Local\Programs\Python\Python313\Lib\importlib\__init__.py", line 88, in import_module
    return _bootstrap._gcd_import(name[level:], package, level)
           ~~~~~~~~~~~~~~~~~~~~~~^^^^^^^^^^^^^^^^^^^^^^^^^^^^^^
  File "<frozen importlib._bootstrap>", line 1395, in _gcd_import
  File "<frozen importlib._bootstrap>", line 1360, in _find_and_load
  File "<frozen importlib._bootstrap>", line 1331, in _find_and_load_unlocked
  File "<frozen importlib._bootstrap>", line 935, in _load_unlocked
  File "<frozen importlib._bootstrap_external>", line 1023, in exec_module
  File "<frozen importlib._bootstrap>", line 488, in _call_with_frames_removed
  File "C:\Projects\customer-support-rag\.venv\Lib\site-packages\transformers\models\paddleocr_vl\image_processing_paddleocr_vl.py", line 30, in <module>
    from torchvision.transforms.v2 import functional as tvF
ModuleNotFoundError: No module named 'torchvision'
2026-08-31 13:37:13.182 Examining the path of transformers.models.perceiver.image_processing_perceiver_fast raised:
Traceback (most recent call last):
  File "C:\Projects\customer-support-rag\.venv\Lib\site-packages\streamlit\watcher\local_sources_watcher.py", line 340, in get_module_paths
    potential_paths = extract_paths(module)
  File "C:\Projects\customer-support-rag\.venv\Lib\site-packages\streamlit\watcher\local_sources_watcher.py", line 327, in <lambda>
    if hasattr(m, "__path__")
       ~~~~~~~^^^^^^^^^^^^^^^
  File "C:\Projects\customer-support-rag\.venv\Lib\site-packages\transformers\__init__.py", line 865, in _getattr
    return getattr(importlib.import_module(target, __name__), name)
                   ~~~~~~~~~~~~~~~~~~~~~~~^^^^^^^^^^^^^^^^^^
  File "C:\Users\suryanarayanan\AppData\Local\Programs\Python\Python313\Lib\importlib\__init__.py", line 88, in import_module
    return _bootstrap._gcd_import(name[level:], package, level)
           ~~~~~~~~~~~~~~~~~~~~~~^^^^^^^^^^^^^^^^^^^^^^^^^^^^^^
  File "<frozen importlib._bootstrap>", line 1395, in _gcd_import
  File "<frozen importlib._bootstrap>", line 1360, in _find_and_load
  File "<frozen importlib._bootstrap>", line 1331, in _find_and_load_unlocked
  File "<frozen importlib._bootstrap>", line 935, in _load_unlocked
  File "<frozen importlib._bootstrap_external>", line 1023, in exec_module
  File "<frozen importlib._bootstrap>", line 488, in _call_with_frames_removed
  File "C:\Projects\customer-support-rag\.venv\Lib\site-packages\transformers\models\perceiver\image_processing_perceiver.py", line 17, in <module>
    from torchvision.transforms.v2 import functional as tvF
ModuleNotFoundError: No module named 'torchvision'
2026-08-31 13:37:13.186 Examining the path of transformers.models.perception_lm.image_processing_perception_lm_fast raised:
Traceback (most recent call last):
  File "C:\Projects\customer-support-rag\.venv\Lib\site-packages\streamlit\watcher\local_sources_watcher.py", line 340, in get_module_paths
    potential_paths = extract_paths(module)
  File "C:\Projects\customer-support-rag\.venv\Lib\site-packages\streamlit\watcher\local_sources_watcher.py", line 327, in <lambda>
    if hasattr(m, "__path__")
       ~~~~~~~^^^^^^^^^^^^^^^
  File "C:\Projects\customer-support-rag\.venv\Lib\site-packages\transformers\__init__.py", line 865, in _getattr
    return getattr(importlib.import_module(target, __name__), name)
                   ~~~~~~~~~~~~~~~~~~~~~~~^^^^^^^^^^^^^^^^^^
  File "C:\Users\suryanarayanan\AppData\Local\Programs\Python\Python313\Lib\importlib\__init__.py", line 88, in import_module
    return _bootstrap._gcd_import(name[level:], package, level)
           ~~~~~~~~~~~~~~~~~~~~~~^^^^^^^^^^^^^^^^^^^^^^^^^^^^^^
  File "<frozen importlib._bootstrap>", line 1395, in _gcd_import
  File "<frozen importlib._bootstrap>", line 1360, in _find_and_load
  File "<frozen importlib._bootstrap>", line 1331, in _find_and_load_unlocked
  File "<frozen importlib._bootstrap>", line 935, in _load_unlocked
  File "<frozen importlib._bootstrap_external>", line 1023, in exec_module
  File "<frozen importlib._bootstrap>", line 488, in _call_with_frames_removed
  File "C:\Projects\customer-support-rag\.venv\Lib\site-packages\transformers\models\perception_lm\image_processing_perception_lm.py", line 19, in <module>
    from torchvision.transforms.v2 import functional as tvF
ModuleNotFoundError: No module named 'torchvision'
2026-08-31 13:37:13.190 Examining the path of transformers.models.phi4_multimodal.image_processing_phi4_multimodal_fast raised:
Traceback (most recent call last):
  File "C:\Projects\customer-support-rag\.venv\Lib\site-packages\streamlit\watcher\local_sources_watcher.py", line 340, in get_module_paths
    potential_paths = extract_paths(module)
  File "C:\Projects\customer-support-rag\.venv\Lib\site-packages\streamlit\watcher\local_sources_watcher.py", line 327, in <lambda>
    if hasattr(m, "__path__")
       ~~~~~~~^^^^^^^^^^^^^^^
  File "C:\Projects\customer-support-rag\.venv\Lib\site-packages\transformers\__init__.py", line 865, in _getattr
    return getattr(importlib.import_module(target, __name__), name)
                   ~~~~~~~~~~~~~~~~~~~~~~~^^^^^^^^^^^^^^^^^^
  File "C:\Users\suryanarayanan\AppData\Local\Programs\Python\Python313\Lib\importlib\__init__.py", line 88, in import_module
    return _bootstrap._gcd_import(name[level:], package, level)
           ~~~~~~~~~~~~~~~~~~~~~~^^^^^^^^^^^^^^^^^^^^^^^^^^^^^^
  File "<frozen importlib._bootstrap>", line 1395, in _gcd_import
  File "<frozen importlib._bootstrap>", line 1360, in _find_and_load
  File "<frozen importlib._bootstrap>", line 1331, in _find_and_load_unlocked
  File "<frozen importlib._bootstrap>", line 935, in _load_unlocked
  File "<frozen importlib._bootstrap_external>", line 1023, in exec_module
  File "<frozen importlib._bootstrap>", line 488, in _call_with_frames_removed
  File "C:\Projects\customer-support-rag\.venv\Lib\site-packages\transformers\models\phi4_multimodal\image_processing_phi4_multimodal.py", line 19, in <module>
    from torchvision.transforms.v2 import functional as tvF
ModuleNotFoundError: No module named 'torchvision'
2026-08-31 13:37:13.195 Examining the path of transformers.models.pix2struct.image_processing_pix2struct_fast raised:
Traceback (most recent call last):
  File "C:\Projects\customer-support-rag\.venv\Lib\site-packages\streamlit\watcher\local_sources_watcher.py", line 340, in get_module_paths
    potential_paths = extract_paths(module)
  File "C:\Projects\customer-support-rag\.venv\Lib\site-packages\streamlit\watcher\local_sources_watcher.py", line 327, in <lambda>
    if hasattr(m, "__path__")
       ~~~~~~~^^^^^^^^^^^^^^^
  File "C:\Projects\customer-support-rag\.venv\Lib\site-packages\transformers\__init__.py", line 865, in _getattr
    return getattr(importlib.import_module(target, __name__), name)
                   ~~~~~~~~~~~~~~~~~~~~~~~^^^^^^^^^^^^^^^^^^
  File "C:\Users\suryanarayanan\AppData\Local\Programs\Python\Python313\Lib\importlib\__init__.py", line 88, in import_module
    return _bootstrap._gcd_import(name[level:], package, level)
           ~~~~~~~~~~~~~~~~~~~~~~^^^^^^^^^^^^^^^^^^^^^^^^^^^^^^
  File "<frozen importlib._bootstrap>", line 1395, in _gcd_import
  File "<frozen importlib._bootstrap>", line 1360, in _find_and_load
  File "<frozen importlib._bootstrap>", line 1331, in _find_and_load_unlocked
  File "<frozen importlib._bootstrap>", line 935, in _load_unlocked
  File "<frozen importlib._bootstrap_external>", line 1023, in exec_module
  File "<frozen importlib._bootstrap>", line 488, in _call_with_frames_removed
  File "C:\Projects\customer-support-rag\.venv\Lib\site-packages\transformers\models\pix2struct\image_processing_pix2struct.py", line 21, in <module>
    import torchvision.transforms.v2.functional as tvF
ModuleNotFoundError: No module named 'torchvision'
2026-08-31 13:37:13.198 Examining the path of transformers.models.pixtral.image_processing_pixtral_fast raised:
Traceback (most recent call last):
  File "C:\Projects\customer-support-rag\.venv\Lib\site-packages\streamlit\watcher\local_sources_watcher.py", line 340, in get_module_paths
    potential_paths = extract_paths(module)
  File "C:\Projects\customer-support-rag\.venv\Lib\site-packages\streamlit\watcher\local_sources_watcher.py", line 327, in <lambda>
    if hasattr(m, "__path__")
       ~~~~~~~^^^^^^^^^^^^^^^
  File "C:\Projects\customer-support-rag\.venv\Lib\site-packages\transformers\__init__.py", line 865, in _getattr
    return getattr(importlib.import_module(target, __name__), name)
                   ~~~~~~~~~~~~~~~~~~~~~~~^^^^^^^^^^^^^^^^^^
  File "C:\Users\suryanarayanan\AppData\Local\Programs\Python\Python313\Lib\importlib\__init__.py", line 88, in import_module
    return _bootstrap._gcd_import(name[level:], package, level)
           ~~~~~~~~~~~~~~~~~~~~~~^^^^^^^^^^^^^^^^^^^^^^^^^^^^^^
  File "<frozen importlib._bootstrap>", line 1395, in _gcd_import
  File "<frozen importlib._bootstrap>", line 1360, in _find_and_load
  File "<frozen importlib._bootstrap>", line 1331, in _find_and_load_unlocked
  File "<frozen importlib._bootstrap>", line 935, in _load_unlocked
  File "<frozen importlib._bootstrap_external>", line 1023, in exec_module
  File "<frozen importlib._bootstrap>", line 488, in _call_with_frames_removed
  File "C:\Projects\customer-support-rag\.venv\Lib\site-packages\transformers\models\pixtral\image_processing_pixtral.py", line 19, in <module>
    from torchvision.transforms.v2 import functional as tvF
ModuleNotFoundError: No module named 'torchvision'
2026-08-31 13:37:13.203 Examining the path of transformers.models.poolformer.image_processing_poolformer_fast raised:
Traceback (most recent call last):
  File "C:\Projects\customer-support-rag\.venv\Lib\site-packages\streamlit\watcher\local_sources_watcher.py", line 340, in get_module_paths
    potential_paths = extract_paths(module)
  File "C:\Projects\customer-support-rag\.venv\Lib\site-packages\streamlit\watcher\local_sources_watcher.py", line 327, in <lambda>
    if hasattr(m, "__path__")
       ~~~~~~~^^^^^^^^^^^^^^^
  File "C:\Projects\customer-support-rag\.venv\Lib\site-packages\transformers\__init__.py", line 865, in _getattr
    return getattr(importlib.import_module(target, __name__), name)
                   ~~~~~~~~~~~~~~~~~~~~~~~^^^^^^^^^^^^^^^^^^
  File "C:\Users\suryanarayanan\AppData\Local\Programs\Python\Python313\Lib\importlib\__init__.py", line 88, in import_module
    return _bootstrap._gcd_import(name[level:], package, level)
           ~~~~~~~~~~~~~~~~~~~~~~^^^^^^^^^^^^^^^^^^^^^^^^^^^^^^
  File "<frozen importlib._bootstrap>", line 1395, in _gcd_import
  File "<frozen importlib._bootstrap>", line 1360, in _find_and_load
  File "<frozen importlib._bootstrap>", line 1331, in _find_and_load_unlocked
  File "<frozen importlib._bootstrap>", line 935, in _load_unlocked
  File "<frozen importlib._bootstrap_external>", line 1023, in exec_module
  File "<frozen importlib._bootstrap>", line 488, in _call_with_frames_removed
  File "C:\Projects\customer-support-rag\.venv\Lib\site-packages\transformers\models\poolformer\image_processing_poolformer.py", line 17, in <module>
    from torchvision.transforms.v2 import functional as tvF
ModuleNotFoundError: No module named 'torchvision'
2026-08-31 13:37:13.207 Examining the path of transformers.models.pp_doclayout_v2.image_processing_pp_doclayout_v2_fast raised:
Traceback (most recent call last):
  File "C:\Projects\customer-support-rag\.venv\Lib\site-packages\streamlit\watcher\local_sources_watcher.py", line 340, in get_module_paths
    potential_paths = extract_paths(module)
  File "C:\Projects\customer-support-rag\.venv\Lib\site-packages\streamlit\watcher\local_sources_watcher.py", line 327, in <lambda>
    if hasattr(m, "__path__")
       ~~~~~~~^^^^^^^^^^^^^^^
  File "C:\Projects\customer-support-rag\.venv\Lib\site-packages\transformers\__init__.py", line 865, in _getattr
    return getattr(importlib.import_module(target, __name__), name)
                   ~~~~~~~~~~~~~~~~~~~~~~~^^^^^^^^^^^^^^^^^^
  File "C:\Users\suryanarayanan\AppData\Local\Programs\Python\Python313\Lib\importlib\__init__.py", line 88, in import_module
    return _bootstrap._gcd_import(name[level:], package, level)
           ~~~~~~~~~~~~~~~~~~~~~~^^^^^^^^^^^^^^^^^^^^^^^^^^^^^^
  File "<frozen importlib._bootstrap>", line 1395, in _gcd_import
  File "<frozen importlib._bootstrap>", line 1360, in _find_and_load
  File "<frozen importlib._bootstrap>", line 1331, in _find_and_load_unlocked
  File "<frozen importlib._bootstrap>", line 935, in _load_unlocked
  File "<frozen importlib._bootstrap_external>", line 1023, in exec_module
  File "<frozen importlib._bootstrap>", line 488, in _call_with_frames_removed
  File "C:\Projects\customer-support-rag\.venv\Lib\site-packages\transformers\models\pp_doclayout_v2\image_processing_pp_doclayout_v2.py", line 23, in <module>
    from torchvision.transforms.v2 import functional as tvF
ModuleNotFoundError: No module named 'torchvision'
2026-08-31 13:37:13.211 Examining the path of transformers.models.pp_doclayout_v3.image_processing_pp_doclayout_v3_fast raised:
Traceback (most recent call last):
  File "C:\Projects\customer-support-rag\.venv\Lib\site-packages\streamlit\watcher\local_sources_watcher.py", line 340, in get_module_paths
    potential_paths = extract_paths(module)
  File "C:\Projects\customer-support-rag\.venv\Lib\site-packages\streamlit\watcher\local_sources_watcher.py", line 327, in <lambda>
    if hasattr(m, "__path__")
       ~~~~~~~^^^^^^^^^^^^^^^
  File "C:\Projects\customer-support-rag\.venv\Lib\site-packages\transformers\__init__.py", line 865, in _getattr
    return getattr(importlib.import_module(target, __name__), name)
                   ~~~~~~~~~~~~~~~~~~~~~~~^^^^^^^^^^^^^^^^^^
  File "C:\Users\suryanarayanan\AppData\Local\Programs\Python\Python313\Lib\importlib\__init__.py", line 88, in import_module
    return _bootstrap._gcd_import(name[level:], package, level)
           ~~~~~~~~~~~~~~~~~~~~~~^^^^^^^^^^^^^^^^^^^^^^^^^^^^^^
  File "<frozen importlib._bootstrap>", line 1395, in _gcd_import
  File "<frozen importlib._bootstrap>", line 1360, in _find_and_load
  File "<frozen importlib._bootstrap>", line 1331, in _find_and_load_unlocked
  File "<frozen importlib._bootstrap>", line 935, in _load_unlocked
  File "<frozen importlib._bootstrap_external>", line 1023, in exec_module
  File "<frozen importlib._bootstrap>", line 488, in _call_with_frames_removed
  File "C:\Projects\customer-support-rag\.venv\Lib\site-packages\transformers\models\pp_doclayout_v3\image_processing_pp_doclayout_v3.py", line 24, in <module>
    from torchvision.transforms.v2 import functional as tvF
ModuleNotFoundError: No module named 'torchvision'
2026-08-31 13:37:13.215 Examining the path of transformers.models.pp_formulanet.image_processing_pp_formulanet_fast raised:
Traceback (most recent call last):
  File "C:\Projects\customer-support-rag\.venv\Lib\site-packages\streamlit\watcher\local_sources_watcher.py", line 340, in get_module_paths
    potential_paths = extract_paths(module)
  File "C:\Projects\customer-support-rag\.venv\Lib\site-packages\streamlit\watcher\local_sources_watcher.py", line 327, in <lambda>
    if hasattr(m, "__path__")
       ~~~~~~~^^^^^^^^^^^^^^^
  File "C:\Projects\customer-support-rag\.venv\Lib\site-packages\transformers\__init__.py", line 865, in _getattr
    return getattr(importlib.import_module(target, __name__), name)
                   ~~~~~~~~~~~~~~~~~~~~~~~^^^^^^^^^^^^^^^^^^
  File "C:\Users\suryanarayanan\AppData\Local\Programs\Python\Python313\Lib\importlib\__init__.py", line 88, in import_module
    return _bootstrap._gcd_import(name[level:], package, level)
           ~~~~~~~~~~~~~~~~~~~~~~^^^^^^^^^^^^^^^^^^^^^^^^^^^^^^
  File "<frozen importlib._bootstrap>", line 1395, in _gcd_import
  File "<frozen importlib._bootstrap>", line 1360, in _find_and_load
  File "<frozen importlib._bootstrap>", line 1331, in _find_and_load_unlocked
  File "<frozen importlib._bootstrap>", line 935, in _load_unlocked
  File "<frozen importlib._bootstrap_external>", line 1023, in exec_module
  File "<frozen importlib._bootstrap>", line 488, in _call_with_frames_removed
  File "C:\Projects\customer-support-rag\.venv\Lib\site-packages\transformers\models\pp_formulanet\image_processing_pp_formulanet.py", line 23, in <module>
    from torchvision.transforms.v2 import functional as tvF
ModuleNotFoundError: No module named 'torchvision'
2026-08-31 13:37:13.219 Examining the path of transformers.models.pp_lcnet.image_processing_pp_lcnet_fast raised:
Traceback (most recent call last):
  File "C:\Projects\customer-support-rag\.venv\Lib\site-packages\streamlit\watcher\local_sources_watcher.py", line 340, in get_module_paths
    potential_paths = extract_paths(module)
  File "C:\Projects\customer-support-rag\.venv\Lib\site-packages\streamlit\watcher\local_sources_watcher.py", line 327, in <lambda>
    if hasattr(m, "__path__")
       ~~~~~~~^^^^^^^^^^^^^^^
  File "C:\Projects\customer-support-rag\.venv\Lib\site-packages\transformers\__init__.py", line 865, in _getattr
    return getattr(importlib.import_module(target, __name__), name)
                   ~~~~~~~~~~~~~~~~~~~~~~~^^^^^^^^^^^^^^^^^^
  File "C:\Users\suryanarayanan\AppData\Local\Programs\Python\Python313\Lib\importlib\__init__.py", line 88, in import_module
    return _bootstrap._gcd_import(name[level:], package, level)
           ~~~~~~~~~~~~~~~~~~~~~~^^^^^^^^^^^^^^^^^^^^^^^^^^^^^^
  File "<frozen importlib._bootstrap>", line 1395, in _gcd_import
  File "<frozen importlib._bootstrap>", line 1360, in _find_and_load
  File "<frozen importlib._bootstrap>", line 1331, in _find_and_load_unlocked
  File "<frozen importlib._bootstrap>", line 935, in _load_unlocked
  File "<frozen importlib._bootstrap_external>", line 1023, in exec_module
  File "<frozen importlib._bootstrap>", line 488, in _call_with_frames_removed
  File "C:\Projects\customer-support-rag\.venv\Lib\site-packages\transformers\models\pp_lcnet\image_processing_pp_lcnet.py", line 24, in <module>
    import torchvision.transforms.v2.functional as tvF
ModuleNotFoundError: No module named 'torchvision'
2026-08-31 13:37:13.223 Examining the path of transformers.models.pp_ocrv5_server_det.image_processing_pp_ocrv5_server_det_fast raised:
Traceback (most recent call last):
  File "C:\Projects\customer-support-rag\.venv\Lib\site-packages\streamlit\watcher\local_sources_watcher.py", line 340, in get_module_paths
    potential_paths = extract_paths(module)
  File "C:\Projects\customer-support-rag\.venv\Lib\site-packages\streamlit\watcher\local_sources_watcher.py", line 327, in <lambda>
    if hasattr(m, "__path__")
       ~~~~~~~^^^^^^^^^^^^^^^
  File "C:\Projects\customer-support-rag\.venv\Lib\site-packages\transformers\__init__.py", line 865, in _getattr
    return getattr(importlib.import_module(target, __name__), name)
                   ~~~~~~~~~~~~~~~~~~~~~~~^^^^^^^^^^^^^^^^^^
  File "C:\Users\suryanarayanan\AppData\Local\Programs\Python\Python313\Lib\importlib\__init__.py", line 88, in import_module
    return _bootstrap._gcd_import(name[level:], package, level)
           ~~~~~~~~~~~~~~~~~~~~~~^^^^^^^^^^^^^^^^^^^^^^^^^^^^^^
  File "<frozen importlib._bootstrap>", line 1395, in _gcd_import
  File "<frozen importlib._bootstrap>", line 1360, in _find_and_load
  File "<frozen importlib._bootstrap>", line 1331, in _find_and_load_unlocked
  File "<frozen importlib._bootstrap>", line 935, in _load_unlocked
  File "<frozen importlib._bootstrap_external>", line 1023, in exec_module
  File "<frozen importlib._bootstrap>", line 488, in _call_with_frames_removed
  File "C:\Projects\customer-support-rag\.venv\Lib\site-packages\transformers\models\pp_ocrv5_server_det\image_processing_pp_ocrv5_server_det.py", line 25, in <module>
    import torchvision.transforms.v2.functional as tvF
ModuleNotFoundError: No module named 'torchvision'
2026-08-31 13:37:13.227 Examining the path of transformers.models.pp_ocrv5_server_rec.image_processing_pp_ocrv5_server_rec_fast raised:
Traceback (most recent call last):
  File "C:\Projects\customer-support-rag\.venv\Lib\site-packages\streamlit\watcher\local_sources_watcher.py", line 340, in get_module_paths
    potential_paths = extract_paths(module)
  File "C:\Projects\customer-support-rag\.venv\Lib\site-packages\streamlit\watcher\local_sources_watcher.py", line 327, in <lambda>
    if hasattr(m, "__path__")
       ~~~~~~~^^^^^^^^^^^^^^^
  File "C:\Projects\customer-support-rag\.venv\Lib\site-packages\transformers\__init__.py", line 865, in _getattr
    return getattr(importlib.import_module(target, __name__), name)
                   ~~~~~~~~~~~~~~~~~~~~~~~^^^^^^^^^^^^^^^^^^
  File "C:\Users\suryanarayanan\AppData\Local\Programs\Python\Python313\Lib\importlib\__init__.py", line 88, in import_module
    return _bootstrap._gcd_import(name[level:], package, level)
           ~~~~~~~~~~~~~~~~~~~~~~^^^^^^^^^^^^^^^^^^^^^^^^^^^^^^
  File "<frozen importlib._bootstrap>", line 1395, in _gcd_import
  File "<frozen importlib._bootstrap>", line 1360, in _find_and_load
  File "<frozen importlib._bootstrap>", line 1331, in _find_and_load_unlocked
  File "<frozen importlib._bootstrap>", line 935, in _load_unlocked
  File "<frozen importlib._bootstrap_external>", line 1023, in exec_module
  File "<frozen importlib._bootstrap>", line 488, in _call_with_frames_removed
  File "C:\Projects\customer-support-rag\.venv\Lib\site-packages\transformers\models\pp_ocrv5_server_rec\image_processing_pp_ocrv5_server_rec.py", line 24, in <module>
    import torchvision.transforms.v2.functional as tvF
ModuleNotFoundError: No module named 'torchvision'
2026-08-31 13:37:13.230 Examining the path of transformers.models.pp_ocrv6_small_rec.image_processing_pp_ocrv6_small_rec_fast raised:
Traceback (most recent call last):
  File "C:\Projects\customer-support-rag\.venv\Lib\site-packages\streamlit\watcher\local_sources_watcher.py", line 340, in get_module_paths
    potential_paths = extract_paths(module)
  File "C:\Projects\customer-support-rag\.venv\Lib\site-packages\streamlit\watcher\local_sources_watcher.py", line 327, in <lambda>
    if hasattr(m, "__path__")
       ~~~~~~~^^^^^^^^^^^^^^^
  File "C:\Projects\customer-support-rag\.venv\Lib\site-packages\transformers\__init__.py", line 865, in _getattr
    return getattr(importlib.import_module(target, __name__), name)
                   ~~~~~~~~~~~~~~~~~~~~~~~^^^^^^^^^^^^^^^^^^
  File "C:\Users\suryanarayanan\AppData\Local\Programs\Python\Python313\Lib\importlib\__init__.py", line 88, in import_module
    return _bootstrap._gcd_import(name[level:], package, level)
           ~~~~~~~~~~~~~~~~~~~~~~^^^^^^^^^^^^^^^^^^^^^^^^^^^^^^
  File "<frozen importlib._bootstrap>", line 1395, in _gcd_import
  File "<frozen importlib._bootstrap>", line 1360, in _find_and_load
  File "<frozen importlib._bootstrap>", line 1331, in _find_and_load_unlocked
  File "<frozen importlib._bootstrap>", line 935, in _load_unlocked
  File "<frozen importlib._bootstrap_external>", line 1023, in exec_module
  File "<frozen importlib._bootstrap>", line 488, in _call_with_frames_removed
  File "C:\Projects\customer-support-rag\.venv\Lib\site-packages\transformers\models\pp_ocrv6_small_rec\image_processing_pp_ocrv6_small_rec.py", line 24, in <module>
    import torchvision.transforms.v2.functional as tvF
ModuleNotFoundError: No module named 'torchvision'
2026-08-31 13:37:13.237 Examining the path of transformers.models.prompt_depth_anything.image_processing_prompt_depth_anything_fast raised:
Traceback (most recent call last):
  File "C:\Projects\customer-support-rag\.venv\Lib\site-packages\streamlit\watcher\local_sources_watcher.py", line 340, in get_module_paths
    potential_paths = extract_paths(module)
  File "C:\Projects\customer-support-rag\.venv\Lib\site-packages\streamlit\watcher\local_sources_watcher.py", line 327, in <lambda>
    if hasattr(m, "__path__")
       ~~~~~~~^^^^^^^^^^^^^^^
  File "C:\Projects\customer-support-rag\.venv\Lib\site-packages\transformers\__init__.py", line 865, in _getattr
    return getattr(importlib.import_module(target, __name__), name)
                   ~~~~~~~~~~~~~~~~~~~~~~~^^^^^^^^^^^^^^^^^^
  File "C:\Users\suryanarayanan\AppData\Local\Programs\Python\Python313\Lib\importlib\__init__.py", line 88, in import_module
    return _bootstrap._gcd_import(name[level:], package, level)
           ~~~~~~~~~~~~~~~~~~~~~~^^^^^^^^^^^^^^^^^^^^^^^^^^^^^^
  File "<frozen importlib._bootstrap>", line 1395, in _gcd_import
  File "<frozen importlib._bootstrap>", line 1360, in _find_and_load
  File "<frozen importlib._bootstrap>", line 1331, in _find_and_load_unlocked
  File "<frozen importlib._bootstrap>", line 935, in _load_unlocked
  File "<frozen importlib._bootstrap_external>", line 1023, in exec_module
  File "<frozen importlib._bootstrap>", line 488, in _call_with_frames_removed
  File "C:\Projects\customer-support-rag\.venv\Lib\site-packages\transformers\models\prompt_depth_anything\image_processing_prompt_depth_anything.py", line 42, in <module>
    from torchvision.transforms.v2 import functional as tvF
ModuleNotFoundError: No module named 'torchvision'
2026-08-31 13:37:13.240 Examining the path of transformers.models.qwen2_vl.image_processing_qwen2_vl_fast raised:
Traceback (most recent call last):
  File "C:\Projects\customer-support-rag\.venv\Lib\site-packages\streamlit\watcher\local_sources_watcher.py", line 340, in get_module_paths
    potential_paths = extract_paths(module)
  File "C:\Projects\customer-support-rag\.venv\Lib\site-packages\streamlit\watcher\local_sources_watcher.py", line 327, in <lambda>
    if hasattr(m, "__path__")
       ~~~~~~~^^^^^^^^^^^^^^^
  File "C:\Projects\customer-support-rag\.venv\Lib\site-packages\transformers\__init__.py", line 865, in _getattr
    return getattr(importlib.import_module(target, __name__), name)
                   ~~~~~~~~~~~~~~~~~~~~~~~^^^^^^^^^^^^^^^^^^
  File "C:\Users\suryanarayanan\AppData\Local\Programs\Python\Python313\Lib\importlib\__init__.py", line 88, in import_module
    return _bootstrap._gcd_import(name[level:], package, level)
           ~~~~~~~~~~~~~~~~~~~~~~^^^^^^^^^^^^^^^^^^^^^^^^^^^^^^
  File "<frozen importlib._bootstrap>", line 1395, in _gcd_import
  File "<frozen importlib._bootstrap>", line 1360, in _find_and_load
  File "<frozen importlib._bootstrap>", line 1331, in _find_and_load_unlocked
  File "<frozen importlib._bootstrap>", line 935, in _load_unlocked
  File "<frozen importlib._bootstrap_external>", line 1023, in exec_module
  File "<frozen importlib._bootstrap>", line 488, in _call_with_frames_removed
  File "C:\Projects\customer-support-rag\.venv\Lib\site-packages\transformers\models\qwen2_vl\image_processing_qwen2_vl.py", line 25, in <module>
    from torchvision.transforms.v2 import functional as tvF
ModuleNotFoundError: No module named 'torchvision'
2026-08-31 13:37:13.244 Examining the path of transformers.models.rf_detr.image_processing_rf_detr_fast raised:
Traceback (most recent call last):
  File "C:\Projects\customer-support-rag\.venv\Lib\site-packages\streamlit\watcher\local_sources_watcher.py", line 340, in get_module_paths
    potential_paths = extract_paths(module)
  File "C:\Projects\customer-support-rag\.venv\Lib\site-packages\streamlit\watcher\local_sources_watcher.py", line 327, in <lambda>
    if hasattr(m, "__path__")
       ~~~~~~~^^^^^^^^^^^^^^^
  File "C:\Projects\customer-support-rag\.venv\Lib\site-packages\transformers\__init__.py", line 865, in _getattr
    return getattr(importlib.import_module(target, __name__), name)
                   ~~~~~~~~~~~~~~~~~~~~~~~^^^^^^^^^^^^^^^^^^
  File "C:\Users\suryanarayanan\AppData\Local\Programs\Python\Python313\Lib\importlib\__init__.py", line 88, in import_module
    return _bootstrap._gcd_import(name[level:], package, level)
           ~~~~~~~~~~~~~~~~~~~~~~^^^^^^^^^^^^^^^^^^^^^^^^^^^^^^
  File "<frozen importlib._bootstrap>", line 1395, in _gcd_import
  File "<frozen importlib._bootstrap>", line 1360, in _find_and_load
  File "<frozen importlib._bootstrap>", line 1331, in _find_and_load_unlocked
  File "<frozen importlib._bootstrap>", line 935, in _load_unlocked
  File "<frozen importlib._bootstrap_external>", line 1023, in exec_module
  File "<frozen importlib._bootstrap>", line 488, in _call_with_frames_removed
  File "C:\Projects\customer-support-rag\.venv\Lib\site-packages\transformers\models\rf_detr\image_processing_rf_detr.py", line 26, in <module>
    from torchvision.transforms.v2 import functional as tvF
ModuleNotFoundError: No module named 'torchvision'
2026-08-31 13:37:13.247 Examining the path of transformers.models.rt_detr.image_processing_rt_detr_fast raised:
Traceback (most recent call last):
  File "C:\Projects\customer-support-rag\.venv\Lib\site-packages\streamlit\watcher\local_sources_watcher.py", line 340, in get_module_paths
    potential_paths = extract_paths(module)
  File "C:\Projects\customer-support-rag\.venv\Lib\site-packages\streamlit\watcher\local_sources_watcher.py", line 327, in <lambda>
    if hasattr(m, "__path__")
       ~~~~~~~^^^^^^^^^^^^^^^
  File "C:\Projects\customer-support-rag\.venv\Lib\site-packages\transformers\__init__.py", line 865, in _getattr
    return getattr(importlib.import_module(target, __name__), name)
                   ~~~~~~~~~~~~~~~~~~~~~~~^^^^^^^^^^^^^^^^^^
  File "C:\Users\suryanarayanan\AppData\Local\Programs\Python\Python313\Lib\importlib\__init__.py", line 88, in import_module
    return _bootstrap._gcd_import(name[level:], package, level)
           ~~~~~~~~~~~~~~~~~~~~~~^^^^^^^^^^^^^^^^^^^^^^^^^^^^^^
  File "<frozen importlib._bootstrap>", line 1395, in _gcd_import
  File "<frozen importlib._bootstrap>", line 1360, in _find_and_load
  File "<frozen importlib._bootstrap>", line 1331, in _find_and_load_unlocked
  File "<frozen importlib._bootstrap>", line 935, in _load_unlocked
  File "<frozen importlib._bootstrap_external>", line 1023, in exec_module
  File "<frozen importlib._bootstrap>", line 488, in _call_with_frames_removed
  File "C:\Projects\customer-support-rag\.venv\Lib\site-packages\transformers\models\rt_detr\image_processing_rt_detr.py", line 24, in <module>
    from torchvision.transforms.v2 import functional as tvF
ModuleNotFoundError: No module named 'torchvision'
2026-08-31 13:37:13.250 Examining the path of transformers.models.sam.image_processing_sam_fast raised:
Traceback (most recent call last):
  File "C:\Projects\customer-support-rag\.venv\Lib\site-packages\streamlit\watcher\local_sources_watcher.py", line 340, in get_module_paths
    potential_paths = extract_paths(module)
  File "C:\Projects\customer-support-rag\.venv\Lib\site-packages\streamlit\watcher\local_sources_watcher.py", line 327, in <lambda>
    if hasattr(m, "__path__")
       ~~~~~~~^^^^^^^^^^^^^^^
  File "C:\Projects\customer-support-rag\.venv\Lib\site-packages\transformers\__init__.py", line 865, in _getattr
    return getattr(importlib.import_module(target, __name__), name)
                   ~~~~~~~~~~~~~~~~~~~~~~~^^^^^^^^^^^^^^^^^^
  File "C:\Users\suryanarayanan\AppData\Local\Programs\Python\Python313\Lib\importlib\__init__.py", line 88, in import_module
    return _bootstrap._gcd_import(name[level:], package, level)
           ~~~~~~~~~~~~~~~~~~~~~~^^^^^^^^^^^^^^^^^^^^^^^^^^^^^^
  File "<frozen importlib._bootstrap>", line 1395, in _gcd_import
  File "<frozen importlib._bootstrap>", line 1360, in _find_and_load
  File "<frozen importlib._bootstrap>", line 1331, in _find_and_load_unlocked
  File "<frozen importlib._bootstrap>", line 935, in _load_unlocked
  File "<frozen importlib._bootstrap_external>", line 1023, in exec_module
  File "<frozen importlib._bootstrap>", line 488, in _call_with_frames_removed
  File "C:\Projects\customer-support-rag\.venv\Lib\site-packages\transformers\models\sam\image_processing_sam.py", line 25, in <module>
    from torchvision.ops.boxes import batched_nms
ModuleNotFoundError: No module named 'torchvision'
2026-08-31 13:37:13.253 Examining the path of transformers.models.sam2.image_processing_sam2_fast raised:
Traceback (most recent call last):
  File "C:\Projects\customer-support-rag\.venv\Lib\site-packages\streamlit\watcher\local_sources_watcher.py", line 340, in get_module_paths
    potential_paths = extract_paths(module)
  File "C:\Projects\customer-support-rag\.venv\Lib\site-packages\streamlit\watcher\local_sources_watcher.py", line 327, in <lambda>
    if hasattr(m, "__path__")
       ~~~~~~~^^^^^^^^^^^^^^^
  File "C:\Projects\customer-support-rag\.venv\Lib\site-packages\transformers\__init__.py", line 865, in _getattr
    return getattr(importlib.import_module(target, __name__), name)
                   ~~~~~~~~~~~~~~~~~~~~~~~^^^^^^^^^^^^^^^^^^
  File "C:\Users\suryanarayanan\AppData\Local\Programs\Python\Python313\Lib\importlib\__init__.py", line 88, in import_module
    return _bootstrap._gcd_import(name[level:], package, level)
           ~~~~~~~~~~~~~~~~~~~~~~^^^^^^^^^^^^^^^^^^^^^^^^^^^^^^
  File "<frozen importlib._bootstrap>", line 1395, in _gcd_import
  File "<frozen importlib._bootstrap>", line 1360, in _find_and_load
  File "<frozen importlib._bootstrap>", line 1331, in _find_and_load_unlocked
  File "<frozen importlib._bootstrap>", line 935, in _load_unlocked
  File "<frozen importlib._bootstrap_external>", line 1023, in exec_module
  File "<frozen importlib._bootstrap>", line 488, in _call_with_frames_removed
  File "C:\Projects\customer-support-rag\.venv\Lib\site-packages\transformers\models\sam2\image_processing_sam2.py", line 28, in <module>
    from torchvision.ops.boxes import batched_nms
ModuleNotFoundError: No module named 'torchvision'
2026-08-31 13:37:13.256 Examining the path of transformers.models.sam3.image_processing_sam3_fast raised:
Traceback (most recent call last):
  File "C:\Projects\customer-support-rag\.venv\Lib\site-packages\streamlit\watcher\local_sources_watcher.py", line 340, in get_module_paths
    potential_paths = extract_paths(module)
  File "C:\Projects\customer-support-rag\.venv\Lib\site-packages\streamlit\watcher\local_sources_watcher.py", line 327, in <lambda>
    if hasattr(m, "__path__")
       ~~~~~~~^^^^^^^^^^^^^^^
  File "C:\Projects\customer-support-rag\.venv\Lib\site-packages\transformers\__init__.py", line 865, in _getattr
    return getattr(importlib.import_module(target, __name__), name)
                   ~~~~~~~~~~~~~~~~~~~~~~~^^^^^^^^^^^^^^^^^^
  File "C:\Users\suryanarayanan\AppData\Local\Programs\Python\Python313\Lib\importlib\__init__.py", line 88, in import_module
    return _bootstrap._gcd_import(name[level:], package, level)
           ~~~~~~~~~~~~~~~~~~~~~~^^^^^^^^^^^^^^^^^^^^^^^^^^^^^^
  File "<frozen importlib._bootstrap>", line 1395, in _gcd_import
  File "<frozen importlib._bootstrap>", line 1360, in _find_and_load
  File "<frozen importlib._bootstrap>", line 1331, in _find_and_load_unlocked
  File "<frozen importlib._bootstrap>", line 935, in _load_unlocked
  File "<frozen importlib._bootstrap_external>", line 1023, in exec_module
  File "<frozen importlib._bootstrap>", line 488, in _call_with_frames_removed
  File "C:\Projects\customer-support-rag\.venv\Lib\site-packages\transformers\models\sam3\image_processing_sam3.py", line 30, in <module>
    from torchvision.ops.boxes import batched_nms
ModuleNotFoundError: No module named 'torchvision'
2026-08-31 13:37:13.268 Examining the path of transformers.models.sapiens2.image_processing_sapiens2_fast raised:
Traceback (most recent call last):
  File "C:\Projects\customer-support-rag\.venv\Lib\site-packages\streamlit\watcher\local_sources_watcher.py", line 340, in get_module_paths
    potential_paths = extract_paths(module)
  File "C:\Projects\customer-support-rag\.venv\Lib\site-packages\streamlit\watcher\local_sources_watcher.py", line 327, in <lambda>
    if hasattr(m, "__path__")
       ~~~~~~~^^^^^^^^^^^^^^^
  File "C:\Projects\customer-support-rag\.venv\Lib\site-packages\transformers\__init__.py", line 865, in _getattr
    return getattr(importlib.import_module(target, __name__), name)
                   ~~~~~~~~~~~~~~~~~~~~~~~^^^^^^^^^^^^^^^^^^
  File "C:\Users\suryanarayanan\AppData\Local\Programs\Python\Python313\Lib\importlib\__init__.py", line 88, in import_module
    return _bootstrap._gcd_import(name[level:], package, level)
           ~~~~~~~~~~~~~~~~~~~~~~^^^^^^^^^^^^^^^^^^^^^^^^^^^^^^
  File "<frozen importlib._bootstrap>", line 1395, in _gcd_import
  File "<frozen importlib._bootstrap>", line 1360, in _find_and_load
  File "<frozen importlib._bootstrap>", line 1331, in _find_and_load_unlocked
  File "<frozen importlib._bootstrap>", line 935, in _load_unlocked
  File "<frozen importlib._bootstrap_external>", line 1023, in exec_module
  File "<frozen importlib._bootstrap>", line 488, in _call_with_frames_removed
  File "C:\Projects\customer-support-rag\.venv\Lib\site-packages\transformers\models\sapiens2\image_processing_sapiens2.py", line 23, in <module>
    from torchvision.transforms.v2 import functional as tvF
ModuleNotFoundError: No module named 'torchvision'
2026-08-31 13:37:13.273 Examining the path of transformers.models.segformer.image_processing_segformer_fast raised:
Traceback (most recent call last):
  File "C:\Projects\customer-support-rag\.venv\Lib\site-packages\streamlit\watcher\local_sources_watcher.py", line 340, in get_module_paths
    potential_paths = extract_paths(module)
  File "C:\Projects\customer-support-rag\.venv\Lib\site-packages\streamlit\watcher\local_sources_watcher.py", line 327, in <lambda>
    if hasattr(m, "__path__")
       ~~~~~~~^^^^^^^^^^^^^^^
  File "C:\Projects\customer-support-rag\.venv\Lib\site-packages\transformers\__init__.py", line 865, in _getattr
    return getattr(importlib.import_module(target, __name__), name)
                   ~~~~~~~~~~~~~~~~~~~~~~~^^^^^^^^^^^^^^^^^^
  File "C:\Users\suryanarayanan\AppData\Local\Programs\Python\Python313\Lib\importlib\__init__.py", line 88, in import_module
    return _bootstrap._gcd_import(name[level:], package, level)
           ~~~~~~~~~~~~~~~~~~~~~~^^^^^^^^^^^^^^^^^^^^^^^^^^^^^^
  File "<frozen importlib._bootstrap>", line 1395, in _gcd_import
  File "<frozen importlib._bootstrap>", line 1360, in _find_and_load
  File "<frozen importlib._bootstrap>", line 1331, in _find_and_load_unlocked
  File "<frozen importlib._bootstrap>", line 935, in _load_unlocked
  File "<frozen importlib._bootstrap_external>", line 1023, in exec_module
  File "<frozen importlib._bootstrap>", line 488, in _call_with_frames_removed
  File "C:\Projects\customer-support-rag\.venv\Lib\site-packages\transformers\models\segformer\image_processing_segformer.py", line 25, in <module>
    import torchvision.transforms.v2.functional as tvF
ModuleNotFoundError: No module named 'torchvision'
2026-08-31 13:37:13.276 Examining the path of transformers.models.seggpt.image_processing_seggpt_fast raised:
Traceback (most recent call last):
  File "C:\Projects\customer-support-rag\.venv\Lib\site-packages\streamlit\watcher\local_sources_watcher.py", line 340, in get_module_paths
    potential_paths = extract_paths(module)
  File "C:\Projects\customer-support-rag\.venv\Lib\site-packages\streamlit\watcher\local_sources_watcher.py", line 327, in <lambda>
    if hasattr(m, "__path__")
       ~~~~~~~^^^^^^^^^^^^^^^
  File "C:\Projects\customer-support-rag\.venv\Lib\site-packages\transformers\__init__.py", line 865, in _getattr
    return getattr(importlib.import_module(target, __name__), name)
                   ~~~~~~~~~~~~~~~~~~~~~~~^^^^^^^^^^^^^^^^^^
  File "C:\Users\suryanarayanan\AppData\Local\Programs\Python\Python313\Lib\importlib\__init__.py", line 88, in import_module
    return _bootstrap._gcd_import(name[level:], package, level)
           ~~~~~~~~~~~~~~~~~~~~~~^^^^^^^^^^^^^^^^^^^^^^^^^^^^^^
  File "<frozen importlib._bootstrap>", line 1395, in _gcd_import
  File "<frozen importlib._bootstrap>", line 1360, in _find_and_load
  File "<frozen importlib._bootstrap>", line 1331, in _find_and_load_unlocked
  File "<frozen importlib._bootstrap>", line 935, in _load_unlocked
  File "<frozen importlib._bootstrap_external>", line 1023, in exec_module
  File "<frozen importlib._bootstrap>", line 488, in _call_with_frames_removed
  File "C:\Projects\customer-support-rag\.venv\Lib\site-packages\transformers\models\seggpt\image_processing_seggpt.py", line 20, in <module>
    from torchvision.transforms.v2 import functional as tvF
ModuleNotFoundError: No module named 'torchvision'
2026-08-31 13:37:13.279 Examining the path of transformers.models.siglip2.image_processing_siglip2_fast raised:
Traceback (most recent call last):
  File "C:\Projects\customer-support-rag\.venv\Lib\site-packages\streamlit\watcher\local_sources_watcher.py", line 340, in get_module_paths
    potential_paths = extract_paths(module)
  File "C:\Projects\customer-support-rag\.venv\Lib\site-packages\streamlit\watcher\local_sources_watcher.py", line 327, in <lambda>
    if hasattr(m, "__path__")
       ~~~~~~~^^^^^^^^^^^^^^^
  File "C:\Projects\customer-support-rag\.venv\Lib\site-packages\transformers\__init__.py", line 865, in _getattr
    return getattr(importlib.import_module(target, __name__), name)
                   ~~~~~~~~~~~~~~~~~~~~~~~^^^^^^^^^^^^^^^^^^
  File "C:\Users\suryanarayanan\AppData\Local\Programs\Python\Python313\Lib\importlib\__init__.py", line 88, in import_module
    return _bootstrap._gcd_import(name[level:], package, level)
           ~~~~~~~~~~~~~~~~~~~~~~^^^^^^^^^^^^^^^^^^^^^^^^^^^^^^
  File "<frozen importlib._bootstrap>", line 1395, in _gcd_import
  File "<frozen importlib._bootstrap>", line 1360, in _find_and_load
  File "<frozen importlib._bootstrap>", line 1331, in _find_and_load_unlocked
  File "<frozen importlib._bootstrap>", line 935, in _load_unlocked
  File "<frozen importlib._bootstrap_external>", line 1023, in exec_module
  File "<frozen importlib._bootstrap>", line 488, in _call_with_frames_removed
  File "C:\Projects\customer-support-rag\.venv\Lib\site-packages\transformers\models\siglip2\image_processing_siglip2.py", line 17, in <module>
    from torchvision.transforms.v2 import functional as tvF
ModuleNotFoundError: No module named 'torchvision'
2026-08-31 13:37:13.286 Examining the path of transformers.models.slanext.image_processing_slanext_fast raised:
Traceback (most recent call last):
  File "C:\Projects\customer-support-rag\.venv\Lib\site-packages\streamlit\watcher\local_sources_watcher.py", line 340, in get_module_paths
    potential_paths = extract_paths(module)
  File "C:\Projects\customer-support-rag\.venv\Lib\site-packages\streamlit\watcher\local_sources_watcher.py", line 327, in <lambda>
    if hasattr(m, "__path__")
       ~~~~~~~^^^^^^^^^^^^^^^
  File "C:\Projects\customer-support-rag\.venv\Lib\site-packages\transformers\__init__.py", line 865, in _getattr
    return getattr(importlib.import_module(target, __name__), name)
                   ~~~~~~~~~~~~~~~~~~~~~~~^^^^^^^^^^^^^^^^^^
  File "C:\Users\suryanarayanan\AppData\Local\Programs\Python\Python313\Lib\importlib\__init__.py", line 88, in import_module
    return _bootstrap._gcd_import(name[level:], package, level)
           ~~~~~~~~~~~~~~~~~~~~~~^^^^^^^^^^^^^^^^^^^^^^^^^^^^^^
  File "<frozen importlib._bootstrap>", line 1395, in _gcd_import
  File "<frozen importlib._bootstrap>", line 1360, in _find_and_load
  File "<frozen importlib._bootstrap>", line 1331, in _find_and_load_unlocked
  File "<frozen importlib._bootstrap>", line 935, in _load_unlocked
  File "<frozen importlib._bootstrap_external>", line 1023, in exec_module
  File "<frozen importlib._bootstrap>", line 488, in _call_with_frames_removed
  File "C:\Projects\customer-support-rag\.venv\Lib\site-packages\transformers\models\slanext\image_processing_slanext.py", line 23, in <module>
    import torchvision.transforms.v2.functional as tvF
ModuleNotFoundError: No module named 'torchvision'
2026-08-31 13:37:13.294 Examining the path of transformers.models.smolvlm.image_processing_smolvlm_fast raised:
Traceback (most recent call last):
  File "C:\Projects\customer-support-rag\.venv\Lib\site-packages\streamlit\watcher\local_sources_watcher.py", line 340, in get_module_paths
    potential_paths = extract_paths(module)
  File "C:\Projects\customer-support-rag\.venv\Lib\site-packages\streamlit\watcher\local_sources_watcher.py", line 327, in <lambda>
    if hasattr(m, "__path__")
       ~~~~~~~^^^^^^^^^^^^^^^
  File "C:\Projects\customer-support-rag\.venv\Lib\site-packages\transformers\__init__.py", line 865, in _getattr
    return getattr(importlib.import_module(target, __name__), name)
                   ~~~~~~~~~~~~~~~~~~~~~~~^^^^^^^^^^^^^^^^^^
  File "C:\Users\suryanarayanan\AppData\Local\Programs\Python\Python313\Lib\importlib\__init__.py", line 88, in import_module
    return _bootstrap._gcd_import(name[level:], package, level)
           ~~~~~~~~~~~~~~~~~~~~~~^^^^^^^^^^^^^^^^^^^^^^^^^^^^^^
  File "<frozen importlib._bootstrap>", line 1395, in _gcd_import
  File "<frozen importlib._bootstrap>", line 1360, in _find_and_load
  File "<frozen importlib._bootstrap>", line 1331, in _find_and_load_unlocked
  File "<frozen importlib._bootstrap>", line 935, in _load_unlocked
  File "<frozen importlib._bootstrap_external>", line 1023, in exec_module
  File "<frozen importlib._bootstrap>", line 488, in _call_with_frames_removed
  File "C:\Projects\customer-support-rag\.venv\Lib\site-packages\transformers\models\smolvlm\image_processing_smolvlm.py", line 27, in <module>
    from torchvision.transforms.v2 import functional as tvF
ModuleNotFoundError: No module named 'torchvision'
2026-08-31 13:37:13.301 Examining the path of transformers.models.superglue.image_processing_superglue_fast raised:
Traceback (most recent call last):
  File "C:\Projects\customer-support-rag\.venv\Lib\site-packages\streamlit\watcher\local_sources_watcher.py", line 340, in get_module_paths
    potential_paths = extract_paths(module)
  File "C:\Projects\customer-support-rag\.venv\Lib\site-packages\streamlit\watcher\local_sources_watcher.py", line 327, in <lambda>
    if hasattr(m, "__path__")
       ~~~~~~~^^^^^^^^^^^^^^^
  File "C:\Projects\customer-support-rag\.venv\Lib\site-packages\transformers\__init__.py", line 865, in _getattr
    return getattr(importlib.import_module(target, __name__), name)
                   ~~~~~~~~~~~~~~~~~~~~~~~^^^^^^^^^^^^^^^^^^
  File "C:\Users\suryanarayanan\AppData\Local\Programs\Python\Python313\Lib\importlib\__init__.py", line 88, in import_module
    return _bootstrap._gcd_import(name[level:], package, level)
           ~~~~~~~~~~~~~~~~~~~~~~^^^^^^^^^^^^^^^^^^^^^^^^^^^^^^
  File "<frozen importlib._bootstrap>", line 1395, in _gcd_import
  File "<frozen importlib._bootstrap>", line 1360, in _find_and_load
  File "<frozen importlib._bootstrap>", line 1331, in _find_and_load_unlocked
  File "<frozen importlib._bootstrap>", line 935, in _load_unlocked
  File "<frozen importlib._bootstrap_external>", line 1023, in exec_module
  File "<frozen importlib._bootstrap>", line 488, in _call_with_frames_removed
  File "C:\Projects\customer-support-rag\.venv\Lib\site-packages\transformers\models\superglue\image_processing_superglue.py", line 47, in <module>
    from torchvision.transforms.v2 import functional as tvF
ModuleNotFoundError: No module named 'torchvision'
2026-08-31 13:37:13.306 Examining the path of transformers.models.superpoint.image_processing_superpoint_fast raised:
Traceback (most recent call last):
  File "C:\Projects\customer-support-rag\.venv\Lib\site-packages\streamlit\watcher\local_sources_watcher.py", line 340, in get_module_paths
    potential_paths = extract_paths(module)
  File "C:\Projects\customer-support-rag\.venv\Lib\site-packages\streamlit\watcher\local_sources_watcher.py", line 327, in <lambda>
    if hasattr(m, "__path__")
       ~~~~~~~^^^^^^^^^^^^^^^
  File "C:\Projects\customer-support-rag\.venv\Lib\site-packages\transformers\__init__.py", line 865, in _getattr
    return getattr(importlib.import_module(target, __name__), name)
                   ~~~~~~~~~~~~~~~~~~~~~~~^^^^^^^^^^^^^^^^^^
  File "C:\Users\suryanarayanan\AppData\Local\Programs\Python\Python313\Lib\importlib\__init__.py", line 88, in import_module
    return _bootstrap._gcd_import(name[level:], package, level)
           ~~~~~~~~~~~~~~~~~~~~~~^^^^^^^^^^^^^^^^^^^^^^^^^^^^^^
  File "<frozen importlib._bootstrap>", line 1395, in _gcd_import
  File "<frozen importlib._bootstrap>", line 1360, in _find_and_load
  File "<frozen importlib._bootstrap>", line 1331, in _find_and_load_unlocked
  File "<frozen importlib._bootstrap>", line 935, in _load_unlocked
  File "<frozen importlib._bootstrap_external>", line 1023, in exec_module
  File "<frozen importlib._bootstrap>", line 488, in _call_with_frames_removed
  File "C:\Projects\customer-support-rag\.venv\Lib\site-packages\transformers\models\superpoint\image_processing_superpoint.py", line 31, in <module>
    from torchvision.transforms.v2 import functional as tvF
ModuleNotFoundError: No module named 'torchvision'
2026-08-31 13:37:13.310 Examining the path of transformers.models.swin2sr.image_processing_swin2sr_fast raised:
Traceback (most recent call last):
  File "C:\Projects\customer-support-rag\.venv\Lib\site-packages\streamlit\watcher\local_sources_watcher.py", line 340, in get_module_paths
    potential_paths = extract_paths(module)
  File "C:\Projects\customer-support-rag\.venv\Lib\site-packages\streamlit\watcher\local_sources_watcher.py", line 327, in <lambda>
    if hasattr(m, "__path__")
       ~~~~~~~^^^^^^^^^^^^^^^
  File "C:\Projects\customer-support-rag\.venv\Lib\site-packages\transformers\__init__.py", line 865, in _getattr
    return getattr(importlib.import_module(target, __name__), name)
                   ~~~~~~~~~~~~~~~~~~~~~~~^^^^^^^^^^^^^^^^^^
  File "C:\Users\suryanarayanan\AppData\Local\Programs\Python\Python313\Lib\importlib\__init__.py", line 88, in import_module
    return _bootstrap._gcd_import(name[level:], package, level)
           ~~~~~~~~~~~~~~~~~~~~~~^^^^^^^^^^^^^^^^^^^^^^^^^^^^^^
  File "<frozen importlib._bootstrap>", line 1395, in _gcd_import
  File "<frozen importlib._bootstrap>", line 1360, in _find_and_load
  File "<frozen importlib._bootstrap>", line 1331, in _find_and_load_unlocked
  File "<frozen importlib._bootstrap>", line 935, in _load_unlocked
  File "<frozen importlib._bootstrap_external>", line 1023, in exec_module
  File "<frozen importlib._bootstrap>", line 488, in _call_with_frames_removed
  File "C:\Projects\customer-support-rag\.venv\Lib\site-packages\transformers\models\swin2sr\image_processing_swin2sr.py", line 17, in <module>
    from torchvision.transforms.v2 import functional as tvF
ModuleNotFoundError: No module named 'torchvision'
2026-08-31 13:37:13.314 Examining the path of transformers.models.textnet.image_processing_textnet_fast raised:
Traceback (most recent call last):
  File "C:\Projects\customer-support-rag\.venv\Lib\site-packages\streamlit\watcher\local_sources_watcher.py", line 340, in get_module_paths
    potential_paths = extract_paths(module)
  File "C:\Projects\customer-support-rag\.venv\Lib\site-packages\streamlit\watcher\local_sources_watcher.py", line 327, in <lambda>
    if hasattr(m, "__path__")
       ~~~~~~~^^^^^^^^^^^^^^^
  File "C:\Projects\customer-support-rag\.venv\Lib\site-packages\transformers\__init__.py", line 865, in _getattr
    return getattr(importlib.import_module(target, __name__), name)
                   ~~~~~~~~~~~~~~~~~~~~~~~^^^^^^^^^^^^^^^^^^
  File "C:\Users\suryanarayanan\AppData\Local\Programs\Python\Python313\Lib\importlib\__init__.py", line 88, in import_module
    return _bootstrap._gcd_import(name[level:], package, level)
           ~~~~~~~~~~~~~~~~~~~~~~^^^^^^^^^^^^^^^^^^^^^^^^^^^^^^
  File "<frozen importlib._bootstrap>", line 1395, in _gcd_import
  File "<frozen importlib._bootstrap>", line 1360, in _find_and_load
  File "<frozen importlib._bootstrap>", line 1331, in _find_and_load_unlocked
  File "<frozen importlib._bootstrap>", line 935, in _load_unlocked
  File "<frozen importlib._bootstrap_external>", line 1023, in exec_module
  File "<frozen importlib._bootstrap>", line 488, in _call_with_frames_removed
  File "C:\Projects\customer-support-rag\.venv\Lib\site-packages\transformers\models\textnet\image_processing_textnet.py", line 17, in <module>
    from torchvision.transforms.v2 import functional as tvF
ModuleNotFoundError: No module named 'torchvision'
2026-08-31 13:37:13.324 Examining the path of transformers.models.tvp.image_processing_tvp_fast raised:
Traceback (most recent call last):
  File "C:\Projects\customer-support-rag\.venv\Lib\site-packages\streamlit\watcher\local_sources_watcher.py", line 340, in get_module_paths
    potential_paths = extract_paths(module)
  File "C:\Projects\customer-support-rag\.venv\Lib\site-packages\streamlit\watcher\local_sources_watcher.py", line 327, in <lambda>
    if hasattr(m, "__path__")
       ~~~~~~~^^^^^^^^^^^^^^^
  File "C:\Projects\customer-support-rag\.venv\Lib\site-packages\transformers\__init__.py", line 865, in _getattr
    return getattr(importlib.import_module(target, __name__), name)
                   ~~~~~~~~~~~~~~~~~~~~~~~^^^^^^^^^^^^^^^^^^
  File "C:\Users\suryanarayanan\AppData\Local\Programs\Python\Python313\Lib\importlib\__init__.py", line 88, in import_module
    return _bootstrap._gcd_import(name[level:], package, level)
           ~~~~~~~~~~~~~~~~~~~~~~^^^^^^^^^^^^^^^^^^^^^^^^^^^^^^
  File "<frozen importlib._bootstrap>", line 1395, in _gcd_import
  File "<frozen importlib._bootstrap>", line 1360, in _find_and_load
  File "<frozen importlib._bootstrap>", line 1331, in _find_and_load_unlocked
  File "<frozen importlib._bootstrap>", line 935, in _load_unlocked
  File "<frozen importlib._bootstrap_external>", line 1023, in exec_module
  File "<frozen importlib._bootstrap>", line 488, in _call_with_frames_removed
  File "C:\Projects\customer-support-rag\.venv\Lib\site-packages\transformers\models\tvp\image_processing_tvp.py", line 17, in <module>
    from torchvision.transforms.v2 import functional as tvF
ModuleNotFoundError: No module named 'torchvision'
2026-08-31 13:37:13.339 Examining the path of transformers.models.video_llama_3.image_processing_video_llama_3_fast raised:
Traceback (most recent call last):
  File "C:\Projects\customer-support-rag\.venv\Lib\site-packages\streamlit\watcher\local_sources_watcher.py", line 340, in get_module_paths
    potential_paths = extract_paths(module)
  File "C:\Projects\customer-support-rag\.venv\Lib\site-packages\streamlit\watcher\local_sources_watcher.py", line 327, in <lambda>
    if hasattr(m, "__path__")
       ~~~~~~~^^^^^^^^^^^^^^^
  File "C:\Projects\customer-support-rag\.venv\Lib\site-packages\transformers\__init__.py", line 865, in _getattr
    return getattr(importlib.import_module(target, __name__), name)
                   ~~~~~~~~~~~~~~~~~~~~~~~^^^^^^^^^^^^^^^^^^
  File "C:\Users\suryanarayanan\AppData\Local\Programs\Python\Python313\Lib\importlib\__init__.py", line 88, in import_module
    return _bootstrap._gcd_import(name[level:], package, level)
           ~~~~~~~~~~~~~~~~~~~~~~^^^^^^^^^^^^^^^^^^^^^^^^^^^^^^
  File "<frozen importlib._bootstrap>", line 1395, in _gcd_import
  File "<frozen importlib._bootstrap>", line 1360, in _find_and_load
  File "<frozen importlib._bootstrap>", line 1331, in _find_and_load_unlocked
  File "<frozen importlib._bootstrap>", line 935, in _load_unlocked
  File "<frozen importlib._bootstrap_external>", line 1023, in exec_module
  File "<frozen importlib._bootstrap>", line 488, in _call_with_frames_removed
  File "C:\Projects\customer-support-rag\.venv\Lib\site-packages\transformers\models\video_llama_3\image_processing_video_llama_3.py", line 24, in <module>
    import torchvision.transforms.v2.functional as tvF
ModuleNotFoundError: No module named 'torchvision'
2026-08-31 13:37:13.354 Examining the path of transformers.models.videomae.image_processing_videomae_fast raised:
Traceback (most recent call last):
  File "C:\Projects\customer-support-rag\.venv\Lib\site-packages\streamlit\watcher\local_sources_watcher.py", line 340, in get_module_paths
    potential_paths = extract_paths(module)
  File "C:\Projects\customer-support-rag\.venv\Lib\site-packages\streamlit\watcher\local_sources_watcher.py", line 327, in <lambda>
    if hasattr(m, "__path__")
       ~~~~~~~^^^^^^^^^^^^^^^
  File "C:\Projects\customer-support-rag\.venv\Lib\site-packages\transformers\__init__.py", line 865, in _getattr
    return getattr(importlib.import_module(target, __name__), name)
                   ~~~~~~~~~~~~~~~~~~~~~~~^^^^^^^^^^^^^^^^^^
  File "C:\Users\suryanarayanan\AppData\Local\Programs\Python\Python313\Lib\importlib\__init__.py", line 88, in import_module
    return _bootstrap._gcd_import(name[level:], package, level)
           ~~~~~~~~~~~~~~~~~~~~~~^^^^^^^^^^^^^^^^^^^^^^^^^^^^^^
  File "<frozen importlib._bootstrap>", line 1395, in _gcd_import
  File "<frozen importlib._bootstrap>", line 1360, in _find_and_load
  File "<frozen importlib._bootstrap>", line 1331, in _find_and_load_unlocked
  File "<frozen importlib._bootstrap>", line 935, in _load_unlocked
  File "<frozen importlib._bootstrap_external>", line 1023, in exec_module
  File "<frozen importlib._bootstrap>", line 488, in _call_with_frames_removed
  File "C:\Projects\customer-support-rag\.venv\Lib\site-packages\transformers\models\videomae\image_processing_videomae.py", line 17, in <module>
    from torchvision.transforms.v2 import functional as tvF
ModuleNotFoundError: No module named 'torchvision'
2026-08-31 13:37:13.362 Examining the path of transformers.models.vilt.image_processing_vilt_fast raised:
Traceback (most recent call last):
  File "C:\Projects\customer-support-rag\.venv\Lib\site-packages\streamlit\watcher\local_sources_watcher.py", line 340, in get_module_paths
    potential_paths = extract_paths(module)
  File "C:\Projects\customer-support-rag\.venv\Lib\site-packages\streamlit\watcher\local_sources_watcher.py", line 327, in <lambda>
    if hasattr(m, "__path__")
       ~~~~~~~^^^^^^^^^^^^^^^
  File "C:\Projects\customer-support-rag\.venv\Lib\site-packages\transformers\__init__.py", line 865, in _getattr
    return getattr(importlib.import_module(target, __name__), name)
                   ~~~~~~~~~~~~~~~~~~~~~~~^^^^^^^^^^^^^^^^^^
  File "C:\Users\suryanarayanan\AppData\Local\Programs\Python\Python313\Lib\importlib\__init__.py", line 88, in import_module
    return _bootstrap._gcd_import(name[level:], package, level)
           ~~~~~~~~~~~~~~~~~~~~~~^^^^^^^^^^^^^^^^^^^^^^^^^^^^^^
  File "<frozen importlib._bootstrap>", line 1395, in _gcd_import
  File "<frozen importlib._bootstrap>", line 1360, in _find_and_load
  File "<frozen importlib._bootstrap>", line 1331, in _find_and_load_unlocked
  File "<frozen importlib._bootstrap>", line 935, in _load_unlocked
  File "<frozen importlib._bootstrap_external>", line 1023, in exec_module
  File "<frozen importlib._bootstrap>", line 488, in _call_with_frames_removed
  File "C:\Projects\customer-support-rag\.venv\Lib\site-packages\transformers\models\vilt\image_processing_vilt.py", line 17, in <module>
    from torchvision.transforms.v2 import functional as tvF
ModuleNotFoundError: No module named 'torchvision'
2026-08-31 13:37:13.368 Examining the path of transformers.models.vitmatte.image_processing_vitmatte_fast raised:
Traceback (most recent call last):
  File "C:\Projects\customer-support-rag\.venv\Lib\site-packages\streamlit\watcher\local_sources_watcher.py", line 340, in get_module_paths
    potential_paths = extract_paths(module)
  File "C:\Projects\customer-support-rag\.venv\Lib\site-packages\streamlit\watcher\local_sources_watcher.py", line 327, in <lambda>
    if hasattr(m, "__path__")
       ~~~~~~~^^^^^^^^^^^^^^^
  File "C:\Projects\customer-support-rag\.venv\Lib\site-packages\transformers\__init__.py", line 865, in _getattr
    return getattr(importlib.import_module(target, __name__), name)
                   ~~~~~~~~~~~~~~~~~~~~~~~^^^^^^^^^^^^^^^^^^
  File "C:\Users\suryanarayanan\AppData\Local\Programs\Python\Python313\Lib\importlib\__init__.py", line 88, in import_module
    return _bootstrap._gcd_import(name[level:], package, level)
           ~~~~~~~~~~~~~~~~~~~~~~^^^^^^^^^^^^^^^^^^^^^^^^^^^^^^
  File "<frozen importlib._bootstrap>", line 1395, in _gcd_import
  File "<frozen importlib._bootstrap>", line 1360, in _find_and_load
  File "<frozen importlib._bootstrap>", line 1331, in _find_and_load_unlocked
  File "<frozen importlib._bootstrap>", line 935, in _load_unlocked
  File "<frozen importlib._bootstrap_external>", line 1023, in exec_module
  File "<frozen importlib._bootstrap>", line 488, in _call_with_frames_removed
  File "C:\Projects\customer-support-rag\.venv\Lib\site-packages\transformers\models\vitmatte\image_processing_vitmatte.py", line 19, in <module>
    from torchvision.transforms.v2 import functional as tvF
ModuleNotFoundError: No module named 'torchvision'
2026-08-31 13:37:13.373 Examining the path of transformers.models.vitpose.image_processing_vitpose_fast raised:
Traceback (most recent call last):
  File "C:\Projects\customer-support-rag\.venv\Lib\site-packages\streamlit\watcher\local_sources_watcher.py", line 340, in get_module_paths
    potential_paths = extract_paths(module)
  File "C:\Projects\customer-support-rag\.venv\Lib\site-packages\streamlit\watcher\local_sources_watcher.py", line 327, in <lambda>
    if hasattr(m, "__path__")
       ~~~~~~~^^^^^^^^^^^^^^^
  File "C:\Projects\customer-support-rag\.venv\Lib\site-packages\transformers\__init__.py", line 865, in _getattr
    return getattr(importlib.import_module(target, __name__), name)
                   ~~~~~~~~~~~~~~~~~~~~~~~^^^^^^^^^^^^^^^^^^
  File "C:\Users\suryanarayanan\AppData\Local\Programs\Python\Python313\Lib\importlib\__init__.py", line 88, in import_module
    return _bootstrap._gcd_import(name[level:], package, level)
           ~~~~~~~~~~~~~~~~~~~~~~^^^^^^^^^^^^^^^^^^^^^^^^^^^^^^
  File "<frozen importlib._bootstrap>", line 1395, in _gcd_import
  File "<frozen importlib._bootstrap>", line 1360, in _find_and_load
  File "<frozen importlib._bootstrap>", line 1331, in _find_and_load_unlocked
  File "<frozen importlib._bootstrap>", line 935, in _load_unlocked
  File "<frozen importlib._bootstrap_external>", line 1023, in exec_module
  File "<frozen importlib._bootstrap>", line 488, in _call_with_frames_removed
  File "C:\Projects\customer-support-rag\.venv\Lib\site-packages\transformers\models\vitpose\image_processing_vitpose.py", line 22, in <module>
    from torchvision.transforms.v2 import functional as tvF
ModuleNotFoundError: No module named 'torchvision'
2026-08-31 13:37:13.376 Examining the path of transformers.models.yolos.image_processing_yolos_fast raised:
Traceback (most recent call last):
  File "C:\Projects\customer-support-rag\.venv\Lib\site-packages\streamlit\watcher\local_sources_watcher.py", line 340, in get_module_paths
    potential_paths = extract_paths(module)
  File "C:\Projects\customer-support-rag\.venv\Lib\site-packages\streamlit\watcher\local_sources_watcher.py", line 327, in <lambda>
    if hasattr(m, "__path__")
       ~~~~~~~^^^^^^^^^^^^^^^
  File "C:\Projects\customer-support-rag\.venv\Lib\site-packages\transformers\__init__.py", line 865, in _getattr
    return getattr(importlib.import_module(target, __name__), name)
                   ~~~~~~~~~~~~~~~~~~~~~~~^^^^^^^^^^^^^^^^^^
  File "C:\Users\suryanarayanan\AppData\Local\Programs\Python\Python313\Lib\importlib\__init__.py", line 88, in import_module
    return _bootstrap._gcd_import(name[level:], package, level)
           ~~~~~~~~~~~~~~~~~~~~~~^^^^^^^^^^^^^^^^^^^^^^^^^^^^^^
  File "<frozen importlib._bootstrap>", line 1395, in _gcd_import
  File "<frozen importlib._bootstrap>", line 1360, in _find_and_load
  File "<frozen importlib._bootstrap>", line 1331, in _find_and_load_unlocked
  File "<frozen importlib._bootstrap>", line 935, in _load_unlocked
  File "<frozen importlib._bootstrap_external>", line 1023, in exec_module
  File "<frozen importlib._bootstrap>", line 488, in _call_with_frames_removed
  File "C:\Projects\customer-support-rag\.venv\Lib\site-packages\transformers\models\yolos\image_processing_yolos.py", line 12, in <module>
    from torchvision.io import read_image
ModuleNotFoundError: No module named 'torchvision'
2026-08-31 13:37:13.381 Examining the path of transformers.models.zoedepth.image_processing_zoedepth_fast raised:
Traceback (most recent call last):
  File "C:\Projects\customer-support-rag\.venv\Lib\site-packages\streamlit\watcher\local_sources_watcher.py", line 340, in get_module_paths
    potential_paths = extract_paths(module)
  File "C:\Projects\customer-support-rag\.venv\Lib\site-packages\streamlit\watcher\local_sources_watcher.py", line 327, in <lambda>
    if hasattr(m, "__path__")
       ~~~~~~~^^^^^^^^^^^^^^^
  File "C:\Projects\customer-support-rag\.venv\Lib\site-packages\transformers\__init__.py", line 865, in _getattr
    return getattr(importlib.import_module(target, __name__), name)
                   ~~~~~~~~~~~~~~~~~~~~~~~^^^^^^^^^^^^^^^^^^
  File "C:\Users\suryanarayanan\AppData\Local\Programs\Python\Python313\Lib\importlib\__init__.py", line 88, in import_module
    return _bootstrap._gcd_import(name[level:], package, level)
           ~~~~~~~~~~~~~~~~~~~~~~^^^^^^^^^^^^^^^^^^^^^^^^^^^^^^
  File "<frozen importlib._bootstrap>", line 1395, in _gcd_import
  File "<frozen importlib._bootstrap>", line 1360, in _find_and_load
  File "<frozen importlib._bootstrap>", line 1331, in _find_and_load_unlocked
  File "<frozen importlib._bootstrap>", line 935, in _load_unlocked
  File "<frozen importlib._bootstrap_external>", line 1023, in exec_module
  File "<frozen importlib._bootstrap>", line 488, in _call_with_frames_removed
  File "C:\Projects\customer-support-rag\.venv\Lib\site-packages\transformers\models\zoedepth\image_processing_zoedepth.py", line 43, in <module>
    from torchvision.transforms.v2 import functional as tvF
ModuleNotFoundError: No module named 'torchvision'
Exception in callback _ProactorBasePipeTransport._call_connection_lost()
handle: <Handle _ProactorBasePipeTransport._call_connection_lost()>
Traceback (most recent call last):
  File "C:\Users\suryanarayanan\AppData\Local\Programs\Python\Python313\Lib\asyncio\events.py", line 89, in _run
    self._context.run(self._callback, *self._args)
    ~~~~~~~~~~~~~~~~~^^^^^^^^^^^^^^^^^^^^^^^^^^^^^
  File "C:\Users\suryanarayanan\AppData\Local\Programs\Python\Python313\Lib\asyncio\proactor_events.py", line 166, in _call_connection_lost
    self._sock.shutdown(socket.SHUT_RDWR)
    ~~~~~~~~~~~~~~~~~~~^^^^^^^^^^^^^^^^^^
ConnectionResetError: [WinError 10054] An existing connection was forcibly closed by the remote host
Exception in callback _ProactorBasePipeTransport._call_connection_lost()
handle: <Handle _ProactorBasePipeTransport._call_connection_lost()>
Traceback (most recent call last):
  File "C:\Users\suryanarayanan\AppData\Local\Programs\Python\Python313\Lib\asyncio\events.py", line 89, in _run
    self._context.run(self._callback, *self._args)
    ~~~~~~~~~~~~~~~~~^^^^^^^^^^^^^^^^^^^^^^^^^^^^^
  File "C:\Users\suryanarayanan\AppData\Local\Programs\Python\Python313\Lib\asyncio\proactor_events.py", line 166, in _call_connection_lost
    self._sock.shutdown(socket.SHUT_RDWR)
    ~~~~~~~~~~~~~~~~~~~^^^^^^^^^^^^^^^^^^
ConnectionResetError: [WinError 10054] An existing connection was forcibly closed by the remote host
2026-09-02 15:48:53.699 Examining the path of transformers.models.aria.image_processing_aria_fast raised:
Traceback (most recent call last):
  File "C:\Projects\customer-support-rag\.venv\Lib\site-packages\streamlit\watcher\local_sources_watcher.py", line 340, in get_module_paths
    potential_paths = extract_paths(module)
  File "C:\Projects\customer-support-rag\.venv\Lib\site-packages\streamlit\watcher\local_sources_watcher.py", line 327, in <lambda>
    if hasattr(m, "__path__")
       ~~~~~~~^^^^^^^^^^^^^^^
  File "C:\Projects\customer-support-rag\.venv\Lib\site-packages\transformers\__init__.py", line 865, in _getattr
    return getattr(importlib.import_module(target, __name__), name)
                   ~~~~~~~~~~~~~~~~~~~~~~~^^^^^^^^^^^^^^^^^^
  File "C:\Users\suryanarayanan\AppData\Local\Programs\Python\Python313\Lib\importlib\__init__.py", line 88, in import_module
    return _bootstrap._gcd_import(name[level:], package, level)
           ~~~~~~~~~~~~~~~~~~~~~~^^^^^^^^^^^^^^^^^^^^^^^^^^^^^^
  File "<frozen importlib._bootstrap>", line 1395, in _gcd_import
  File "<frozen importlib._bootstrap>", line 1360, in _find_and_load
  File "<frozen importlib._bootstrap>", line 1331, in _find_and_load_unlocked
  File "<frozen importlib._bootstrap>", line 935, in _load_unlocked
  File "<frozen importlib._bootstrap_external>", line 1023, in exec_module
  File "<frozen importlib._bootstrap>", line 488, in _call_with_frames_removed
  File "C:\Projects\customer-support-rag\.venv\Lib\site-packages\transformers\models\aria\image_processing_aria.py", line 23, in <module>
    from torchvision.transforms.v2 import functional as tvF
ModuleNotFoundError: No module named 'torchvision'
2026-09-02 15:48:53.709 Examining the path of transformers.models.beit.image_processing_beit_fast raised:
Traceback (most recent call last):
  File "C:\Projects\customer-support-rag\.venv\Lib\site-packages\streamlit\watcher\local_sources_watcher.py", line 340, in get_module_paths
    potential_paths = extract_paths(module)
  File "C:\Projects\customer-support-rag\.venv\Lib\site-packages\streamlit\watcher\local_sources_watcher.py", line 327, in <lambda>
    if hasattr(m, "__path__")
       ~~~~~~~^^^^^^^^^^^^^^^
  File "C:\Projects\customer-support-rag\.venv\Lib\site-packages\transformers\__init__.py", line 865, in _getattr
    return getattr(importlib.import_module(target, __name__), name)
                   ~~~~~~~~~~~~~~~~~~~~~~~^^^^^^^^^^^^^^^^^^
  File "C:\Users\suryanarayanan\AppData\Local\Programs\Python\Python313\Lib\importlib\__init__.py", line 88, in import_module
    return _bootstrap._gcd_import(name[level:], package, level)
           ~~~~~~~~~~~~~~~~~~~~~~^^^^^^^^^^^^^^^^^^^^^^^^^^^^^^
  File "<frozen importlib._bootstrap>", line 1395, in _gcd_import
  File "<frozen importlib._bootstrap>", line 1360, in _find_and_load
  File "<frozen importlib._bootstrap>", line 1331, in _find_and_load_unlocked
  File "<frozen importlib._bootstrap>", line 935, in _load_unlocked
  File "<frozen importlib._bootstrap_external>", line 1023, in exec_module
  File "<frozen importlib._bootstrap>", line 488, in _call_with_frames_removed
  File "C:\Projects\customer-support-rag\.venv\Lib\site-packages\transformers\models\beit\image_processing_beit.py", line 20, in <module>
    from torchvision.transforms.v2 import functional as tvF
ModuleNotFoundError: No module named 'torchvision'
2026-09-02 15:48:53.713 Examining the path of transformers.models.bridgetower.image_processing_bridgetower_fast raised:
Traceback (most recent call last):
  File "C:\Projects\customer-support-rag\.venv\Lib\site-packages\streamlit\watcher\local_sources_watcher.py", line 340, in get_module_paths
    potential_paths = extract_paths(module)
  File "C:\Projects\customer-support-rag\.venv\Lib\site-packages\streamlit\watcher\local_sources_watcher.py", line 327, in <lambda>
    if hasattr(m, "__path__")
       ~~~~~~~^^^^^^^^^^^^^^^
  File "C:\Projects\customer-support-rag\.venv\Lib\site-packages\transformers\__init__.py", line 865, in _getattr
    return getattr(importlib.import_module(target, __name__), name)
                   ~~~~~~~~~~~~~~~~~~~~~~~^^^^^^^^^^^^^^^^^^
  File "C:\Users\suryanarayanan\AppData\Local\Programs\Python\Python313\Lib\importlib\__init__.py", line 88, in import_module
    return _bootstrap._gcd_import(name[level:], package, level)
           ~~~~~~~~~~~~~~~~~~~~~~^^^^^^^^^^^^^^^^^^^^^^^^^^^^^^
  File "<frozen importlib._bootstrap>", line 1395, in _gcd_import
  File "<frozen importlib._bootstrap>", line 1360, in _find_and_load
  File "<frozen importlib._bootstrap>", line 1331, in _find_and_load_unlocked
  File "<frozen importlib._bootstrap>", line 935, in _load_unlocked
  File "<frozen importlib._bootstrap_external>", line 1023, in exec_module
  File "<frozen importlib._bootstrap>", line 488, in _call_with_frames_removed
  File "C:\Projects\customer-support-rag\.venv\Lib\site-packages\transformers\models\bridgetower\image_processing_bridgetower.py", line 20, in <module>
    from torchvision.transforms.v2 import functional as tvF
ModuleNotFoundError: No module named 'torchvision'
2026-09-02 15:48:53.718 Examining the path of transformers.models.chmv2.image_processing_chmv2_fast raised:
Traceback (most recent call last):
  File "C:\Projects\customer-support-rag\.venv\Lib\site-packages\streamlit\watcher\local_sources_watcher.py", line 340, in get_module_paths
    potential_paths = extract_paths(module)
  File "C:\Projects\customer-support-rag\.venv\Lib\site-packages\streamlit\watcher\local_sources_watcher.py", line 327, in <lambda>
    if hasattr(m, "__path__")
       ~~~~~~~^^^^^^^^^^^^^^^
  File "C:\Projects\customer-support-rag\.venv\Lib\site-packages\transformers\__init__.py", line 865, in _getattr
    return getattr(importlib.import_module(target, __name__), name)
                   ~~~~~~~~~~~~~~~~~~~~~~~^^^^^^^^^^^^^^^^^^
  File "C:\Users\suryanarayanan\AppData\Local\Programs\Python\Python313\Lib\importlib\__init__.py", line 88, in import_module
    return _bootstrap._gcd_import(name[level:], package, level)
           ~~~~~~~~~~~~~~~~~~~~~~^^^^^^^^^^^^^^^^^^^^^^^^^^^^^^
  File "<frozen importlib._bootstrap>", line 1395, in _gcd_import
  File "<frozen importlib._bootstrap>", line 1360, in _find_and_load
  File "<frozen importlib._bootstrap>", line 1331, in _find_and_load_unlocked
  File "<frozen importlib._bootstrap>", line 935, in _load_unlocked
  File "<frozen importlib._bootstrap_external>", line 1023, in exec_module
  File "<frozen importlib._bootstrap>", line 488, in _call_with_frames_removed
  File "C:\Projects\customer-support-rag\.venv\Lib\site-packages\transformers\models\chmv2\image_processing_chmv2.py", line 27, in <module>
    from torchvision.transforms.v2 import functional as tvF
ModuleNotFoundError: No module named 'torchvision'
2026-09-02 15:48:53.723 Examining the path of transformers.models.cohere2_vision.image_processing_cohere2_vision_fast raised:
Traceback (most recent call last):
  File "C:\Projects\customer-support-rag\.venv\Lib\site-packages\streamlit\watcher\local_sources_watcher.py", line 340, in get_module_paths
    potential_paths = extract_paths(module)
  File "C:\Projects\customer-support-rag\.venv\Lib\site-packages\streamlit\watcher\local_sources_watcher.py", line 327, in <lambda>
    if hasattr(m, "__path__")
       ~~~~~~~^^^^^^^^^^^^^^^
  File "C:\Projects\customer-support-rag\.venv\Lib\site-packages\transformers\__init__.py", line 865, in _getattr
    return getattr(importlib.import_module(target, __name__), name)
                   ~~~~~~~~~~~~~~~~~~~~~~~^^^^^^^^^^^^^^^^^^
  File "C:\Users\suryanarayanan\AppData\Local\Programs\Python\Python313\Lib\importlib\__init__.py", line 88, in import_module
    return _bootstrap._gcd_import(name[level:], package, level)
           ~~~~~~~~~~~~~~~~~~~~~~^^^^^^^^^^^^^^^^^^^^^^^^^^^^^^
  File "<frozen importlib._bootstrap>", line 1395, in _gcd_import
  File "<frozen importlib._bootstrap>", line 1360, in _find_and_load
  File "<frozen importlib._bootstrap>", line 1331, in _find_and_load_unlocked
  File "<frozen importlib._bootstrap>", line 935, in _load_unlocked
  File "<frozen importlib._bootstrap_external>", line 1023, in exec_module
  File "<frozen importlib._bootstrap>", line 488, in _call_with_frames_removed
  File "C:\Projects\customer-support-rag\.venv\Lib\site-packages\transformers\models\cohere2_vision\image_processing_cohere2_vision.py", line 25, in <module>
    from torchvision.transforms.v2 import functional as tvF
ModuleNotFoundError: No module named 'torchvision'
2026-09-02 15:48:53.726 Examining the path of transformers.models.cohere_compass.image_processing_cohere_compass_fast raised:
Traceback (most recent call last):
  File "C:\Projects\customer-support-rag\.venv\Lib\site-packages\streamlit\watcher\local_sources_watcher.py", line 340, in get_module_paths
    potential_paths = extract_paths(module)
  File "C:\Projects\customer-support-rag\.venv\Lib\site-packages\streamlit\watcher\local_sources_watcher.py", line 327, in <lambda>
    if hasattr(m, "__path__")
       ~~~~~~~^^^^^^^^^^^^^^^
  File "C:\Projects\customer-support-rag\.venv\Lib\site-packages\transformers\__init__.py", line 865, in _getattr
    return getattr(importlib.import_module(target, __name__), name)
                   ~~~~~~~~~~~~~~~~~~~~~~~^^^^^^^^^^^^^^^^^^
  File "C:\Users\suryanarayanan\AppData\Local\Programs\Python\Python313\Lib\importlib\__init__.py", line 88, in import_module
    return _bootstrap._gcd_import(name[level:], package, level)
           ~~~~~~~~~~~~~~~~~~~~~~^^^^^^^^^^^^^^^^^^^^^^^^^^^^^^
  File "<frozen importlib._bootstrap>", line 1395, in _gcd_import
  File "<frozen importlib._bootstrap>", line 1360, in _find_and_load
  File "<frozen importlib._bootstrap>", line 1331, in _find_and_load_unlocked
  File "<frozen importlib._bootstrap>", line 935, in _load_unlocked
  File "<frozen importlib._bootstrap_external>", line 1023, in exec_module
  File "<frozen importlib._bootstrap>", line 488, in _call_with_frames_removed
  File "C:\Projects\customer-support-rag\.venv\Lib\site-packages\transformers\models\cohere_compass\image_processing_cohere_compass.py", line 25, in <module>
    from torchvision.transforms.v2 import functional as tvF
ModuleNotFoundError: No module named 'torchvision'
2026-09-02 15:48:53.735 Examining the path of transformers.models.conditional_detr.image_processing_conditional_detr_fast raised:
Traceback (most recent call last):
  File "C:\Projects\customer-support-rag\.venv\Lib\site-packages\streamlit\watcher\local_sources_watcher.py", line 340, in get_module_paths
    potential_paths = extract_paths(module)
  File "C:\Projects\customer-support-rag\.venv\Lib\site-packages\streamlit\watcher\local_sources_watcher.py", line 327, in <lambda>
    if hasattr(m, "__path__")
       ~~~~~~~^^^^^^^^^^^^^^^
  File "C:\Projects\customer-support-rag\.venv\Lib\site-packages\transformers\__init__.py", line 865, in _getattr
    return getattr(importlib.import_module(target, __name__), name)
                   ~~~~~~~~~~~~~~~~~~~~~~~^^^^^^^^^^^^^^^^^^
  File "C:\Users\suryanarayanan\AppData\Local\Programs\Python\Python313\Lib\importlib\__init__.py", line 88, in import_module
    return _bootstrap._gcd_import(name[level:], package, level)
           ~~~~~~~~~~~~~~~~~~~~~~^^^^^^^^^^^^^^^^^^^^^^^^^^^^^^
  File "<frozen importlib._bootstrap>", line 1395, in _gcd_import
  File "<frozen importlib._bootstrap>", line 1360, in _find_and_load
  File "<frozen importlib._bootstrap>", line 1331, in _find_and_load_unlocked
  File "<frozen importlib._bootstrap>", line 935, in _load_unlocked
  File "<frozen importlib._bootstrap_external>", line 1023, in exec_module
  File "<frozen importlib._bootstrap>", line 488, in _call_with_frames_removed
  File "C:\Projects\customer-support-rag\.venv\Lib\site-packages\transformers\models\conditional_detr\image_processing_conditional_detr.py", line 27, in <module>
    from torchvision.io import read_image
ModuleNotFoundError: No module named 'torchvision'
2026-09-02 15:48:53.745 Examining the path of transformers.models.convnext.image_processing_convnext_fast raised:
Traceback (most recent call last):
  File "C:\Projects\customer-support-rag\.venv\Lib\site-packages\streamlit\watcher\local_sources_watcher.py", line 340, in get_module_paths
    potential_paths = extract_paths(module)
  File "C:\Projects\customer-support-rag\.venv\Lib\site-packages\streamlit\watcher\local_sources_watcher.py", line 327, in <lambda>
    if hasattr(m, "__path__")
       ~~~~~~~^^^^^^^^^^^^^^^
  File "C:\Projects\customer-support-rag\.venv\Lib\site-packages\transformers\__init__.py", line 865, in _getattr
    return getattr(importlib.import_module(target, __name__), name)
                   ~~~~~~~~~~~~~~~~~~~~~~~^^^^^^^^^^^^^^^^^^
  File "C:\Users\suryanarayanan\AppData\Local\Programs\Python\Python313\Lib\importlib\__init__.py", line 88, in import_module
    return _bootstrap._gcd_import(name[level:], package, level)
           ~~~~~~~~~~~~~~~~~~~~~~^^^^^^^^^^^^^^^^^^^^^^^^^^^^^^
  File "<frozen importlib._bootstrap>", line 1395, in _gcd_import
  File "<frozen importlib._bootstrap>", line 1360, in _find_and_load
  File "<frozen importlib._bootstrap>", line 1331, in _find_and_load_unlocked
  File "<frozen importlib._bootstrap>", line 935, in _load_unlocked
  File "<frozen importlib._bootstrap_external>", line 1023, in exec_module
  File "<frozen importlib._bootstrap>", line 488, in _call_with_frames_removed
  File "C:\Projects\customer-support-rag\.venv\Lib\site-packages\transformers\models\convnext\image_processing_convnext.py", line 17, in <module>
    from torchvision.transforms.v2 import functional as tvF
ModuleNotFoundError: No module named 'torchvision'
2026-09-02 15:48:53.756 Examining the path of transformers.models.cosmos3_edge.image_processing_cosmos3_edge_fast raised:
Traceback (most recent call last):
  File "C:\Projects\customer-support-rag\.venv\Lib\site-packages\streamlit\watcher\local_sources_watcher.py", line 340, in get_module_paths
    potential_paths = extract_paths(module)
  File "C:\Projects\customer-support-rag\.venv\Lib\site-packages\streamlit\watcher\local_sources_watcher.py", line 327, in <lambda>
    if hasattr(m, "__path__")
       ~~~~~~~^^^^^^^^^^^^^^^
  File "C:\Projects\customer-support-rag\.venv\Lib\site-packages\transformers\__init__.py", line 865, in _getattr
    return getattr(importlib.import_module(target, __name__), name)
                   ~~~~~~~~~~~~~~~~~~~~~~~^^^^^^^^^^^^^^^^^^
  File "C:\Users\suryanarayanan\AppData\Local\Programs\Python\Python313\Lib\importlib\__init__.py", line 88, in import_module
    return _bootstrap._gcd_import(name[level:], package, level)
           ~~~~~~~~~~~~~~~~~~~~~~^^^^^^^^^^^^^^^^^^^^^^^^^^^^^^
  File "<frozen importlib._bootstrap>", line 1395, in _gcd_import
  File "<frozen importlib._bootstrap>", line 1360, in _find_and_load
  File "<frozen importlib._bootstrap>", line 1331, in _find_and_load_unlocked
  File "<frozen importlib._bootstrap>", line 935, in _load_unlocked
  File "<frozen importlib._bootstrap_external>", line 1023, in exec_module
  File "<frozen importlib._bootstrap>", line 488, in _call_with_frames_removed
  File "C:\Projects\customer-support-rag\.venv\Lib\site-packages\transformers\models\cosmos3_edge\image_processing_cosmos3_edge.py", line 23, in <module>
    from torchvision.transforms.v2 import functional as tvF
ModuleNotFoundError: No module named 'torchvision'
2026-09-02 15:48:53.762 Examining the path of transformers.models.deepseek_ocr2.image_processing_deepseek_ocr2_fast raised:
Traceback (most recent call last):
  File "C:\Projects\customer-support-rag\.venv\Lib\site-packages\streamlit\watcher\local_sources_watcher.py", line 340, in get_module_paths
    potential_paths = extract_paths(module)
  File "C:\Projects\customer-support-rag\.venv\Lib\site-packages\streamlit\watcher\local_sources_watcher.py", line 327, in <lambda>
    if hasattr(m, "__path__")
       ~~~~~~~^^^^^^^^^^^^^^^
  File "C:\Projects\customer-support-rag\.venv\Lib\site-packages\transformers\__init__.py", line 865, in _getattr
    return getattr(importlib.import_module(target, __name__), name)
                   ~~~~~~~~~~~~~~~~~~~~~~~^^^^^^^^^^^^^^^^^^
  File "C:\Users\suryanarayanan\AppData\Local\Programs\Python\Python313\Lib\importlib\__init__.py", line 88, in import_module
    return _bootstrap._gcd_import(name[level:], package, level)
           ~~~~~~~~~~~~~~~~~~~~~~^^^^^^^^^^^^^^^^^^^^^^^^^^^^^^
  File "<frozen importlib._bootstrap>", line 1395, in _gcd_import
  File "<frozen importlib._bootstrap>", line 1360, in _find_and_load
  File "<frozen importlib._bootstrap>", line 1331, in _find_and_load_unlocked
  File "<frozen importlib._bootstrap>", line 935, in _load_unlocked
  File "<frozen importlib._bootstrap_external>", line 1023, in exec_module
  File "<frozen importlib._bootstrap>", line 488, in _call_with_frames_removed
  File "C:\Projects\customer-support-rag\.venv\Lib\site-packages\transformers\models\deepseek_ocr2\image_processing_deepseek_ocr2.py", line 24, in <module>
    from torchvision.transforms.v2 import functional as tvF
ModuleNotFoundError: No module named 'torchvision'
2026-09-02 15:48:53.773 Examining the path of transformers.models.deepseek_vl.image_processing_deepseek_vl_fast raised:
Traceback (most recent call last):
  File "C:\Projects\customer-support-rag\.venv\Lib\site-packages\streamlit\watcher\local_sources_watcher.py", line 340, in get_module_paths
    potential_paths = extract_paths(module)
  File "C:\Projects\customer-support-rag\.venv\Lib\site-packages\streamlit\watcher\local_sources_watcher.py", line 327, in <lambda>
    if hasattr(m, "__path__")
       ~~~~~~~^^^^^^^^^^^^^^^
  File "C:\Projects\customer-support-rag\.venv\Lib\site-packages\transformers\__init__.py", line 865, in _getattr
    return getattr(importlib.import_module(target, __name__), name)
                   ~~~~~~~~~~~~~~~~~~~~~~~^^^^^^^^^^^^^^^^^^
  File "C:\Users\suryanarayanan\AppData\Local\Programs\Python\Python313\Lib\importlib\__init__.py", line 88, in import_module
    return _bootstrap._gcd_import(name[level:], package, level)
           ~~~~~~~~~~~~~~~~~~~~~~^^^^^^^^^^^^^^^^^^^^^^^^^^^^^^
  File "<frozen importlib._bootstrap>", line 1395, in _gcd_import
  File "<frozen importlib._bootstrap>", line 1360, in _find_and_load
  File "<frozen importlib._bootstrap>", line 1331, in _find_and_load_unlocked
  File "<frozen importlib._bootstrap>", line 935, in _load_unlocked
  File "<frozen importlib._bootstrap_external>", line 1023, in exec_module
  File "<frozen importlib._bootstrap>", line 488, in _call_with_frames_removed
  File "C:\Projects\customer-support-rag\.venv\Lib\site-packages\transformers\models\deepseek_vl\image_processing_deepseek_vl.py", line 23, in <module>
    import torchvision.transforms.v2.functional as tvF
ModuleNotFoundError: No module named 'torchvision'
2026-09-02 15:48:53.782 Examining the path of transformers.models.deepseek_vl_hybrid.image_processing_deepseek_vl_hybrid_fast raised:
Traceback (most recent call last):
  File "C:\Projects\customer-support-rag\.venv\Lib\site-packages\streamlit\watcher\local_sources_watcher.py", line 340, in get_module_paths
    potential_paths = extract_paths(module)
  File "C:\Projects\customer-support-rag\.venv\Lib\site-packages\streamlit\watcher\local_sources_watcher.py", line 327, in <lambda>
    if hasattr(m, "__path__")
       ~~~~~~~^^^^^^^^^^^^^^^
  File "C:\Projects\customer-support-rag\.venv\Lib\site-packages\transformers\__init__.py", line 865, in _getattr
    return getattr(importlib.import_module(target, __name__), name)
                   ~~~~~~~~~~~~~~~~~~~~~~~^^^^^^^^^^^^^^^^^^
  File "C:\Users\suryanarayanan\AppData\Local\Programs\Python\Python313\Lib\importlib\__init__.py", line 88, in import_module
    return _bootstrap._gcd_import(name[level:], package, level)
           ~~~~~~~~~~~~~~~~~~~~~~^^^^^^^^^^^^^^^^^^^^^^^^^^^^^^
  File "<frozen importlib._bootstrap>", line 1395, in _gcd_import
  File "<frozen importlib._bootstrap>", line 1360, in _find_and_load
  File "<frozen importlib._bootstrap>", line 1331, in _find_and_load_unlocked
  File "<frozen importlib._bootstrap>", line 935, in _load_unlocked
  File "<frozen importlib._bootstrap_external>", line 1023, in exec_module
  File "<frozen importlib._bootstrap>", line 488, in _call_with_frames_removed
  File "C:\Projects\customer-support-rag\.venv\Lib\site-packages\transformers\models\deepseek_vl_hybrid\image_processing_deepseek_vl_hybrid.py", line 25, in <module>
    import torchvision.transforms.v2.functional as tvF
ModuleNotFoundError: No module named 'torchvision'
2026-09-02 15:48:53.786 Examining the path of transformers.models.deformable_detr.image_processing_deformable_detr_fast raised:
Traceback (most recent call last):
  File "C:\Projects\customer-support-rag\.venv\Lib\site-packages\streamlit\watcher\local_sources_watcher.py", line 340, in get_module_paths
    potential_paths = extract_paths(module)
  File "C:\Projects\customer-support-rag\.venv\Lib\site-packages\streamlit\watcher\local_sources_watcher.py", line 327, in <lambda>
    if hasattr(m, "__path__")
       ~~~~~~~^^^^^^^^^^^^^^^
  File "C:\Projects\customer-support-rag\.venv\Lib\site-packages\transformers\__init__.py", line 865, in _getattr
    return getattr(importlib.import_module(target, __name__), name)
                   ~~~~~~~~~~~~~~~~~~~~~~~^^^^^^^^^^^^^^^^^^
  File "C:\Users\suryanarayanan\AppData\Local\Programs\Python\Python313\Lib\importlib\__init__.py", line 88, in import_module
    return _bootstrap._gcd_import(name[level:], package, level)
           ~~~~~~~~~~~~~~~~~~~~~~^^^^^^^^^^^^^^^^^^^^^^^^^^^^^^
  File "<frozen importlib._bootstrap>", line 1395, in _gcd_import
  File "<frozen importlib._bootstrap>", line 1360, in _find_and_load
  File "<frozen importlib._bootstrap>", line 1331, in _find_and_load_unlocked
  File "<frozen importlib._bootstrap>", line 935, in _load_unlocked
  File "<frozen importlib._bootstrap_external>", line 1023, in exec_module
  File "<frozen importlib._bootstrap>", line 488, in _call_with_frames_removed
  File "C:\Projects\customer-support-rag\.venv\Lib\site-packages\transformers\models\deformable_detr\image_processing_deformable_detr.py", line 25, in <module>
    from torchvision.io import read_image
ModuleNotFoundError: No module named 'torchvision'
2026-09-02 15:48:53.798 Examining the path of transformers.models.depth_pro.image_processing_depth_pro_fast raised:
Traceback (most recent call last):
  File "C:\Projects\customer-support-rag\.venv\Lib\site-packages\streamlit\watcher\local_sources_watcher.py", line 340, in get_module_paths
    potential_paths = extract_paths(module)
  File "C:\Projects\customer-support-rag\.venv\Lib\site-packages\streamlit\watcher\local_sources_watcher.py", line 327, in <lambda>
    if hasattr(m, "__path__")
       ~~~~~~~^^^^^^^^^^^^^^^
  File "C:\Projects\customer-support-rag\.venv\Lib\site-packages\transformers\__init__.py", line 865, in _getattr
    return getattr(importlib.import_module(target, __name__), name)
                   ~~~~~~~~~~~~~~~~~~~~~~~^^^^^^^^^^^^^^^^^^
  File "C:\Users\suryanarayanan\AppData\Local\Programs\Python\Python313\Lib\importlib\__init__.py", line 88, in import_module
    return _bootstrap._gcd_import(name[level:], package, level)
           ~~~~~~~~~~~~~~~~~~~~~~^^^^^^^^^^^^^^^^^^^^^^^^^^^^^^
  File "<frozen importlib._bootstrap>", line 1395, in _gcd_import
  File "<frozen importlib._bootstrap>", line 1360, in _find_and_load
  File "<frozen importlib._bootstrap>", line 1331, in _find_and_load_unlocked
  File "<frozen importlib._bootstrap>", line 935, in _load_unlocked
  File "<frozen importlib._bootstrap_external>", line 1023, in exec_module
  File "<frozen importlib._bootstrap>", line 488, in _call_with_frames_removed
  File "C:\Projects\customer-support-rag\.venv\Lib\site-packages\transformers\models\depth_pro\image_processing_depth_pro.py", line 19, in <module>
    from torchvision.transforms.v2 import functional as tvF
ModuleNotFoundError: No module named 'torchvision'
2026-09-02 15:48:53.808 Examining the path of transformers.models.detr.image_processing_detr_fast raised:
Traceback (most recent call last):
  File "C:\Projects\customer-support-rag\.venv\Lib\site-packages\streamlit\watcher\local_sources_watcher.py", line 340, in get_module_paths
    potential_paths = extract_paths(module)
  File "C:\Projects\customer-support-rag\.venv\Lib\site-packages\streamlit\watcher\local_sources_watcher.py", line 327, in <lambda>
    if hasattr(m, "__path__")
       ~~~~~~~^^^^^^^^^^^^^^^
  File "C:\Projects\customer-support-rag\.venv\Lib\site-packages\transformers\__init__.py", line 865, in _getattr
    return getattr(importlib.import_module(target, __name__), name)
                   ~~~~~~~~~~~~~~~~~~~~~~~^^^^^^^^^^^^^^^^^^
  File "C:\Users\suryanarayanan\AppData\Local\Programs\Python\Python313\Lib\importlib\__init__.py", line 88, in import_module
    return _bootstrap._gcd_import(name[level:], package, level)
           ~~~~~~~~~~~~~~~~~~~~~~^^^^^^^^^^^^^^^^^^^^^^^^^^^^^^
  File "<frozen importlib._bootstrap>", line 1395, in _gcd_import
  File "<frozen importlib._bootstrap>", line 1360, in _find_and_load
  File "<frozen importlib._bootstrap>", line 1331, in _find_and_load_unlocked
  File "<frozen importlib._bootstrap>", line 935, in _load_unlocked
  File "<frozen importlib._bootstrap_external>", line 1023, in exec_module
  File "<frozen importlib._bootstrap>", line 488, in _call_with_frames_removed
  File "C:\Projects\customer-support-rag\.venv\Lib\site-packages\transformers\models\detr\image_processing_detr.py", line 22, in <module>
    from torchvision.io import read_image
ModuleNotFoundError: No module named 'torchvision'
2026-09-02 15:48:53.820 Examining the path of transformers.models.dinov3_vit.image_processing_dinov3_vit_fast raised:
Traceback (most recent call last):
  File "C:\Projects\customer-support-rag\.venv\Lib\site-packages\streamlit\watcher\local_sources_watcher.py", line 340, in get_module_paths
    potential_paths = extract_paths(module)
  File "C:\Projects\customer-support-rag\.venv\Lib\site-packages\streamlit\watcher\local_sources_watcher.py", line 327, in <lambda>
    if hasattr(m, "__path__")
       ~~~~~~~^^^^^^^^^^^^^^^
  File "C:\Projects\customer-support-rag\.venv\Lib\site-packages\transformers\__init__.py", line 865, in _getattr
    return getattr(importlib.import_module(target, __name__), name)
                   ~~~~~~~~~~~~~~~~~~~~~~~^^^^^^^^^^^^^^^^^^
  File "C:\Users\suryanarayanan\AppData\Local\Programs\Python\Python313\Lib\importlib\__init__.py", line 88, in import_module
    return _bootstrap._gcd_import(name[level:], package, level)
           ~~~~~~~~~~~~~~~~~~~~~~^^^^^^^^^^^^^^^^^^^^^^^^^^^^^^
  File "<frozen importlib._bootstrap>", line 1395, in _gcd_import
  File "<frozen importlib._bootstrap>", line 1360, in _find_and_load
  File "<frozen importlib._bootstrap>", line 1331, in _find_and_load_unlocked
  File "<frozen importlib._bootstrap>", line 935, in _load_unlocked
  File "<frozen importlib._bootstrap_external>", line 1023, in exec_module
  File "<frozen importlib._bootstrap>", line 488, in _call_with_frames_removed
  File "C:\Projects\customer-support-rag\.venv\Lib\site-packages\transformers\models\dinov3_vit\image_processing_dinov3_vit.py", line 17, in <module>
    from torchvision.transforms.v2 import functional as tvF
ModuleNotFoundError: No module named 'torchvision'
2026-09-02 15:48:53.834 Examining the path of transformers.models.donut.image_processing_donut_fast raised:
Traceback (most recent call last):
  File "C:\Projects\customer-support-rag\.venv\Lib\site-packages\streamlit\watcher\local_sources_watcher.py", line 340, in get_module_paths
    potential_paths = extract_paths(module)
  File "C:\Projects\customer-support-rag\.venv\Lib\site-packages\streamlit\watcher\local_sources_watcher.py", line 327, in <lambda>
    if hasattr(m, "__path__")
       ~~~~~~~^^^^^^^^^^^^^^^
  File "C:\Projects\customer-support-rag\.venv\Lib\site-packages\transformers\__init__.py", line 865, in _getattr
    return getattr(importlib.import_module(target, __name__), name)
                   ~~~~~~~~~~~~~~~~~~~~~~~^^^^^^^^^^^^^^^^^^
  File "C:\Users\suryanarayanan\AppData\Local\Programs\Python\Python313\Lib\importlib\__init__.py", line 88, in import_module
    return _bootstrap._gcd_import(name[level:], package, level)
           ~~~~~~~~~~~~~~~~~~~~~~^^^^^^^^^^^^^^^^^^^^^^^^^^^^^^
  File "<frozen importlib._bootstrap>", line 1395, in _gcd_import
  File "<frozen importlib._bootstrap>", line 1360, in _find_and_load
  File "<frozen importlib._bootstrap>", line 1331, in _find_and_load_unlocked
  File "<frozen importlib._bootstrap>", line 935, in _load_unlocked
  File "<frozen importlib._bootstrap_external>", line 1023, in exec_module
  File "<frozen importlib._bootstrap>", line 488, in _call_with_frames_removed
  File "C:\Projects\customer-support-rag\.venv\Lib\site-packages\transformers\models\donut\image_processing_donut.py", line 17, in <module>
    from torchvision.transforms.v2 import functional as tvF
ModuleNotFoundError: No module named 'torchvision'
2026-09-02 15:48:53.839 Examining the path of transformers.models.dpt.image_processing_dpt_fast raised:
Traceback (most recent call last):
  File "C:\Projects\customer-support-rag\.venv\Lib\site-packages\streamlit\watcher\local_sources_watcher.py", line 340, in get_module_paths
    potential_paths = extract_paths(module)
  File "C:\Projects\customer-support-rag\.venv\Lib\site-packages\streamlit\watcher\local_sources_watcher.py", line 327, in <lambda>
    if hasattr(m, "__path__")
       ~~~~~~~^^^^^^^^^^^^^^^
  File "C:\Projects\customer-support-rag\.venv\Lib\site-packages\transformers\__init__.py", line 865, in _getattr
    return getattr(importlib.import_module(target, __name__), name)
                   ~~~~~~~~~~~~~~~~~~~~~~~^^^^^^^^^^^^^^^^^^
  File "C:\Users\suryanarayanan\AppData\Local\Programs\Python\Python313\Lib\importlib\__init__.py", line 88, in import_module
    return _bootstrap._gcd_import(name[level:], package, level)
           ~~~~~~~~~~~~~~~~~~~~~~^^^^^^^^^^^^^^^^^^^^^^^^^^^^^^
  File "<frozen importlib._bootstrap>", line 1395, in _gcd_import
  File "<frozen importlib._bootstrap>", line 1360, in _find_and_load
  File "<frozen importlib._bootstrap>", line 1331, in _find_and_load_unlocked
  File "<frozen importlib._bootstrap>", line 935, in _load_unlocked
  File "<frozen importlib._bootstrap_external>", line 1023, in exec_module
  File "<frozen importlib._bootstrap>", line 488, in _call_with_frames_removed
  File "C:\Projects\customer-support-rag\.venv\Lib\site-packages\transformers\models\dpt\image_processing_dpt.py", line 28, in <module>
    from torchvision.transforms.v2 import functional as tvF
ModuleNotFoundError: No module named 'torchvision'
2026-09-02 15:48:53.844 Examining the path of transformers.models.efficientloftr.image_processing_efficientloftr_fast raised:
Traceback (most recent call last):
  File "C:\Projects\customer-support-rag\.venv\Lib\site-packages\streamlit\watcher\local_sources_watcher.py", line 340, in get_module_paths
    potential_paths = extract_paths(module)
  File "C:\Projects\customer-support-rag\.venv\Lib\site-packages\streamlit\watcher\local_sources_watcher.py", line 327, in <lambda>
    if hasattr(m, "__path__")
       ~~~~~~~^^^^^^^^^^^^^^^
  File "C:\Projects\customer-support-rag\.venv\Lib\site-packages\transformers\__init__.py", line 865, in _getattr
    return getattr(importlib.import_module(target, __name__), name)
                   ~~~~~~~~~~~~~~~~~~~~~~~^^^^^^^^^^^^^^^^^^
  File "C:\Users\suryanarayanan\AppData\Local\Programs\Python\Python313\Lib\importlib\__init__.py", line 88, in import_module
    return _bootstrap._gcd_import(name[level:], package, level)
           ~~~~~~~~~~~~~~~~~~~~~~^^^^^^^^^^^^^^^^^^^^^^^^^^^^^^
  File "<frozen importlib._bootstrap>", line 1395, in _gcd_import
  File "<frozen importlib._bootstrap>", line 1360, in _find_and_load
  File "<frozen importlib._bootstrap>", line 1331, in _find_and_load_unlocked
  File "<frozen importlib._bootstrap>", line 935, in _load_unlocked
  File "<frozen importlib._bootstrap_external>", line 1023, in exec_module
  File "<frozen importlib._bootstrap>", line 488, in _call_with_frames_removed
  File "C:\Projects\customer-support-rag\.venv\Lib\site-packages\transformers\models\efficientloftr\image_processing_efficientloftr.py", line 10, in <module>
    from torchvision.transforms.v2 import functional as tvF
ModuleNotFoundError: No module named 'torchvision'
2026-09-02 15:48:53.850 Examining the path of transformers.models.efficientnet.image_processing_efficientnet_fast raised:
Traceback (most recent call last):
  File "C:\Projects\customer-support-rag\.venv\Lib\site-packages\streamlit\watcher\local_sources_watcher.py", line 340, in get_module_paths
    potential_paths = extract_paths(module)
  File "C:\Projects\customer-support-rag\.venv\Lib\site-packages\streamlit\watcher\local_sources_watcher.py", line 327, in <lambda>
    if hasattr(m, "__path__")
       ~~~~~~~^^^^^^^^^^^^^^^
  File "C:\Projects\customer-support-rag\.venv\Lib\site-packages\transformers\__init__.py", line 865, in _getattr
    return getattr(importlib.import_module(target, __name__), name)
                   ~~~~~~~~~~~~~~~~~~~~~~~^^^^^^^^^^^^^^^^^^
  File "C:\Users\suryanarayanan\AppData\Local\Programs\Python\Python313\Lib\importlib\__init__.py", line 88, in import_module
    return _bootstrap._gcd_import(name[level:], package, level)
           ~~~~~~~~~~~~~~~~~~~~~~^^^^^^^^^^^^^^^^^^^^^^^^^^^^^^
  File "<frozen importlib._bootstrap>", line 1395, in _gcd_import
  File "<frozen importlib._bootstrap>", line 1360, in _find_and_load
  File "<frozen importlib._bootstrap>", line 1331, in _find_and_load_unlocked
  File "<frozen importlib._bootstrap>", line 935, in _load_unlocked
  File "<frozen importlib._bootstrap_external>", line 1023, in exec_module
  File "<frozen importlib._bootstrap>", line 488, in _call_with_frames_removed
  File "C:\Projects\customer-support-rag\.venv\Lib\site-packages\transformers\models\efficientnet\image_processing_efficientnet.py", line 20, in <module>
    from torchvision.transforms.v2 import functional as tvF
ModuleNotFoundError: No module named 'torchvision'
2026-09-02 15:48:53.863 Examining the path of transformers.models.eomt.image_processing_eomt_fast raised:
Traceback (most recent call last):
  File "C:\Projects\customer-support-rag\.venv\Lib\site-packages\streamlit\watcher\local_sources_watcher.py", line 340, in get_module_paths
    potential_paths = extract_paths(module)
  File "C:\Projects\customer-support-rag\.venv\Lib\site-packages\streamlit\watcher\local_sources_watcher.py", line 327, in <lambda>
    if hasattr(m, "__path__")
       ~~~~~~~^^^^^^^^^^^^^^^
  File "C:\Projects\customer-support-rag\.venv\Lib\site-packages\transformers\__init__.py", line 865, in _getattr
    return getattr(importlib.import_module(target, __name__), name)
                   ~~~~~~~~~~~~~~~~~~~~~~~^^^^^^^^^^^^^^^^^^
  File "C:\Users\suryanarayanan\AppData\Local\Programs\Python\Python313\Lib\importlib\__init__.py", line 88, in import_module
    return _bootstrap._gcd_import(name[level:], package, level)
           ~~~~~~~~~~~~~~~~~~~~~~^^^^^^^^^^^^^^^^^^^^^^^^^^^^^^
  File "<frozen importlib._bootstrap>", line 1395, in _gcd_import
  File "<frozen importlib._bootstrap>", line 1360, in _find_and_load
  File "<frozen importlib._bootstrap>", line 1331, in _find_and_load_unlocked
  File "<frozen importlib._bootstrap>", line 935, in _load_unlocked
  File "<frozen importlib._bootstrap_external>", line 1023, in exec_module
  File "<frozen importlib._bootstrap>", line 488, in _call_with_frames_removed
  File "C:\Projects\customer-support-rag\.venv\Lib\site-packages\transformers\models\eomt\image_processing_eomt.py", line 20, in <module>
    from torchvision.transforms.v2 import functional as tvF
ModuleNotFoundError: No module named 'torchvision'
2026-09-02 15:48:53.871 Examining the path of transformers.models.ernie4_5_vl_moe.image_processing_ernie4_5_vl_moe_fast raised:
Traceback (most recent call last):
  File "C:\Projects\customer-support-rag\.venv\Lib\site-packages\streamlit\watcher\local_sources_watcher.py", line 340, in get_module_paths
    potential_paths = extract_paths(module)
  File "C:\Projects\customer-support-rag\.venv\Lib\site-packages\streamlit\watcher\local_sources_watcher.py", line 327, in <lambda>
    if hasattr(m, "__path__")
       ~~~~~~~^^^^^^^^^^^^^^^
  File "C:\Projects\customer-support-rag\.venv\Lib\site-packages\transformers\__init__.py", line 865, in _getattr
    return getattr(importlib.import_module(target, __name__), name)
                   ~~~~~~~~~~~~~~~~~~~~~~~^^^^^^^^^^^^^^^^^^
  File "C:\Users\suryanarayanan\AppData\Local\Programs\Python\Python313\Lib\importlib\__init__.py", line 88, in import_module
    return _bootstrap._gcd_import(name[level:], package, level)
           ~~~~~~~~~~~~~~~~~~~~~~^^^^^^^^^^^^^^^^^^^^^^^^^^^^^^
  File "<frozen importlib._bootstrap>", line 1395, in _gcd_import
  File "<frozen importlib._bootstrap>", line 1360, in _find_and_load
  File "<frozen importlib._bootstrap>", line 1331, in _find_and_load_unlocked
  File "<frozen importlib._bootstrap>", line 935, in _load_unlocked
  File "<frozen importlib._bootstrap_external>", line 1023, in exec_module
  File "<frozen importlib._bootstrap>", line 488, in _call_with_frames_removed
  File "C:\Projects\customer-support-rag\.venv\Lib\site-packages\transformers\models\ernie4_5_vl_moe\image_processing_ernie4_5_vl_moe.py", line 24, in <module>
    from torchvision.transforms.v2 import functional as tvF
ModuleNotFoundError: No module named 'torchvision'
2026-09-02 15:48:53.885 Examining the path of transformers.models.flava.image_processing_flava_fast raised:
Traceback (most recent call last):
  File "C:\Projects\customer-support-rag\.venv\Lib\site-packages\streamlit\watcher\local_sources_watcher.py", line 340, in get_module_paths
    potential_paths = extract_paths(module)
  File "C:\Projects\customer-support-rag\.venv\Lib\site-packages\streamlit\watcher\local_sources_watcher.py", line 327, in <lambda>
    if hasattr(m, "__path__")
       ~~~~~~~^^^^^^^^^^^^^^^
  File "C:\Projects\customer-support-rag\.venv\Lib\site-packages\transformers\__init__.py", line 865, in _getattr
    return getattr(importlib.import_module(target, __name__), name)
                   ~~~~~~~~~~~~~~~~~~~~~~~^^^^^^^^^^^^^^^^^^
  File "C:\Users\suryanarayanan\AppData\Local\Programs\Python\Python313\Lib\importlib\__init__.py", line 88, in import_module
    return _bootstrap._gcd_import(name[level:], package, level)
           ~~~~~~~~~~~~~~~~~~~~~~^^^^^^^^^^^^^^^^^^^^^^^^^^^^^^
  File "<frozen importlib._bootstrap>", line 1395, in _gcd_import
  File "<frozen importlib._bootstrap>", line 1360, in _find_and_load
  File "<frozen importlib._bootstrap>", line 1331, in _find_and_load_unlocked
  File "<frozen importlib._bootstrap>", line 935, in _load_unlocked
  File "<frozen importlib._bootstrap_external>", line 1023, in exec_module
  File "<frozen importlib._bootstrap>", line 488, in _call_with_frames_removed
  File "C:\Projects\customer-support-rag\.venv\Lib\site-packages\transformers\models\flava\image_processing_flava.py", line 23, in <module>
    from torchvision.transforms.v2 import functional as tvF
ModuleNotFoundError: No module named 'torchvision'
2026-09-02 15:48:53.899 Examining the path of transformers.models.fuyu.image_processing_fuyu_fast raised:
Traceback (most recent call last):
  File "C:\Projects\customer-support-rag\.venv\Lib\site-packages\streamlit\watcher\local_sources_watcher.py", line 340, in get_module_paths
    potential_paths = extract_paths(module)
  File "C:\Projects\customer-support-rag\.venv\Lib\site-packages\streamlit\watcher\local_sources_watcher.py", line 327, in <lambda>
    if hasattr(m, "__path__")
       ~~~~~~~^^^^^^^^^^^^^^^
  File "C:\Projects\customer-support-rag\.venv\Lib\site-packages\transformers\__init__.py", line 865, in _getattr
    return getattr(importlib.import_module(target, __name__), name)
                   ~~~~~~~~~~~~~~~~~~~~~~~^^^^^^^^^^^^^^^^^^
  File "C:\Users\suryanarayanan\AppData\Local\Programs\Python\Python313\Lib\importlib\__init__.py", line 88, in import_module
    return _bootstrap._gcd_import(name[level:], package, level)
           ~~~~~~~~~~~~~~~~~~~~~~^^^^^^^^^^^^^^^^^^^^^^^^^^^^^^
  File "<frozen importlib._bootstrap>", line 1395, in _gcd_import
  File "<frozen importlib._bootstrap>", line 1360, in _find_and_load
  File "<frozen importlib._bootstrap>", line 1331, in _find_and_load_unlocked
  File "<frozen importlib._bootstrap>", line 935, in _load_unlocked
  File "<frozen importlib._bootstrap_external>", line 1023, in exec_module
  File "<frozen importlib._bootstrap>", line 488, in _call_with_frames_removed
  File "C:\Projects\customer-support-rag\.venv\Lib\site-packages\transformers\models\fuyu\image_processing_fuyu.py", line 19, in <module>
    from torchvision.transforms.v2 import functional as tvF
ModuleNotFoundError: No module named 'torchvision'
2026-09-02 15:48:53.906 Examining the path of transformers.models.gemma3.image_processing_gemma3_fast raised:
Traceback (most recent call last):
  File "C:\Projects\customer-support-rag\.venv\Lib\site-packages\streamlit\watcher\local_sources_watcher.py", line 340, in get_module_paths
    potential_paths = extract_paths(module)
  File "C:\Projects\customer-support-rag\.venv\Lib\site-packages\streamlit\watcher\local_sources_watcher.py", line 327, in <lambda>
    if hasattr(m, "__path__")
       ~~~~~~~^^^^^^^^^^^^^^^
  File "C:\Projects\customer-support-rag\.venv\Lib\site-packages\transformers\__init__.py", line 865, in _getattr
    return getattr(importlib.import_module(target, __name__), name)
                   ~~~~~~~~~~~~~~~~~~~~~~~^^^^^^^^^^^^^^^^^^
  File "C:\Users\suryanarayanan\AppData\Local\Programs\Python\Python313\Lib\importlib\__init__.py", line 88, in import_module
    return _bootstrap._gcd_import(name[level:], package, level)
           ~~~~~~~~~~~~~~~~~~~~~~^^^^^^^^^^^^^^^^^^^^^^^^^^^^^^
  File "<frozen importlib._bootstrap>", line 1395, in _gcd_import
  File "<frozen importlib._bootstrap>", line 1360, in _find_and_load
  File "<frozen importlib._bootstrap>", line 1331, in _find_and_load_unlocked
  File "<frozen importlib._bootstrap>", line 935, in _load_unlocked
  File "<frozen importlib._bootstrap_external>", line 1023, in exec_module
  File "<frozen importlib._bootstrap>", line 488, in _call_with_frames_removed
  File "C:\Projects\customer-support-rag\.venv\Lib\site-packages\transformers\models\gemma3\image_processing_gemma3.py", line 20, in <module>
    from torchvision.transforms.v2 import functional as tvF
ModuleNotFoundError: No module named 'torchvision'
2026-09-02 15:48:53.911 Examining the path of transformers.models.gemma4.image_processing_gemma4_fast raised:
Traceback (most recent call last):
  File "C:\Projects\customer-support-rag\.venv\Lib\site-packages\streamlit\watcher\local_sources_watcher.py", line 340, in get_module_paths
    potential_paths = extract_paths(module)
  File "C:\Projects\customer-support-rag\.venv\Lib\site-packages\streamlit\watcher\local_sources_watcher.py", line 327, in <lambda>
    if hasattr(m, "__path__")
       ~~~~~~~^^^^^^^^^^^^^^^
  File "C:\Projects\customer-support-rag\.venv\Lib\site-packages\transformers\__init__.py", line 865, in _getattr
    return getattr(importlib.import_module(target, __name__), name)
                   ~~~~~~~~~~~~~~~~~~~~~~~^^^^^^^^^^^^^^^^^^
  File "C:\Users\suryanarayanan\AppData\Local\Programs\Python\Python313\Lib\importlib\__init__.py", line 88, in import_module
    return _bootstrap._gcd_import(name[level:], package, level)
           ~~~~~~~~~~~~~~~~~~~~~~^^^^^^^^^^^^^^^^^^^^^^^^^^^^^^
  File "<frozen importlib._bootstrap>", line 1395, in _gcd_import
  File "<frozen importlib._bootstrap>", line 1360, in _find_and_load
  File "<frozen importlib._bootstrap>", line 1331, in _find_and_load_unlocked
  File "<frozen importlib._bootstrap>", line 935, in _load_unlocked
  File "<frozen importlib._bootstrap_external>", line 1023, in exec_module
  File "<frozen importlib._bootstrap>", line 488, in _call_with_frames_removed
  File "C:\Projects\customer-support-rag\.venv\Lib\site-packages\transformers\models\gemma4\image_processing_gemma4.py", line 17, in <module>
    from torchvision.transforms.v2 import functional as tvF
ModuleNotFoundError: No module named 'torchvision'
2026-09-02 15:48:53.915 Examining the path of transformers.models.gemma4_unified.image_processing_gemma4_unified_fast raised:
Traceback (most recent call last):
  File "C:\Projects\customer-support-rag\.venv\Lib\site-packages\streamlit\watcher\local_sources_watcher.py", line 340, in get_module_paths
    potential_paths = extract_paths(module)
  File "C:\Projects\customer-support-rag\.venv\Lib\site-packages\streamlit\watcher\local_sources_watcher.py", line 327, in <lambda>
    if hasattr(m, "__path__")
       ~~~~~~~^^^^^^^^^^^^^^^
  File "C:\Projects\customer-support-rag\.venv\Lib\site-packages\transformers\__init__.py", line 865, in _getattr
    return getattr(importlib.import_module(target, __name__), name)
                   ~~~~~~~~~~~~~~~~~~~~~~~^^^^^^^^^^^^^^^^^^
  File "C:\Users\suryanarayanan\AppData\Local\Programs\Python\Python313\Lib\importlib\__init__.py", line 88, in import_module
    return _bootstrap._gcd_import(name[level:], package, level)
           ~~~~~~~~~~~~~~~~~~~~~~^^^^^^^^^^^^^^^^^^^^^^^^^^^^^^
  File "<frozen importlib._bootstrap>", line 1395, in _gcd_import
  File "<frozen importlib._bootstrap>", line 1360, in _find_and_load
  File "<frozen importlib._bootstrap>", line 1331, in _find_and_load_unlocked
  File "<frozen importlib._bootstrap>", line 935, in _load_unlocked
  File "<frozen importlib._bootstrap_external>", line 1023, in exec_module
  File "<frozen importlib._bootstrap>", line 488, in _call_with_frames_removed
  File "C:\Projects\customer-support-rag\.venv\Lib\site-packages\transformers\models\gemma4_unified\image_processing_gemma4_unified.py", line 23, in <module>
    from torchvision.transforms.v2 import functional as tvF
ModuleNotFoundError: No module named 'torchvision'
2026-09-02 15:48:53.918 Examining the path of transformers.models.glm46v.image_processing_glm46v_fast raised:
Traceback (most recent call last):
  File "C:\Projects\customer-support-rag\.venv\Lib\site-packages\streamlit\watcher\local_sources_watcher.py", line 340, in get_module_paths
    potential_paths = extract_paths(module)
  File "C:\Projects\customer-support-rag\.venv\Lib\site-packages\streamlit\watcher\local_sources_watcher.py", line 327, in <lambda>
    if hasattr(m, "__path__")
       ~~~~~~~^^^^^^^^^^^^^^^
  File "C:\Projects\customer-support-rag\.venv\Lib\site-packages\transformers\__init__.py", line 865, in _getattr
    return getattr(importlib.import_module(target, __name__), name)
                   ~~~~~~~~~~~~~~~~~~~~~~~^^^^^^^^^^^^^^^^^^
  File "C:\Users\suryanarayanan\AppData\Local\Programs\Python\Python313\Lib\importlib\__init__.py", line 88, in import_module
    return _bootstrap._gcd_import(name[level:], package, level)
           ~~~~~~~~~~~~~~~~~~~~~~^^^^^^^^^^^^^^^^^^^^^^^^^^^^^^
  File "<frozen importlib._bootstrap>", line 1395, in _gcd_import
  File "<frozen importlib._bootstrap>", line 1360, in _find_and_load
  File "<frozen importlib._bootstrap>", line 1331, in _find_and_load_unlocked
  File "<frozen importlib._bootstrap>", line 935, in _load_unlocked
  File "<frozen importlib._bootstrap_external>", line 1023, in exec_module
  File "<frozen importlib._bootstrap>", line 488, in _call_with_frames_removed
  File "C:\Projects\customer-support-rag\.venv\Lib\site-packages\transformers\models\glm46v\image_processing_glm46v.py", line 25, in <module>
    from torchvision.transforms.v2 import functional as tvF
ModuleNotFoundError: No module named 'torchvision'
2026-09-02 15:48:53.921 Examining the path of transformers.models.glm4v.image_processing_glm4v_fast raised:
Traceback (most recent call last):
  File "C:\Projects\customer-support-rag\.venv\Lib\site-packages\streamlit\watcher\local_sources_watcher.py", line 340, in get_module_paths
    potential_paths = extract_paths(module)
  File "C:\Projects\customer-support-rag\.venv\Lib\site-packages\streamlit\watcher\local_sources_watcher.py", line 327, in <lambda>
    if hasattr(m, "__path__")
       ~~~~~~~^^^^^^^^^^^^^^^
  File "C:\Projects\customer-support-rag\.venv\Lib\site-packages\transformers\__init__.py", line 865, in _getattr
    return getattr(importlib.import_module(target, __name__), name)
                   ~~~~~~~~~~~~~~~~~~~~~~~^^^^^^^^^^^^^^^^^^
  File "C:\Users\suryanarayanan\AppData\Local\Programs\Python\Python313\Lib\importlib\__init__.py", line 88, in import_module
    return _bootstrap._gcd_import(name[level:], package, level)
           ~~~~~~~~~~~~~~~~~~~~~~^^^^^^^^^^^^^^^^^^^^^^^^^^^^^^
  File "<frozen importlib._bootstrap>", line 1395, in _gcd_import
  File "<frozen importlib._bootstrap>", line 1360, in _find_and_load
  File "<frozen importlib._bootstrap>", line 1331, in _find_and_load_unlocked
  File "<frozen importlib._bootstrap>", line 935, in _load_unlocked
  File "<frozen importlib._bootstrap_external>", line 1023, in exec_module
  File "<frozen importlib._bootstrap>", line 488, in _call_with_frames_removed
  File "C:\Projects\customer-support-rag\.venv\Lib\site-packages\transformers\models\glm4v\image_processing_glm4v.py", line 19, in <module>
    from torchvision.transforms.v2 import functional as tvF
ModuleNotFoundError: No module named 'torchvision'
2026-09-02 15:48:53.923 Examining the path of transformers.models.glm5_next.image_processing_glm5_next_fast raised:
Traceback (most recent call last):
  File "C:\Projects\customer-support-rag\.venv\Lib\site-packages\streamlit\watcher\local_sources_watcher.py", line 340, in get_module_paths
    potential_paths = extract_paths(module)
  File "C:\Projects\customer-support-rag\.venv\Lib\site-packages\streamlit\watcher\local_sources_watcher.py", line 327, in <lambda>
    if hasattr(m, "__path__")
       ~~~~~~~^^^^^^^^^^^^^^^
  File "C:\Projects\customer-support-rag\.venv\Lib\site-packages\transformers\__init__.py", line 865, in _getattr
    return getattr(importlib.import_module(target, __name__), name)
                   ~~~~~~~~~~~~~~~~~~~~~~~^^^^^^^^^^^^^^^^^^
  File "C:\Users\suryanarayanan\AppData\Local\Programs\Python\Python313\Lib\importlib\__init__.py", line 88, in import_module
    return _bootstrap._gcd_import(name[level:], package, level)
           ~~~~~~~~~~~~~~~~~~~~~~^^^^^^^^^^^^^^^^^^^^^^^^^^^^^^
  File "<frozen importlib._bootstrap>", line 1395, in _gcd_import
  File "<frozen importlib._bootstrap>", line 1360, in _find_and_load
  File "<frozen importlib._bootstrap>", line 1331, in _find_and_load_unlocked
  File "<frozen importlib._bootstrap>", line 935, in _load_unlocked
  File "<frozen importlib._bootstrap_external>", line 1023, in exec_module
  File "<frozen importlib._bootstrap>", line 488, in _call_with_frames_removed
  File "C:\Projects\customer-support-rag\.venv\Lib\site-packages\transformers\models\glm5_next\image_processing_glm5_next.py", line 24, in <module>
    from torchvision.transforms.v2 import functional as tvF
ModuleNotFoundError: No module named 'torchvision'
2026-09-02 15:48:53.926 Examining the path of transformers.models.glm_image.image_processing_glm_image_fast raised:
Traceback (most recent call last):
  File "C:\Projects\customer-support-rag\.venv\Lib\site-packages\streamlit\watcher\local_sources_watcher.py", line 340, in get_module_paths
    potential_paths = extract_paths(module)
  File "C:\Projects\customer-support-rag\.venv\Lib\site-packages\streamlit\watcher\local_sources_watcher.py", line 327, in <lambda>
    if hasattr(m, "__path__")
       ~~~~~~~^^^^^^^^^^^^^^^
  File "C:\Projects\customer-support-rag\.venv\Lib\site-packages\transformers\__init__.py", line 865, in _getattr
    return getattr(importlib.import_module(target, __name__), name)
                   ~~~~~~~~~~~~~~~~~~~~~~~^^^^^^^^^^^^^^^^^^
  File "C:\Users\suryanarayanan\AppData\Local\Programs\Python\Python313\Lib\importlib\__init__.py", line 88, in import_module
    return _bootstrap._gcd_import(name[level:], package, level)
           ~~~~~~~~~~~~~~~~~~~~~~^^^^^^^^^^^^^^^^^^^^^^^^^^^^^^
  File "<frozen importlib._bootstrap>", line 1395, in _gcd_import
  File "<frozen importlib._bootstrap>", line 1360, in _find_and_load
  File "<frozen importlib._bootstrap>", line 1331, in _find_and_load_unlocked
  File "<frozen importlib._bootstrap>", line 935, in _load_unlocked
  File "<frozen importlib._bootstrap_external>", line 1023, in exec_module
  File "<frozen importlib._bootstrap>", line 488, in _call_with_frames_removed
  File "C:\Projects\customer-support-rag\.venv\Lib\site-packages\transformers\models\glm_image\image_processing_glm_image.py", line 25, in <module>
    from torchvision.transforms.v2 import functional as tvF
ModuleNotFoundError: No module named 'torchvision'
2026-09-02 15:48:53.931 Examining the path of transformers.models.glmga.image_processing_glmga_fast raised:
Traceback (most recent call last):
  File "C:\Projects\customer-support-rag\.venv\Lib\site-packages\streamlit\watcher\local_sources_watcher.py", line 340, in get_module_paths
    potential_paths = extract_paths(module)
  File "C:\Projects\customer-support-rag\.venv\Lib\site-packages\streamlit\watcher\local_sources_watcher.py", line 327, in <lambda>
    if hasattr(m, "__path__")
       ~~~~~~~^^^^^^^^^^^^^^^
  File "C:\Projects\customer-support-rag\.venv\Lib\site-packages\transformers\__init__.py", line 865, in _getattr
    return getattr(importlib.import_module(target, __name__), name)
                   ~~~~~~~~~~~~~~~~~~~~~~~^^^^^^^^^^^^^^^^^^
  File "C:\Users\suryanarayanan\AppData\Local\Programs\Python\Python313\Lib\importlib\__init__.py", line 88, in import_module
    return _bootstrap._gcd_import(name[level:], package, level)
           ~~~~~~~~~~~~~~~~~~~~~~^^^^^^^^^^^^^^^^^^^^^^^^^^^^^^
  File "<frozen importlib._bootstrap>", line 1395, in _gcd_import
  File "<frozen importlib._bootstrap>", line 1360, in _find_and_load
  File "<frozen importlib._bootstrap>", line 1331, in _find_and_load_unlocked
  File "<frozen importlib._bootstrap>", line 935, in _load_unlocked
  File "<frozen importlib._bootstrap_external>", line 1023, in exec_module
  File "<frozen importlib._bootstrap>", line 488, in _call_with_frames_removed
  File "C:\Projects\customer-support-rag\.venv\Lib\site-packages\transformers\models\glmga\image_processing_glmga.py", line 24, in <module>
    from torchvision.transforms.v2 import functional as tvF
ModuleNotFoundError: No module named 'torchvision'
2026-09-02 15:48:53.941 Examining the path of transformers.models.glpn.image_processing_glpn_fast raised:
Traceback (most recent call last):
  File "C:\Projects\customer-support-rag\.venv\Lib\site-packages\streamlit\watcher\local_sources_watcher.py", line 340, in get_module_paths
    potential_paths = extract_paths(module)
  File "C:\Projects\customer-support-rag\.venv\Lib\site-packages\streamlit\watcher\local_sources_watcher.py", line 327, in <lambda>
    if hasattr(m, "__path__")
       ~~~~~~~^^^^^^^^^^^^^^^
  File "C:\Projects\customer-support-rag\.venv\Lib\site-packages\transformers\__init__.py", line 865, in _getattr
    return getattr(importlib.import_module(target, __name__), name)
                   ~~~~~~~~~~~~~~~~~~~~~~~^^^^^^^^^^^^^^^^^^
  File "C:\Users\suryanarayanan\AppData\Local\Programs\Python\Python313\Lib\importlib\__init__.py", line 88, in import_module
    return _bootstrap._gcd_import(name[level:], package, level)
           ~~~~~~~~~~~~~~~~~~~~~~^^^^^^^^^^^^^^^^^^^^^^^^^^^^^^
  File "<frozen importlib._bootstrap>", line 1395, in _gcd_import
  File "<frozen importlib._bootstrap>", line 1360, in _find_and_load
  File "<frozen importlib._bootstrap>", line 1331, in _find_and_load_unlocked
  File "<frozen importlib._bootstrap>", line 935, in _load_unlocked
  File "<frozen importlib._bootstrap_external>", line 1023, in exec_module
  File "<frozen importlib._bootstrap>", line 488, in _call_with_frames_removed
  File "C:\Projects\customer-support-rag\.venv\Lib\site-packages\transformers\models\glpn\image_processing_glpn.py", line 34, in <module>
    from torchvision.transforms.v2 import functional as tvF
ModuleNotFoundError: No module named 'torchvision'
2026-09-02 15:48:53.948 Examining the path of transformers.models.got_ocr2.image_processing_got_ocr2_fast raised:
Traceback (most recent call last):
  File "C:\Projects\customer-support-rag\.venv\Lib\site-packages\streamlit\watcher\local_sources_watcher.py", line 340, in get_module_paths
    potential_paths = extract_paths(module)
  File "C:\Projects\customer-support-rag\.venv\Lib\site-packages\streamlit\watcher\local_sources_watcher.py", line 327, in <lambda>
    if hasattr(m, "__path__")
       ~~~~~~~^^^^^^^^^^^^^^^
  File "C:\Projects\customer-support-rag\.venv\Lib\site-packages\transformers\__init__.py", line 865, in _getattr
    return getattr(importlib.import_module(target, __name__), name)
                   ~~~~~~~~~~~~~~~~~~~~~~~^^^^^^^^^^^^^^^^^^
  File "C:\Users\suryanarayanan\AppData\Local\Programs\Python\Python313\Lib\importlib\__init__.py", line 88, in import_module
    return _bootstrap._gcd_import(name[level:], package, level)
           ~~~~~~~~~~~~~~~~~~~~~~^^^^^^^^^^^^^^^^^^^^^^^^^^^^^^
  File "<frozen importlib._bootstrap>", line 1395, in _gcd_import
  File "<frozen importlib._bootstrap>", line 1360, in _find_and_load
  File "<frozen importlib._bootstrap>", line 1331, in _find_and_load_unlocked
  File "<frozen importlib._bootstrap>", line 935, in _load_unlocked
  File "<frozen importlib._bootstrap_external>", line 1023, in exec_module
  File "<frozen importlib._bootstrap>", line 488, in _call_with_frames_removed
  File "C:\Projects\customer-support-rag\.venv\Lib\site-packages\transformers\models\got_ocr2\image_processing_got_ocr2.py", line 19, in <module>
    from torchvision.transforms.v2 import functional as tvF
ModuleNotFoundError: No module named 'torchvision'
2026-09-02 15:48:53.963 Examining the path of transformers.models.grounding_dino.image_processing_grounding_dino_fast raised:
Traceback (most recent call last):
  File "C:\Projects\customer-support-rag\.venv\Lib\site-packages\streamlit\watcher\local_sources_watcher.py", line 340, in get_module_paths
    potential_paths = extract_paths(module)
  File "C:\Projects\customer-support-rag\.venv\Lib\site-packages\streamlit\watcher\local_sources_watcher.py", line 327, in <lambda>
    if hasattr(m, "__path__")
       ~~~~~~~^^^^^^^^^^^^^^^
  File "C:\Projects\customer-support-rag\.venv\Lib\site-packages\transformers\__init__.py", line 865, in _getattr
    return getattr(importlib.import_module(target, __name__), name)
                   ~~~~~~~~~~~~~~~~~~~~~~~^^^^^^^^^^^^^^^^^^
  File "C:\Users\suryanarayanan\AppData\Local\Programs\Python\Python313\Lib\importlib\__init__.py", line 88, in import_module
    return _bootstrap._gcd_import(name[level:], package, level)
           ~~~~~~~~~~~~~~~~~~~~~~^^^^^^^^^^^^^^^^^^^^^^^^^^^^^^
  File "<frozen importlib._bootstrap>", line 1395, in _gcd_import
  File "<frozen importlib._bootstrap>", line 1360, in _find_and_load
  File "<frozen importlib._bootstrap>", line 1331, in _find_and_load_unlocked
  File "<frozen importlib._bootstrap>", line 935, in _load_unlocked
  File "<frozen importlib._bootstrap_external>", line 1023, in exec_module
  File "<frozen importlib._bootstrap>", line 488, in _call_with_frames_removed
  File "C:\Projects\customer-support-rag\.venv\Lib\site-packages\transformers\models\grounding_dino\image_processing_grounding_dino.py", line 30, in <module>
    from torchvision.io import read_image
ModuleNotFoundError: No module named 'torchvision'
2026-09-02 15:48:53.970 Examining the path of transformers.models.hunyuan_vl.image_processing_hunyuan_vl_fast raised:
Traceback (most recent call last):
  File "C:\Projects\customer-support-rag\.venv\Lib\site-packages\streamlit\watcher\local_sources_watcher.py", line 340, in get_module_paths
    potential_paths = extract_paths(module)
  File "C:\Projects\customer-support-rag\.venv\Lib\site-packages\streamlit\watcher\local_sources_watcher.py", line 327, in <lambda>
    if hasattr(m, "__path__")
       ~~~~~~~^^^^^^^^^^^^^^^
  File "C:\Projects\customer-support-rag\.venv\Lib\site-packages\transformers\__init__.py", line 865, in _getattr
    return getattr(importlib.import_module(target, __name__), name)
                   ~~~~~~~~~~~~~~~~~~~~~~~^^^^^^^^^^^^^^^^^^
  File "C:\Users\suryanarayanan\AppData\Local\Programs\Python\Python313\Lib\importlib\__init__.py", line 88, in import_module
    return _bootstrap._gcd_import(name[level:], package, level)
           ~~~~~~~~~~~~~~~~~~~~~~^^^^^^^^^^^^^^^^^^^^^^^^^^^^^^
  File "<frozen importlib._bootstrap>", line 1395, in _gcd_import
  File "<frozen importlib._bootstrap>", line 1360, in _find_and_load
  File "<frozen importlib._bootstrap>", line 1331, in _find_and_load_unlocked
  File "<frozen importlib._bootstrap>", line 935, in _load_unlocked
  File "<frozen importlib._bootstrap_external>", line 1023, in exec_module
  File "<frozen importlib._bootstrap>", line 488, in _call_with_frames_removed
  File "C:\Projects\customer-support-rag\.venv\Lib\site-packages\transformers\models\hunyuan_vl\image_processing_hunyuan_vl.py", line 25, in <module>
    from torchvision.transforms.v2 import functional as tvF
ModuleNotFoundError: No module named 'torchvision'
2026-09-02 15:48:53.979 Examining the path of transformers.models.idefics2.image_processing_idefics2_fast raised:
Traceback (most recent call last):
  File "C:\Projects\customer-support-rag\.venv\Lib\site-packages\streamlit\watcher\local_sources_watcher.py", line 340, in get_module_paths
    potential_paths = extract_paths(module)
  File "C:\Projects\customer-support-rag\.venv\Lib\site-packages\streamlit\watcher\local_sources_watcher.py", line 327, in <lambda>
    if hasattr(m, "__path__")
       ~~~~~~~^^^^^^^^^^^^^^^
  File "C:\Projects\customer-support-rag\.venv\Lib\site-packages\transformers\__init__.py", line 865, in _getattr
    return getattr(importlib.import_module(target, __name__), name)
                   ~~~~~~~~~~~~~~~~~~~~~~~^^^^^^^^^^^^^^^^^^
  File "C:\Users\suryanarayanan\AppData\Local\Programs\Python\Python313\Lib\importlib\__init__.py", line 88, in import_module
    return _bootstrap._gcd_import(name[level:], package, level)
           ~~~~~~~~~~~~~~~~~~~~~~^^^^^^^^^^^^^^^^^^^^^^^^^^^^^^
  File "<frozen importlib._bootstrap>", line 1395, in _gcd_import
  File "<frozen importlib._bootstrap>", line 1360, in _find_and_load
  File "<frozen importlib._bootstrap>", line 1331, in _find_and_load_unlocked
  File "<frozen importlib._bootstrap>", line 935, in _load_unlocked
  File "<frozen importlib._bootstrap_external>", line 1023, in exec_module
  File "<frozen importlib._bootstrap>", line 488, in _call_with_frames_removed
  File "C:\Projects\customer-support-rag\.venv\Lib\site-packages\transformers\models\idefics2\image_processing_idefics2.py", line 37, in <module>
    from torchvision.transforms.v2 import functional as tvF
ModuleNotFoundError: No module named 'torchvision'
2026-09-02 15:48:53.990 Examining the path of transformers.models.idefics3.image_processing_idefics3_fast raised:
Traceback (most recent call last):
  File "C:\Projects\customer-support-rag\.venv\Lib\site-packages\streamlit\watcher\local_sources_watcher.py", line 340, in get_module_paths
    potential_paths = extract_paths(module)
  File "C:\Projects\customer-support-rag\.venv\Lib\site-packages\streamlit\watcher\local_sources_watcher.py", line 327, in <lambda>
    if hasattr(m, "__path__")
       ~~~~~~~^^^^^^^^^^^^^^^
  File "C:\Projects\customer-support-rag\.venv\Lib\site-packages\transformers\__init__.py", line 865, in _getattr
    return getattr(importlib.import_module(target, __name__), name)
                   ~~~~~~~~~~~~~~~~~~~~~~~^^^^^^^^^^^^^^^^^^
  File "C:\Users\suryanarayanan\AppData\Local\Programs\Python\Python313\Lib\importlib\__init__.py", line 88, in import_module
    return _bootstrap._gcd_import(name[level:], package, level)
           ~~~~~~~~~~~~~~~~~~~~~~^^^^^^^^^^^^^^^^^^^^^^^^^^^^^^
  File "<frozen importlib._bootstrap>", line 1395, in _gcd_import
  File "<frozen importlib._bootstrap>", line 1360, in _find_and_load
  File "<frozen importlib._bootstrap>", line 1331, in _find_and_load_unlocked
  File "<frozen importlib._bootstrap>", line 935, in _load_unlocked
  File "<frozen importlib._bootstrap_external>", line 1023, in exec_module
  File "<frozen importlib._bootstrap>", line 488, in _call_with_frames_removed
  File "C:\Projects\customer-support-rag\.venv\Lib\site-packages\transformers\models\idefics3\image_processing_idefics3.py", line 20, in <module>
    from torchvision.transforms.v2 import functional as tvF
ModuleNotFoundError: No module named 'torchvision'
2026-09-02 15:48:54.003 Examining the path of transformers.models.imagegpt.image_processing_imagegpt_fast raised:
Traceback (most recent call last):
  File "C:\Projects\customer-support-rag\.venv\Lib\site-packages\streamlit\watcher\local_sources_watcher.py", line 340, in get_module_paths
    potential_paths = extract_paths(module)
  File "C:\Projects\customer-support-rag\.venv\Lib\site-packages\streamlit\watcher\local_sources_watcher.py", line 327, in <lambda>
    if hasattr(m, "__path__")
       ~~~~~~~^^^^^^^^^^^^^^^
  File "C:\Projects\customer-support-rag\.venv\Lib\site-packages\transformers\__init__.py", line 865, in _getattr
    return getattr(importlib.import_module(target, __name__), name)
                   ~~~~~~~~~~~~~~~~~~~~~~~^^^^^^^^^^^^^^^^^^
  File "C:\Users\suryanarayanan\AppData\Local\Programs\Python\Python313\Lib\importlib\__init__.py", line 88, in import_module
    return _bootstrap._gcd_import(name[level:], package, level)
           ~~~~~~~~~~~~~~~~~~~~~~^^^^^^^^^^^^^^^^^^^^^^^^^^^^^^
  File "<frozen importlib._bootstrap>", line 1395, in _gcd_import
  File "<frozen importlib._bootstrap>", line 1360, in _find_and_load
  File "<frozen importlib._bootstrap>", line 1331, in _find_and_load_unlocked
  File "<frozen importlib._bootstrap>", line 935, in _load_unlocked
  File "<frozen importlib._bootstrap_external>", line 1023, in exec_module
  File "<frozen importlib._bootstrap>", line 488, in _call_with_frames_removed
  File "C:\Projects\customer-support-rag\.venv\Lib\site-packages\transformers\models\imagegpt\image_processing_imagegpt.py", line 20, in <module>
    from torchvision.transforms.v2 import functional as tvF
ModuleNotFoundError: No module named 'torchvision'
2026-09-02 15:48:54.009 Examining the path of transformers.models.inkling.image_processing_inkling_fast raised:
Traceback (most recent call last):
  File "C:\Projects\customer-support-rag\.venv\Lib\site-packages\streamlit\watcher\local_sources_watcher.py", line 340, in get_module_paths
    potential_paths = extract_paths(module)
  File "C:\Projects\customer-support-rag\.venv\Lib\site-packages\streamlit\watcher\local_sources_watcher.py", line 327, in <lambda>
    if hasattr(m, "__path__")
       ~~~~~~~^^^^^^^^^^^^^^^
  File "C:\Projects\customer-support-rag\.venv\Lib\site-packages\transformers\__init__.py", line 865, in _getattr
    return getattr(importlib.import_module(target, __name__), name)
                   ~~~~~~~~~~~~~~~~~~~~~~~^^^^^^^^^^^^^^^^^^
  File "C:\Users\suryanarayanan\AppData\Local\Programs\Python\Python313\Lib\importlib\__init__.py", line 88, in import_module
    return _bootstrap._gcd_import(name[level:], package, level)
           ~~~~~~~~~~~~~~~~~~~~~~^^^^^^^^^^^^^^^^^^^^^^^^^^^^^^
  File "<frozen importlib._bootstrap>", line 1395, in _gcd_import
  File "<frozen importlib._bootstrap>", line 1360, in _find_and_load
  File "<frozen importlib._bootstrap>", line 1331, in _find_and_load_unlocked
  File "<frozen importlib._bootstrap>", line 935, in _load_unlocked
  File "<frozen importlib._bootstrap_external>", line 1023, in exec_module
  File "<frozen importlib._bootstrap>", line 488, in _call_with_frames_removed
  File "C:\Projects\customer-support-rag\.venv\Lib\site-packages\transformers\models\inkling\image_processing_inkling.py", line 19, in <module>
    from torchvision.transforms.v2 import functional as tvF
ModuleNotFoundError: No module named 'torchvision'
2026-09-02 15:48:54.015 Examining the path of transformers.models.janus.image_processing_janus_fast raised:
Traceback (most recent call last):
  File "C:\Projects\customer-support-rag\.venv\Lib\site-packages\streamlit\watcher\local_sources_watcher.py", line 340, in get_module_paths
    potential_paths = extract_paths(module)
  File "C:\Projects\customer-support-rag\.venv\Lib\site-packages\streamlit\watcher\local_sources_watcher.py", line 327, in <lambda>
    if hasattr(m, "__path__")
       ~~~~~~~^^^^^^^^^^^^^^^
  File "C:\Projects\customer-support-rag\.venv\Lib\site-packages\transformers\__init__.py", line 865, in _getattr
    return getattr(importlib.import_module(target, __name__), name)
                   ~~~~~~~~~~~~~~~~~~~~~~~^^^^^^^^^^^^^^^^^^
  File "C:\Users\suryanarayanan\AppData\Local\Programs\Python\Python313\Lib\importlib\__init__.py", line 88, in import_module
    return _bootstrap._gcd_import(name[level:], package, level)
           ~~~~~~~~~~~~~~~~~~~~~~^^^^^^^^^^^^^^^^^^^^^^^^^^^^^^
  File "<frozen importlib._bootstrap>", line 1395, in _gcd_import
  File "<frozen importlib._bootstrap>", line 1360, in _find_and_load
  File "<frozen importlib._bootstrap>", line 1331, in _find_and_load_unlocked
  File "<frozen importlib._bootstrap>", line 935, in _load_unlocked
  File "<frozen importlib._bootstrap_external>", line 1023, in exec_module
  File "<frozen importlib._bootstrap>", line 488, in _call_with_frames_removed
  File "C:\Projects\customer-support-rag\.venv\Lib\site-packages\transformers\models\janus\image_processing_janus.py", line 17, in <module>
    import torchvision.transforms.v2.functional as tvF
ModuleNotFoundError: No module named 'torchvision'
2026-09-02 15:48:54.019 Examining the path of transformers.models.kimi_k25.image_processing_kimi_k25_fast raised:
Traceback (most recent call last):
  File "C:\Projects\customer-support-rag\.venv\Lib\site-packages\streamlit\watcher\local_sources_watcher.py", line 340, in get_module_paths
    potential_paths = extract_paths(module)
  File "C:\Projects\customer-support-rag\.venv\Lib\site-packages\streamlit\watcher\local_sources_watcher.py", line 327, in <lambda>
    if hasattr(m, "__path__")
       ~~~~~~~^^^^^^^^^^^^^^^
  File "C:\Projects\customer-support-rag\.venv\Lib\site-packages\transformers\__init__.py", line 865, in _getattr
    return getattr(importlib.import_module(target, __name__), name)
                   ~~~~~~~~~~~~~~~~~~~~~~~^^^^^^^^^^^^^^^^^^
  File "C:\Users\suryanarayanan\AppData\Local\Programs\Python\Python313\Lib\importlib\__init__.py", line 88, in import_module
    return _bootstrap._gcd_import(name[level:], package, level)
           ~~~~~~~~~~~~~~~~~~~~~~^^^^^^^^^^^^^^^^^^^^^^^^^^^^^^
  File "<frozen importlib._bootstrap>", line 1395, in _gcd_import
  File "<frozen importlib._bootstrap>", line 1360, in _find_and_load
  File "<frozen importlib._bootstrap>", line 1331, in _find_and_load_unlocked
  File "<frozen importlib._bootstrap>", line 935, in _load_unlocked
  File "<frozen importlib._bootstrap_external>", line 1023, in exec_module
  File "<frozen importlib._bootstrap>", line 488, in _call_with_frames_removed
  File "C:\Projects\customer-support-rag\.venv\Lib\site-packages\transformers\models\kimi_k25\image_processing_kimi_k25.py", line 19, in <module>
    from torchvision.transforms.v2 import functional as tvF
ModuleNotFoundError: No module named 'torchvision'
2026-09-02 15:48:54.024 Examining the path of transformers.models.layoutlmv2.image_processing_layoutlmv2_fast raised:
Traceback (most recent call last):
  File "C:\Projects\customer-support-rag\.venv\Lib\site-packages\streamlit\watcher\local_sources_watcher.py", line 340, in get_module_paths
    potential_paths = extract_paths(module)
  File "C:\Projects\customer-support-rag\.venv\Lib\site-packages\streamlit\watcher\local_sources_watcher.py", line 327, in <lambda>
    if hasattr(m, "__path__")
       ~~~~~~~^^^^^^^^^^^^^^^
  File "C:\Projects\customer-support-rag\.venv\Lib\site-packages\transformers\__init__.py", line 865, in _getattr
    return getattr(importlib.import_module(target, __name__), name)
                   ~~~~~~~~~~~~~~~~~~~~~~~^^^^^^^^^^^^^^^^^^
  File "C:\Users\suryanarayanan\AppData\Local\Programs\Python\Python313\Lib\importlib\__init__.py", line 88, in import_module
    return _bootstrap._gcd_import(name[level:], package, level)
           ~~~~~~~~~~~~~~~~~~~~~~^^^^^^^^^^^^^^^^^^^^^^^^^^^^^^
  File "<frozen importlib._bootstrap>", line 1395, in _gcd_import
  File "<frozen importlib._bootstrap>", line 1360, in _find_and_load
  File "<frozen importlib._bootstrap>", line 1331, in _find_and_load_unlocked
  File "<frozen importlib._bootstrap>", line 935, in _load_unlocked
  File "<frozen importlib._bootstrap_external>", line 1023, in exec_module
  File "<frozen importlib._bootstrap>", line 488, in _call_with_frames_removed
  File "C:\Projects\customer-support-rag\.venv\Lib\site-packages\transformers\models\layoutlmv2\image_processing_layoutlmv2.py", line 36, in <module>
    from torchvision.transforms.v2 import functional as tvF
ModuleNotFoundError: No module named 'torchvision'
2026-09-02 15:48:54.027 Examining the path of transformers.models.layoutlmv3.image_processing_layoutlmv3_fast raised:
Traceback (most recent call last):
  File "C:\Projects\customer-support-rag\.venv\Lib\site-packages\streamlit\watcher\local_sources_watcher.py", line 340, in get_module_paths
    potential_paths = extract_paths(module)
  File "C:\Projects\customer-support-rag\.venv\Lib\site-packages\streamlit\watcher\local_sources_watcher.py", line 327, in <lambda>
    if hasattr(m, "__path__")
       ~~~~~~~^^^^^^^^^^^^^^^
  File "C:\Projects\customer-support-rag\.venv\Lib\site-packages\transformers\__init__.py", line 865, in _getattr
    return getattr(importlib.import_module(target, __name__), name)
                   ~~~~~~~~~~~~~~~~~~~~~~~^^^^^^^^^^^^^^^^^^
  File "C:\Users\suryanarayanan\AppData\Local\Programs\Python\Python313\Lib\importlib\__init__.py", line 88, in import_module
    return _bootstrap._gcd_import(name[level:], package, level)
           ~~~~~~~~~~~~~~~~~~~~~~^^^^^^^^^^^^^^^^^^^^^^^^^^^^^^
  File "<frozen importlib._bootstrap>", line 1395, in _gcd_import
  File "<frozen importlib._bootstrap>", line 1360, in _find_and_load
  File "<frozen importlib._bootstrap>", line 1331, in _find_and_load_unlocked
  File "<frozen importlib._bootstrap>", line 935, in _load_unlocked
  File "<frozen importlib._bootstrap_external>", line 1023, in exec_module
  File "<frozen importlib._bootstrap>", line 488, in _call_with_frames_removed
  File "C:\Projects\customer-support-rag\.venv\Lib\site-packages\transformers\models\layoutlmv3\image_processing_layoutlmv3.py", line 42, in <module>
    from torchvision.transforms.v2 import functional as tvF
ModuleNotFoundError: No module named 'torchvision'
2026-09-02 15:48:54.035 Examining the path of transformers.models.levit.image_processing_levit_fast raised:
Traceback (most recent call last):
  File "C:\Projects\customer-support-rag\.venv\Lib\site-packages\streamlit\watcher\local_sources_watcher.py", line 340, in get_module_paths
    potential_paths = extract_paths(module)
  File "C:\Projects\customer-support-rag\.venv\Lib\site-packages\streamlit\watcher\local_sources_watcher.py", line 327, in <lambda>
    if hasattr(m, "__path__")
       ~~~~~~~^^^^^^^^^^^^^^^
  File "C:\Projects\customer-support-rag\.venv\Lib\site-packages\transformers\__init__.py", line 865, in _getattr
    return getattr(importlib.import_module(target, __name__), name)
                   ~~~~~~~~~~~~~~~~~~~~~~~^^^^^^^^^^^^^^^^^^
  File "C:\Users\suryanarayanan\AppData\Local\Programs\Python\Python313\Lib\importlib\__init__.py", line 88, in import_module
    return _bootstrap._gcd_import(name[level:], package, level)
           ~~~~~~~~~~~~~~~~~~~~~~^^^^^^^^^^^^^^^^^^^^^^^^^^^^^^
  File "<frozen importlib._bootstrap>", line 1395, in _gcd_import
  File "<frozen importlib._bootstrap>", line 1360, in _find_and_load
  File "<frozen importlib._bootstrap>", line 1331, in _find_and_load_unlocked
  File "<frozen importlib._bootstrap>", line 935, in _load_unlocked
  File "<frozen importlib._bootstrap_external>", line 1023, in exec_module
  File "<frozen importlib._bootstrap>", line 488, in _call_with_frames_removed
  File "C:\Projects\customer-support-rag\.venv\Lib\site-packages\transformers\models\levit\image_processing_levit.py", line 17, in <module>
    from torchvision.transforms.v2 import functional as tvF
ModuleNotFoundError: No module named 'torchvision'
2026-09-02 15:48:54.045 Examining the path of transformers.models.lfm2_vl.image_processing_lfm2_vl_fast raised:
Traceback (most recent call last):
  File "C:\Projects\customer-support-rag\.venv\Lib\site-packages\streamlit\watcher\local_sources_watcher.py", line 340, in get_module_paths
    potential_paths = extract_paths(module)
  File "C:\Projects\customer-support-rag\.venv\Lib\site-packages\streamlit\watcher\local_sources_watcher.py", line 327, in <lambda>
    if hasattr(m, "__path__")
       ~~~~~~~^^^^^^^^^^^^^^^
  File "C:\Projects\customer-support-rag\.venv\Lib\site-packages\transformers\__init__.py", line 865, in _getattr
    return getattr(importlib.import_module(target, __name__), name)
                   ~~~~~~~~~~~~~~~~~~~~~~~^^^^^^^^^^^^^^^^^^
  File "C:\Users\suryanarayanan\AppData\Local\Programs\Python\Python313\Lib\importlib\__init__.py", line 88, in import_module
    return _bootstrap._gcd_import(name[level:], package, level)
           ~~~~~~~~~~~~~~~~~~~~~~^^^^^^^^^^^^^^^^^^^^^^^^^^^^^^
  File "<frozen importlib._bootstrap>", line 1395, in _gcd_import
  File "<frozen importlib._bootstrap>", line 1360, in _find_and_load
  File "<frozen importlib._bootstrap>", line 1331, in _find_and_load_unlocked
  File "<frozen importlib._bootstrap>", line 935, in _load_unlocked
  File "<frozen importlib._bootstrap_external>", line 1023, in exec_module
  File "<frozen importlib._bootstrap>", line 488, in _call_with_frames_removed
  File "C:\Projects\customer-support-rag\.venv\Lib\site-packages\transformers\models\lfm2_vl\image_processing_lfm2_vl.py", line 18, in <module>
    from torchvision.transforms.v2 import functional as tvF
ModuleNotFoundError: No module named 'torchvision'
2026-09-02 15:48:54.056 Examining the path of transformers.models.lightglue.image_processing_lightglue_fast raised:
Traceback (most recent call last):
  File "C:\Projects\customer-support-rag\.venv\Lib\site-packages\streamlit\watcher\local_sources_watcher.py", line 340, in get_module_paths
    potential_paths = extract_paths(module)
  File "C:\Projects\customer-support-rag\.venv\Lib\site-packages\streamlit\watcher\local_sources_watcher.py", line 327, in <lambda>
    if hasattr(m, "__path__")
       ~~~~~~~^^^^^^^^^^^^^^^
  File "C:\Projects\customer-support-rag\.venv\Lib\site-packages\transformers\__init__.py", line 865, in _getattr
    return getattr(importlib.import_module(target, __name__), name)
                   ~~~~~~~~~~~~~~~~~~~~~~~^^^^^^^^^^^^^^^^^^
  File "C:\Users\suryanarayanan\AppData\Local\Programs\Python\Python313\Lib\importlib\__init__.py", line 88, in import_module
    return _bootstrap._gcd_import(name[level:], package, level)
           ~~~~~~~~~~~~~~~~~~~~~~^^^^^^^^^^^^^^^^^^^^^^^^^^^^^^
  File "<frozen importlib._bootstrap>", line 1395, in _gcd_import
  File "<frozen importlib._bootstrap>", line 1360, in _find_and_load
  File "<frozen importlib._bootstrap>", line 1331, in _find_and_load_unlocked
  File "<frozen importlib._bootstrap>", line 935, in _load_unlocked
  File "<frozen importlib._bootstrap_external>", line 1023, in exec_module
  File "<frozen importlib._bootstrap>", line 488, in _call_with_frames_removed
  File "C:\Projects\customer-support-rag\.venv\Lib\site-packages\transformers\models\lightglue\image_processing_lightglue.py", line 24, in <module>
    from torchvision.transforms.v2 import functional as tvF
ModuleNotFoundError: No module named 'torchvision'
2026-09-02 15:48:54.060 Examining the path of transformers.models.llama4.image_processing_llama4_fast raised:
Traceback (most recent call last):
  File "C:\Projects\customer-support-rag\.venv\Lib\site-packages\streamlit\watcher\local_sources_watcher.py", line 340, in get_module_paths
    potential_paths = extract_paths(module)
  File "C:\Projects\customer-support-rag\.venv\Lib\site-packages\streamlit\watcher\local_sources_watcher.py", line 327, in <lambda>
    if hasattr(m, "__path__")
       ~~~~~~~^^^^^^^^^^^^^^^
  File "C:\Projects\customer-support-rag\.venv\Lib\site-packages\transformers\__init__.py", line 865, in _getattr
    return getattr(importlib.import_module(target, __name__), name)
                   ~~~~~~~~~~~~~~~~~~~~~~~^^^^^^^^^^^^^^^^^^
  File "C:\Users\suryanarayanan\AppData\Local\Programs\Python\Python313\Lib\importlib\__init__.py", line 88, in import_module
    return _bootstrap._gcd_import(name[level:], package, level)
           ~~~~~~~~~~~~~~~~~~~~~~^^^^^^^^^^^^^^^^^^^^^^^^^^^^^^
  File "<frozen importlib._bootstrap>", line 1395, in _gcd_import
  File "<frozen importlib._bootstrap>", line 1360, in _find_and_load
  File "<frozen importlib._bootstrap>", line 1331, in _find_and_load_unlocked
  File "<frozen importlib._bootstrap>", line 935, in _load_unlocked
  File "<frozen importlib._bootstrap_external>", line 1023, in exec_module
  File "<frozen importlib._bootstrap>", line 488, in _call_with_frames_removed
  File "C:\Projects\customer-support-rag\.venv\Lib\site-packages\transformers\models\llama4\image_processing_llama4.py", line 21, in <module>
    from torchvision.transforms.v2 import functional as tvF
ModuleNotFoundError: No module named 'torchvision'
2026-09-02 15:48:54.063 Examining the path of transformers.models.llava.image_processing_llava_fast raised:
Traceback (most recent call last):
  File "C:\Projects\customer-support-rag\.venv\Lib\site-packages\streamlit\watcher\local_sources_watcher.py", line 340, in get_module_paths
    potential_paths = extract_paths(module)
  File "C:\Projects\customer-support-rag\.venv\Lib\site-packages\streamlit\watcher\local_sources_watcher.py", line 327, in <lambda>
    if hasattr(m, "__path__")
       ~~~~~~~^^^^^^^^^^^^^^^
  File "C:\Projects\customer-support-rag\.venv\Lib\site-packages\transformers\__init__.py", line 865, in _getattr
    return getattr(importlib.import_module(target, __name__), name)
                   ~~~~~~~~~~~~~~~~~~~~~~~^^^^^^^^^^^^^^^^^^
  File "C:\Users\suryanarayanan\AppData\Local\Programs\Python\Python313\Lib\importlib\__init__.py", line 88, in import_module
    return _bootstrap._gcd_import(name[level:], package, level)
           ~~~~~~~~~~~~~~~~~~~~~~^^^^^^^^^^^^^^^^^^^^^^^^^^^^^^
  File "<frozen importlib._bootstrap>", line 1395, in _gcd_import
  File "<frozen importlib._bootstrap>", line 1360, in _find_and_load
  File "<frozen importlib._bootstrap>", line 1331, in _find_and_load_unlocked
  File "<frozen importlib._bootstrap>", line 935, in _load_unlocked
  File "<frozen importlib._bootstrap_external>", line 1023, in exec_module
  File "<frozen importlib._bootstrap>", line 488, in _call_with_frames_removed
  File "C:\Projects\customer-support-rag\.venv\Lib\site-packages\transformers\models\llava\image_processing_llava.py", line 19, in <module>
    from torchvision.transforms.v2 import functional as tvF
ModuleNotFoundError: No module named 'torchvision'
2026-09-02 15:48:54.065 Examining the path of transformers.models.llava_next.image_processing_llava_next_fast raised:
Traceback (most recent call last):
  File "C:\Projects\customer-support-rag\.venv\Lib\site-packages\streamlit\watcher\local_sources_watcher.py", line 340, in get_module_paths
    potential_paths = extract_paths(module)
  File "C:\Projects\customer-support-rag\.venv\Lib\site-packages\streamlit\watcher\local_sources_watcher.py", line 327, in <lambda>
    if hasattr(m, "__path__")
       ~~~~~~~^^^^^^^^^^^^^^^
  File "C:\Projects\customer-support-rag\.venv\Lib\site-packages\transformers\__init__.py", line 865, in _getattr
    return getattr(importlib.import_module(target, __name__), name)
                   ~~~~~~~~~~~~~~~~~~~~~~~^^^^^^^^^^^^^^^^^^
  File "C:\Users\suryanarayanan\AppData\Local\Programs\Python\Python313\Lib\importlib\__init__.py", line 88, in import_module
    return _bootstrap._gcd_import(name[level:], package, level)
           ~~~~~~~~~~~~~~~~~~~~~~^^^^^^^^^^^^^^^^^^^^^^^^^^^^^^
  File "<frozen importlib._bootstrap>", line 1395, in _gcd_import
  File "<frozen importlib._bootstrap>", line 1360, in _find_and_load
  File "<frozen importlib._bootstrap>", line 1331, in _find_and_load_unlocked
  File "<frozen importlib._bootstrap>", line 935, in _load_unlocked
  File "<frozen importlib._bootstrap_external>", line 1023, in exec_module
  File "<frozen importlib._bootstrap>", line 488, in _call_with_frames_removed
  File "C:\Projects\customer-support-rag\.venv\Lib\site-packages\transformers\models\llava_next\image_processing_llava_next.py", line 19, in <module>
    from torchvision.transforms.v2 import functional as tvF
ModuleNotFoundError: No module named 'torchvision'
2026-09-02 15:48:54.068 Examining the path of transformers.models.llava_onevision.image_processing_llava_onevision_fast raised:
Traceback (most recent call last):
  File "C:\Projects\customer-support-rag\.venv\Lib\site-packages\streamlit\watcher\local_sources_watcher.py", line 340, in get_module_paths
    potential_paths = extract_paths(module)
  File "C:\Projects\customer-support-rag\.venv\Lib\site-packages\streamlit\watcher\local_sources_watcher.py", line 327, in <lambda>
    if hasattr(m, "__path__")
       ~~~~~~~^^^^^^^^^^^^^^^
  File "C:\Projects\customer-support-rag\.venv\Lib\site-packages\transformers\__init__.py", line 865, in _getattr
    return getattr(importlib.import_module(target, __name__), name)
                   ~~~~~~~~~~~~~~~~~~~~~~~^^^^^^^^^^^^^^^^^^
  File "C:\Users\suryanarayanan\AppData\Local\Programs\Python\Python313\Lib\importlib\__init__.py", line 88, in import_module
    return _bootstrap._gcd_import(name[level:], package, level)
           ~~~~~~~~~~~~~~~~~~~~~~^^^^^^^^^^^^^^^^^^^^^^^^^^^^^^
  File "<frozen importlib._bootstrap>", line 1395, in _gcd_import
  File "<frozen importlib._bootstrap>", line 1360, in _find_and_load
  File "<frozen importlib._bootstrap>", line 1331, in _find_and_load_unlocked
  File "<frozen importlib._bootstrap>", line 935, in _load_unlocked
  File "<frozen importlib._bootstrap_external>", line 1023, in exec_module
  File "<frozen importlib._bootstrap>", line 488, in _call_with_frames_removed
  File "C:\Projects\customer-support-rag\.venv\Lib\site-packages\transformers\models\llava_onevision\image_processing_llava_onevision.py", line 24, in <module>
    import torchvision.transforms.v2.functional as tvF
ModuleNotFoundError: No module named 'torchvision'
2026-09-02 15:48:54.071 Examining the path of transformers.models.mask2former.image_processing_mask2former_fast raised:
Traceback (most recent call last):
  File "C:\Projects\customer-support-rag\.venv\Lib\site-packages\streamlit\watcher\local_sources_watcher.py", line 340, in get_module_paths
    potential_paths = extract_paths(module)
  File "C:\Projects\customer-support-rag\.venv\Lib\site-packages\streamlit\watcher\local_sources_watcher.py", line 327, in <lambda>
    if hasattr(m, "__path__")
       ~~~~~~~^^^^^^^^^^^^^^^
  File "C:\Projects\customer-support-rag\.venv\Lib\site-packages\transformers\__init__.py", line 865, in _getattr
    return getattr(importlib.import_module(target, __name__), name)
                   ~~~~~~~~~~~~~~~~~~~~~~~^^^^^^^^^^^^^^^^^^
  File "C:\Users\suryanarayanan\AppData\Local\Programs\Python\Python313\Lib\importlib\__init__.py", line 88, in import_module
    return _bootstrap._gcd_import(name[level:], package, level)
           ~~~~~~~~~~~~~~~~~~~~~~^^^^^^^^^^^^^^^^^^^^^^^^^^^^^^
  File "<frozen importlib._bootstrap>", line 1395, in _gcd_import
  File "<frozen importlib._bootstrap>", line 1360, in _find_and_load
  File "<frozen importlib._bootstrap>", line 1331, in _find_and_load_unlocked
  File "<frozen importlib._bootstrap>", line 935, in _load_unlocked
  File "<frozen importlib._bootstrap_external>", line 1023, in exec_module
  File "<frozen importlib._bootstrap>", line 488, in _call_with_frames_removed
  File "C:\Projects\customer-support-rag\.venv\Lib\site-packages\transformers\models\mask2former\image_processing_mask2former.py", line 27, in <module>
    from torchvision.transforms.v2 import functional as tvF
ModuleNotFoundError: No module named 'torchvision'
2026-09-02 15:48:54.078 Examining the path of transformers.models.maskformer.image_processing_maskformer_fast raised:
Traceback (most recent call last):
  File "C:\Projects\customer-support-rag\.venv\Lib\site-packages\streamlit\watcher\local_sources_watcher.py", line 340, in get_module_paths
    potential_paths = extract_paths(module)
  File "C:\Projects\customer-support-rag\.venv\Lib\site-packages\streamlit\watcher\local_sources_watcher.py", line 327, in <lambda>
    if hasattr(m, "__path__")
       ~~~~~~~^^^^^^^^^^^^^^^
  File "C:\Projects\customer-support-rag\.venv\Lib\site-packages\transformers\__init__.py", line 865, in _getattr
    return getattr(importlib.import_module(target, __name__), name)
                   ~~~~~~~~~~~~~~~~~~~~~~~^^^^^^^^^^^^^^^^^^
  File "C:\Users\suryanarayanan\AppData\Local\Programs\Python\Python313\Lib\importlib\__init__.py", line 88, in import_module
    return _bootstrap._gcd_import(name[level:], package, level)
           ~~~~~~~~~~~~~~~~~~~~~~^^^^^^^^^^^^^^^^^^^^^^^^^^^^^^
  File "<frozen importlib._bootstrap>", line 1395, in _gcd_import
  File "<frozen importlib._bootstrap>", line 1360, in _find_and_load
  File "<frozen importlib._bootstrap>", line 1331, in _find_and_load_unlocked
  File "<frozen importlib._bootstrap>", line 935, in _load_unlocked
  File "<frozen importlib._bootstrap_external>", line 1023, in exec_module
  File "<frozen importlib._bootstrap>", line 488, in _call_with_frames_removed
  File "C:\Projects\customer-support-rag\.venv\Lib\site-packages\transformers\models\maskformer\image_processing_maskformer.py", line 22, in <module>
    from torchvision.transforms.v2 import functional as tvF
ModuleNotFoundError: No module named 'torchvision'
2026-09-02 15:48:54.082 Examining the path of transformers.models.minimax_m3_vl.image_processing_minimax_m3_vl_fast raised:
Traceback (most recent call last):
  File "C:\Projects\customer-support-rag\.venv\Lib\site-packages\streamlit\watcher\local_sources_watcher.py", line 340, in get_module_paths
    potential_paths = extract_paths(module)
  File "C:\Projects\customer-support-rag\.venv\Lib\site-packages\streamlit\watcher\local_sources_watcher.py", line 327, in <lambda>
    if hasattr(m, "__path__")
       ~~~~~~~^^^^^^^^^^^^^^^
  File "C:\Projects\customer-support-rag\.venv\Lib\site-packages\transformers\__init__.py", line 865, in _getattr
    return getattr(importlib.import_module(target, __name__), name)
                   ~~~~~~~~~~~~~~~~~~~~~~~^^^^^^^^^^^^^^^^^^
  File "C:\Users\suryanarayanan\AppData\Local\Programs\Python\Python313\Lib\importlib\__init__.py", line 88, in import_module
    return _bootstrap._gcd_import(name[level:], package, level)
           ~~~~~~~~~~~~~~~~~~~~~~^^^^^^^^^^^^^^^^^^^^^^^^^^^^^^
  File "<frozen importlib._bootstrap>", line 1395, in _gcd_import
  File "<frozen importlib._bootstrap>", line 1360, in _find_and_load
  File "<frozen importlib._bootstrap>", line 1331, in _find_and_load_unlocked
  File "<frozen importlib._bootstrap>", line 935, in _load_unlocked
  File "<frozen importlib._bootstrap_external>", line 1023, in exec_module
  File "<frozen importlib._bootstrap>", line 488, in _call_with_frames_removed
  File "C:\Projects\customer-support-rag\.venv\Lib\site-packages\transformers\models\minimax_m3_vl\image_processing_minimax_m3_vl.py", line 25, in <module>
    from torchvision.transforms.v2 import functional as tvF
ModuleNotFoundError: No module named 'torchvision'
2026-09-02 15:48:54.101 Examining the path of transformers.models.mllama.image_processing_mllama_fast raised:
Traceback (most recent call last):
  File "C:\Projects\customer-support-rag\.venv\Lib\site-packages\streamlit\watcher\local_sources_watcher.py", line 340, in get_module_paths
    potential_paths = extract_paths(module)
  File "C:\Projects\customer-support-rag\.venv\Lib\site-packages\streamlit\watcher\local_sources_watcher.py", line 327, in <lambda>
    if hasattr(m, "__path__")
       ~~~~~~~^^^^^^^^^^^^^^^
  File "C:\Projects\customer-support-rag\.venv\Lib\site-packages\transformers\__init__.py", line 865, in _getattr
    return getattr(importlib.import_module(target, __name__), name)
                   ~~~~~~~~~~~~~~~~~~~~~~~^^^^^^^^^^^^^^^^^^
  File "C:\Users\suryanarayanan\AppData\Local\Programs\Python\Python313\Lib\importlib\__init__.py", line 88, in import_module
    return _bootstrap._gcd_import(name[level:], package, level)
           ~~~~~~~~~~~~~~~~~~~~~~^^^^^^^^^^^^^^^^^^^^^^^^^^^^^^
  File "<frozen importlib._bootstrap>", line 1395, in _gcd_import
  File "<frozen importlib._bootstrap>", line 1360, in _find_and_load
  File "<frozen importlib._bootstrap>", line 1331, in _find_and_load_unlocked
  File "<frozen importlib._bootstrap>", line 935, in _load_unlocked
  File "<frozen importlib._bootstrap_external>", line 1023, in exec_module
  File "<frozen importlib._bootstrap>", line 488, in _call_with_frames_removed
  File "C:\Projects\customer-support-rag\.venv\Lib\site-packages\transformers\models\mllama\image_processing_mllama.py", line 40, in <module>
    from torchvision.transforms.v2 import functional as tvF
ModuleNotFoundError: No module named 'torchvision'
2026-09-02 15:48:54.109 Examining the path of transformers.models.mobilenet_v2.image_processing_mobilenet_v2_fast raised:
Traceback (most recent call last):
  File "C:\Projects\customer-support-rag\.venv\Lib\site-packages\streamlit\watcher\local_sources_watcher.py", line 340, in get_module_paths
    potential_paths = extract_paths(module)
  File "C:\Projects\customer-support-rag\.venv\Lib\site-packages\streamlit\watcher\local_sources_watcher.py", line 327, in <lambda>
    if hasattr(m, "__path__")
       ~~~~~~~^^^^^^^^^^^^^^^
  File "C:\Projects\customer-support-rag\.venv\Lib\site-packages\transformers\__init__.py", line 865, in _getattr
    return getattr(importlib.import_module(target, __name__), name)
                   ~~~~~~~~~~~~~~~~~~~~~~~^^^^^^^^^^^^^^^^^^
  File "C:\Users\suryanarayanan\AppData\Local\Programs\Python\Python313\Lib\importlib\__init__.py", line 88, in import_module
    return _bootstrap._gcd_import(name[level:], package, level)
           ~~~~~~~~~~~~~~~~~~~~~~^^^^^^^^^^^^^^^^^^^^^^^^^^^^^^
  File "<frozen importlib._bootstrap>", line 1395, in _gcd_import
  File "<frozen importlib._bootstrap>", line 1360, in _find_and_load
  File "<frozen importlib._bootstrap>", line 1331, in _find_and_load_unlocked
  File "<frozen importlib._bootstrap>", line 935, in _load_unlocked
  File "<frozen importlib._bootstrap_external>", line 1023, in exec_module
  File "<frozen importlib._bootstrap>", line 488, in _call_with_frames_removed
  File "C:\Projects\customer-support-rag\.venv\Lib\site-packages\transformers\models\mobilenet_v2\image_processing_mobilenet_v2.py", line 19, in <module>
    from torchvision.transforms.v2 import functional as tvF
ModuleNotFoundError: No module named 'torchvision'
2026-09-02 15:48:54.115 Examining the path of transformers.models.mobilevit.image_processing_mobilevit_fast raised:
Traceback (most recent call last):
  File "C:\Projects\customer-support-rag\.venv\Lib\site-packages\streamlit\watcher\local_sources_watcher.py", line 340, in get_module_paths
    potential_paths = extract_paths(module)
  File "C:\Projects\customer-support-rag\.venv\Lib\site-packages\streamlit\watcher\local_sources_watcher.py", line 327, in <lambda>
    if hasattr(m, "__path__")
       ~~~~~~~^^^^^^^^^^^^^^^
  File "C:\Projects\customer-support-rag\.venv\Lib\site-packages\transformers\__init__.py", line 865, in _getattr
    return getattr(importlib.import_module(target, __name__), name)
                   ~~~~~~~~~~~~~~~~~~~~~~~^^^^^^^^^^^^^^^^^^
  File "C:\Users\suryanarayanan\AppData\Local\Programs\Python\Python313\Lib\importlib\__init__.py", line 88, in import_module
    return _bootstrap._gcd_import(name[level:], package, level)
           ~~~~~~~~~~~~~~~~~~~~~~^^^^^^^^^^^^^^^^^^^^^^^^^^^^^^
  File "<frozen importlib._bootstrap>", line 1395, in _gcd_import
  File "<frozen importlib._bootstrap>", line 1360, in _find_and_load
  File "<frozen importlib._bootstrap>", line 1331, in _find_and_load_unlocked
  File "<frozen importlib._bootstrap>", line 935, in _load_unlocked
  File "<frozen importlib._bootstrap_external>", line 1023, in exec_module
  File "<frozen importlib._bootstrap>", line 488, in _call_with_frames_removed
  File "C:\Projects\customer-support-rag\.venv\Lib\site-packages\transformers\models\mobilevit\image_processing_mobilevit.py", line 19, in <module>
    from torchvision.transforms.v2 import functional as tvF
ModuleNotFoundError: No module named 'torchvision'
2026-09-02 15:48:54.121 Examining the path of transformers.models.muse_glimmer.image_processing_muse_glimmer_fast raised:
Traceback (most recent call last):
  File "C:\Projects\customer-support-rag\.venv\Lib\site-packages\streamlit\watcher\local_sources_watcher.py", line 340, in get_module_paths
    potential_paths = extract_paths(module)
  File "C:\Projects\customer-support-rag\.venv\Lib\site-packages\streamlit\watcher\local_sources_watcher.py", line 327, in <lambda>
    if hasattr(m, "__path__")
       ~~~~~~~^^^^^^^^^^^^^^^
  File "C:\Projects\customer-support-rag\.venv\Lib\site-packages\transformers\__init__.py", line 865, in _getattr
    return getattr(importlib.import_module(target, __name__), name)
                   ~~~~~~~~~~~~~~~~~~~~~~~^^^^^^^^^^^^^^^^^^
  File "C:\Users\suryanarayanan\AppData\Local\Programs\Python\Python313\Lib\importlib\__init__.py", line 88, in import_module
    return _bootstrap._gcd_import(name[level:], package, level)
           ~~~~~~~~~~~~~~~~~~~~~~^^^^^^^^^^^^^^^^^^^^^^^^^^^^^^
  File "<frozen importlib._bootstrap>", line 1395, in _gcd_import
  File "<frozen importlib._bootstrap>", line 1360, in _find_and_load
  File "<frozen importlib._bootstrap>", line 1331, in _find_and_load_unlocked
  File "<frozen importlib._bootstrap>", line 935, in _load_unlocked
  File "<frozen importlib._bootstrap_external>", line 1023, in exec_module
  File "<frozen importlib._bootstrap>", line 488, in _call_with_frames_removed
  File "C:\Projects\customer-support-rag\.venv\Lib\site-packages\transformers\models\muse_glimmer\image_processing_muse_glimmer.py", line 25, in <module>
    from torchvision.transforms.v2 import functional as tvF
ModuleNotFoundError: No module named 'torchvision'
2026-09-02 15:48:54.125 Examining the path of transformers.models.nougat.image_processing_nougat_fast raised:
Traceback (most recent call last):
  File "C:\Projects\customer-support-rag\.venv\Lib\site-packages\streamlit\watcher\local_sources_watcher.py", line 340, in get_module_paths
    potential_paths = extract_paths(module)
  File "C:\Projects\customer-support-rag\.venv\Lib\site-packages\streamlit\watcher\local_sources_watcher.py", line 327, in <lambda>
    if hasattr(m, "__path__")
       ~~~~~~~^^^^^^^^^^^^^^^
  File "C:\Projects\customer-support-rag\.venv\Lib\site-packages\transformers\__init__.py", line 865, in _getattr
    return getattr(importlib.import_module(target, __name__), name)
                   ~~~~~~~~~~~~~~~~~~~~~~~^^^^^^^^^^^^^^^^^^
  File "C:\Users\suryanarayanan\AppData\Local\Programs\Python\Python313\Lib\importlib\__init__.py", line 88, in import_module
    return _bootstrap._gcd_import(name[level:], package, level)
           ~~~~~~~~~~~~~~~~~~~~~~^^^^^^^^^^^^^^^^^^^^^^^^^^^^^^
  File "<frozen importlib._bootstrap>", line 1395, in _gcd_import
  File "<frozen importlib._bootstrap>", line 1360, in _find_and_load
  File "<frozen importlib._bootstrap>", line 1331, in _find_and_load_unlocked
  File "<frozen importlib._bootstrap>", line 935, in _load_unlocked
  File "<frozen importlib._bootstrap_external>", line 1023, in exec_module
  File "<frozen importlib._bootstrap>", line 488, in _call_with_frames_removed
  File "C:\Projects\customer-support-rag\.venv\Lib\site-packages\transformers\models\nougat\image_processing_nougat.py", line 17, in <module>
    from torchvision.transforms.v2 import functional as tvF
ModuleNotFoundError: No module named 'torchvision'
2026-09-02 15:48:54.129 Examining the path of transformers.models.oneformer.image_processing_oneformer_fast raised:
Traceback (most recent call last):
  File "C:\Projects\customer-support-rag\.venv\Lib\site-packages\streamlit\watcher\local_sources_watcher.py", line 340, in get_module_paths
    potential_paths = extract_paths(module)
  File "C:\Projects\customer-support-rag\.venv\Lib\site-packages\streamlit\watcher\local_sources_watcher.py", line 327, in <lambda>
    if hasattr(m, "__path__")
       ~~~~~~~^^^^^^^^^^^^^^^
  File "C:\Projects\customer-support-rag\.venv\Lib\site-packages\transformers\__init__.py", line 865, in _getattr
    return getattr(importlib.import_module(target, __name__), name)
                   ~~~~~~~~~~~~~~~~~~~~~~~^^^^^^^^^^^^^^^^^^
  File "C:\Users\suryanarayanan\AppData\Local\Programs\Python\Python313\Lib\importlib\__init__.py", line 88, in import_module
    return _bootstrap._gcd_import(name[level:], package, level)
           ~~~~~~~~~~~~~~~~~~~~~~^^^^^^^^^^^^^^^^^^^^^^^^^^^^^^
  File "<frozen importlib._bootstrap>", line 1395, in _gcd_import
  File "<frozen importlib._bootstrap>", line 1360, in _find_and_load
  File "<frozen importlib._bootstrap>", line 1331, in _find_and_load_unlocked
  File "<frozen importlib._bootstrap>", line 935, in _load_unlocked
  File "<frozen importlib._bootstrap_external>", line 1023, in exec_module
  File "<frozen importlib._bootstrap>", line 488, in _call_with_frames_removed
  File "C:\Projects\customer-support-rag\.venv\Lib\site-packages\transformers\models\oneformer\image_processing_oneformer.py", line 23, in <module>
    from torchvision.transforms.v2 import functional as tvF
ModuleNotFoundError: No module named 'torchvision'
2026-09-02 15:48:54.133 Examining the path of transformers.models.ovis2.image_processing_ovis2_fast raised:
Traceback (most recent call last):
  File "C:\Projects\customer-support-rag\.venv\Lib\site-packages\streamlit\watcher\local_sources_watcher.py", line 340, in get_module_paths
    potential_paths = extract_paths(module)
  File "C:\Projects\customer-support-rag\.venv\Lib\site-packages\streamlit\watcher\local_sources_watcher.py", line 327, in <lambda>
    if hasattr(m, "__path__")
       ~~~~~~~^^^^^^^^^^^^^^^
  File "C:\Projects\customer-support-rag\.venv\Lib\site-packages\transformers\__init__.py", line 865, in _getattr
    return getattr(importlib.import_module(target, __name__), name)
                   ~~~~~~~~~~~~~~~~~~~~~~~^^^^^^^^^^^^^^^^^^
  File "C:\Users\suryanarayanan\AppData\Local\Programs\Python\Python313\Lib\importlib\__init__.py", line 88, in import_module
    return _bootstrap._gcd_import(name[level:], package, level)
           ~~~~~~~~~~~~~~~~~~~~~~^^^^^^^^^^^^^^^^^^^^^^^^^^^^^^
  File "<frozen importlib._bootstrap>", line 1395, in _gcd_import
  File "<frozen importlib._bootstrap>", line 1360, in _find_and_load
  File "<frozen importlib._bootstrap>", line 1331, in _find_and_load_unlocked
  File "<frozen importlib._bootstrap>", line 935, in _load_unlocked
  File "<frozen importlib._bootstrap_external>", line 1023, in exec_module
  File "<frozen importlib._bootstrap>", line 488, in _call_with_frames_removed
  File "C:\Projects\customer-support-rag\.venv\Lib\site-packages\transformers\models\ovis2\image_processing_ovis2.py", line 19, in <module>
    from torchvision.transforms.v2 import functional as tvF
ModuleNotFoundError: No module named 'torchvision'
2026-09-02 15:48:54.135 Examining the path of transformers.models.owlv2.image_processing_owlv2_fast raised:
Traceback (most recent call last):
  File "C:\Projects\customer-support-rag\.venv\Lib\site-packages\streamlit\watcher\local_sources_watcher.py", line 340, in get_module_paths
    potential_paths = extract_paths(module)
  File "C:\Projects\customer-support-rag\.venv\Lib\site-packages\streamlit\watcher\local_sources_watcher.py", line 327, in <lambda>
    if hasattr(m, "__path__")
       ~~~~~~~^^^^^^^^^^^^^^^
  File "C:\Projects\customer-support-rag\.venv\Lib\site-packages\transformers\__init__.py", line 865, in _getattr
    return getattr(importlib.import_module(target, __name__), name)
                   ~~~~~~~~~~~~~~~~~~~~~~~^^^^^^^^^^^^^^^^^^
  File "C:\Users\suryanarayanan\AppData\Local\Programs\Python\Python313\Lib\importlib\__init__.py", line 88, in import_module
    return _bootstrap._gcd_import(name[level:], package, level)
           ~~~~~~~~~~~~~~~~~~~~~~^^^^^^^^^^^^^^^^^^^^^^^^^^^^^^
  File "<frozen importlib._bootstrap>", line 1395, in _gcd_import
  File "<frozen importlib._bootstrap>", line 1360, in _find_and_load
  File "<frozen importlib._bootstrap>", line 1331, in _find_and_load_unlocked
  File "<frozen importlib._bootstrap>", line 935, in _load_unlocked
  File "<frozen importlib._bootstrap_external>", line 1023, in exec_module
  File "<frozen importlib._bootstrap>", line 488, in _call_with_frames_removed
  File "C:\Projects\customer-support-rag\.venv\Lib\site-packages\transformers\models\owlv2\image_processing_owlv2.py", line 25, in <module>
    import torchvision.transforms.v2.functional as tvF
ModuleNotFoundError: No module named 'torchvision'
2026-09-02 15:48:54.150 Examining the path of transformers.models.paddleocr_vl.image_processing_paddleocr_vl_fast raised:
Traceback (most recent call last):
  File "C:\Projects\customer-support-rag\.venv\Lib\site-packages\streamlit\watcher\local_sources_watcher.py", line 340, in get_module_paths
    potential_paths = extract_paths(module)
  File "C:\Projects\customer-support-rag\.venv\Lib\site-packages\streamlit\watcher\local_sources_watcher.py", line 327, in <lambda>
    if hasattr(m, "__path__")
       ~~~~~~~^^^^^^^^^^^^^^^
  File "C:\Projects\customer-support-rag\.venv\Lib\site-packages\transformers\__init__.py", line 865, in _getattr
    return getattr(importlib.import_module(target, __name__), name)
                   ~~~~~~~~~~~~~~~~~~~~~~~^^^^^^^^^^^^^^^^^^
  File "C:\Users\suryanarayanan\AppData\Local\Programs\Python\Python313\Lib\importlib\__init__.py", line 88, in import_module
    return _bootstrap._gcd_import(name[level:], package, level)
           ~~~~~~~~~~~~~~~~~~~~~~^^^^^^^^^^^^^^^^^^^^^^^^^^^^^^
  File "<frozen importlib._bootstrap>", line 1395, in _gcd_import
  File "<frozen importlib._bootstrap>", line 1360, in _find_and_load
  File "<frozen importlib._bootstrap>", line 1331, in _find_and_load_unlocked
  File "<frozen importlib._bootstrap>", line 935, in _load_unlocked
  File "<frozen importlib._bootstrap_external>", line 1023, in exec_module
  File "<frozen importlib._bootstrap>", line 488, in _call_with_frames_removed
  File "C:\Projects\customer-support-rag\.venv\Lib\site-packages\transformers\models\paddleocr_vl\image_processing_paddleocr_vl.py", line 30, in <module>
    from torchvision.transforms.v2 import functional as tvF
ModuleNotFoundError: No module named 'torchvision'
2026-09-02 15:48:54.157 Examining the path of transformers.models.perceiver.image_processing_perceiver_fast raised:
Traceback (most recent call last):
  File "C:\Projects\customer-support-rag\.venv\Lib\site-packages\streamlit\watcher\local_sources_watcher.py", line 340, in get_module_paths
    potential_paths = extract_paths(module)
  File "C:\Projects\customer-support-rag\.venv\Lib\site-packages\streamlit\watcher\local_sources_watcher.py", line 327, in <lambda>
    if hasattr(m, "__path__")
       ~~~~~~~^^^^^^^^^^^^^^^
  File "C:\Projects\customer-support-rag\.venv\Lib\site-packages\transformers\__init__.py", line 865, in _getattr
    return getattr(importlib.import_module(target, __name__), name)
                   ~~~~~~~~~~~~~~~~~~~~~~~^^^^^^^^^^^^^^^^^^
  File "C:\Users\suryanarayanan\AppData\Local\Programs\Python\Python313\Lib\importlib\__init__.py", line 88, in import_module
    return _bootstrap._gcd_import(name[level:], package, level)
           ~~~~~~~~~~~~~~~~~~~~~~^^^^^^^^^^^^^^^^^^^^^^^^^^^^^^
  File "<frozen importlib._bootstrap>", line 1395, in _gcd_import
  File "<frozen importlib._bootstrap>", line 1360, in _find_and_load
  File "<frozen importlib._bootstrap>", line 1331, in _find_and_load_unlocked
  File "<frozen importlib._bootstrap>", line 935, in _load_unlocked
  File "<frozen importlib._bootstrap_external>", line 1023, in exec_module
  File "<frozen importlib._bootstrap>", line 488, in _call_with_frames_removed
  File "C:\Projects\customer-support-rag\.venv\Lib\site-packages\transformers\models\perceiver\image_processing_perceiver.py", line 17, in <module>
    from torchvision.transforms.v2 import functional as tvF
ModuleNotFoundError: No module named 'torchvision'
2026-09-02 15:48:54.164 Examining the path of transformers.models.perception_lm.image_processing_perception_lm_fast raised:
Traceback (most recent call last):
  File "C:\Projects\customer-support-rag\.venv\Lib\site-packages\streamlit\watcher\local_sources_watcher.py", line 340, in get_module_paths
    potential_paths = extract_paths(module)
  File "C:\Projects\customer-support-rag\.venv\Lib\site-packages\streamlit\watcher\local_sources_watcher.py", line 327, in <lambda>
    if hasattr(m, "__path__")
       ~~~~~~~^^^^^^^^^^^^^^^
  File "C:\Projects\customer-support-rag\.venv\Lib\site-packages\transformers\__init__.py", line 865, in _getattr
    return getattr(importlib.import_module(target, __name__), name)
                   ~~~~~~~~~~~~~~~~~~~~~~~^^^^^^^^^^^^^^^^^^
  File "C:\Users\suryanarayanan\AppData\Local\Programs\Python\Python313\Lib\importlib\__init__.py", line 88, in import_module
    return _bootstrap._gcd_import(name[level:], package, level)
           ~~~~~~~~~~~~~~~~~~~~~~^^^^^^^^^^^^^^^^^^^^^^^^^^^^^^
  File "<frozen importlib._bootstrap>", line 1395, in _gcd_import
  File "<frozen importlib._bootstrap>", line 1360, in _find_and_load
  File "<frozen importlib._bootstrap>", line 1331, in _find_and_load_unlocked
  File "<frozen importlib._bootstrap>", line 935, in _load_unlocked
  File "<frozen importlib._bootstrap_external>", line 1023, in exec_module
  File "<frozen importlib._bootstrap>", line 488, in _call_with_frames_removed
  File "C:\Projects\customer-support-rag\.venv\Lib\site-packages\transformers\models\perception_lm\image_processing_perception_lm.py", line 19, in <module>
    from torchvision.transforms.v2 import functional as tvF
ModuleNotFoundError: No module named 'torchvision'
2026-09-02 15:48:54.168 Examining the path of transformers.models.phi4_multimodal.image_processing_phi4_multimodal_fast raised:
Traceback (most recent call last):
  File "C:\Projects\customer-support-rag\.venv\Lib\site-packages\streamlit\watcher\local_sources_watcher.py", line 340, in get_module_paths
    potential_paths = extract_paths(module)
  File "C:\Projects\customer-support-rag\.venv\Lib\site-packages\streamlit\watcher\local_sources_watcher.py", line 327, in <lambda>
    if hasattr(m, "__path__")
       ~~~~~~~^^^^^^^^^^^^^^^
  File "C:\Projects\customer-support-rag\.venv\Lib\site-packages\transformers\__init__.py", line 865, in _getattr
    return getattr(importlib.import_module(target, __name__), name)
                   ~~~~~~~~~~~~~~~~~~~~~~~^^^^^^^^^^^^^^^^^^
  File "C:\Users\suryanarayanan\AppData\Local\Programs\Python\Python313\Lib\importlib\__init__.py", line 88, in import_module
    return _bootstrap._gcd_import(name[level:], package, level)
           ~~~~~~~~~~~~~~~~~~~~~~^^^^^^^^^^^^^^^^^^^^^^^^^^^^^^
  File "<frozen importlib._bootstrap>", line 1395, in _gcd_import
  File "<frozen importlib._bootstrap>", line 1360, in _find_and_load
  File "<frozen importlib._bootstrap>", line 1331, in _find_and_load_unlocked
  File "<frozen importlib._bootstrap>", line 935, in _load_unlocked
  File "<frozen importlib._bootstrap_external>", line 1023, in exec_module
  File "<frozen importlib._bootstrap>", line 488, in _call_with_frames_removed
  File "C:\Projects\customer-support-rag\.venv\Lib\site-packages\transformers\models\phi4_multimodal\image_processing_phi4_multimodal.py", line 19, in <module>
    from torchvision.transforms.v2 import functional as tvF
ModuleNotFoundError: No module named 'torchvision'
2026-09-02 15:48:54.172 Examining the path of transformers.models.pix2struct.image_processing_pix2struct_fast raised:
Traceback (most recent call last):
  File "C:\Projects\customer-support-rag\.venv\Lib\site-packages\streamlit\watcher\local_sources_watcher.py", line 340, in get_module_paths
    potential_paths = extract_paths(module)
  File "C:\Projects\customer-support-rag\.venv\Lib\site-packages\streamlit\watcher\local_sources_watcher.py", line 327, in <lambda>
    if hasattr(m, "__path__")
       ~~~~~~~^^^^^^^^^^^^^^^
  File "C:\Projects\customer-support-rag\.venv\Lib\site-packages\transformers\__init__.py", line 865, in _getattr
    return getattr(importlib.import_module(target, __name__), name)
                   ~~~~~~~~~~~~~~~~~~~~~~~^^^^^^^^^^^^^^^^^^
  File "C:\Users\suryanarayanan\AppData\Local\Programs\Python\Python313\Lib\importlib\__init__.py", line 88, in import_module
    return _bootstrap._gcd_import(name[level:], package, level)
           ~~~~~~~~~~~~~~~~~~~~~~^^^^^^^^^^^^^^^^^^^^^^^^^^^^^^
  File "<frozen importlib._bootstrap>", line 1395, in _gcd_import
  File "<frozen importlib._bootstrap>", line 1360, in _find_and_load
  File "<frozen importlib._bootstrap>", line 1331, in _find_and_load_unlocked
  File "<frozen importlib._bootstrap>", line 935, in _load_unlocked
  File "<frozen importlib._bootstrap_external>", line 1023, in exec_module
  File "<frozen importlib._bootstrap>", line 488, in _call_with_frames_removed
  File "C:\Projects\customer-support-rag\.venv\Lib\site-packages\transformers\models\pix2struct\image_processing_pix2struct.py", line 21, in <module>
    import torchvision.transforms.v2.functional as tvF
ModuleNotFoundError: No module named 'torchvision'
2026-09-02 15:48:54.176 Examining the path of transformers.models.pixtral.image_processing_pixtral_fast raised:
Traceback (most recent call last):
  File "C:\Projects\customer-support-rag\.venv\Lib\site-packages\streamlit\watcher\local_sources_watcher.py", line 340, in get_module_paths
    potential_paths = extract_paths(module)
  File "C:\Projects\customer-support-rag\.venv\Lib\site-packages\streamlit\watcher\local_sources_watcher.py", line 327, in <lambda>
    if hasattr(m, "__path__")
       ~~~~~~~^^^^^^^^^^^^^^^
  File "C:\Projects\customer-support-rag\.venv\Lib\site-packages\transformers\__init__.py", line 865, in _getattr
    return getattr(importlib.import_module(target, __name__), name)
                   ~~~~~~~~~~~~~~~~~~~~~~~^^^^^^^^^^^^^^^^^^
  File "C:\Users\suryanarayanan\AppData\Local\Programs\Python\Python313\Lib\importlib\__init__.py", line 88, in import_module
    return _bootstrap._gcd_import(name[level:], package, level)
           ~~~~~~~~~~~~~~~~~~~~~~^^^^^^^^^^^^^^^^^^^^^^^^^^^^^^
  File "<frozen importlib._bootstrap>", line 1395, in _gcd_import
  File "<frozen importlib._bootstrap>", line 1360, in _find_and_load
  File "<frozen importlib._bootstrap>", line 1331, in _find_and_load_unlocked
  File "<frozen importlib._bootstrap>", line 935, in _load_unlocked
  File "<frozen importlib._bootstrap_external>", line 1023, in exec_module
  File "<frozen importlib._bootstrap>", line 488, in _call_with_frames_removed
  File "C:\Projects\customer-support-rag\.venv\Lib\site-packages\transformers\models\pixtral\image_processing_pixtral.py", line 19, in <module>
    from torchvision.transforms.v2 import functional as tvF
ModuleNotFoundError: No module named 'torchvision'
2026-09-02 15:48:54.180 Examining the path of transformers.models.poolformer.image_processing_poolformer_fast raised:
Traceback (most recent call last):
  File "C:\Projects\customer-support-rag\.venv\Lib\site-packages\streamlit\watcher\local_sources_watcher.py", line 340, in get_module_paths
    potential_paths = extract_paths(module)
  File "C:\Projects\customer-support-rag\.venv\Lib\site-packages\streamlit\watcher\local_sources_watcher.py", line 327, in <lambda>
    if hasattr(m, "__path__")
       ~~~~~~~^^^^^^^^^^^^^^^
  File "C:\Projects\customer-support-rag\.venv\Lib\site-packages\transformers\__init__.py", line 865, in _getattr
    return getattr(importlib.import_module(target, __name__), name)
                   ~~~~~~~~~~~~~~~~~~~~~~~^^^^^^^^^^^^^^^^^^
  File "C:\Users\suryanarayanan\AppData\Local\Programs\Python\Python313\Lib\importlib\__init__.py", line 88, in import_module
    return _bootstrap._gcd_import(name[level:], package, level)
           ~~~~~~~~~~~~~~~~~~~~~~^^^^^^^^^^^^^^^^^^^^^^^^^^^^^^
  File "<frozen importlib._bootstrap>", line 1395, in _gcd_import
  File "<frozen importlib._bootstrap>", line 1360, in _find_and_load
  File "<frozen importlib._bootstrap>", line 1331, in _find_and_load_unlocked
  File "<frozen importlib._bootstrap>", line 935, in _load_unlocked
  File "<frozen importlib._bootstrap_external>", line 1023, in exec_module
  File "<frozen importlib._bootstrap>", line 488, in _call_with_frames_removed
  File "C:\Projects\customer-support-rag\.venv\Lib\site-packages\transformers\models\poolformer\image_processing_poolformer.py", line 17, in <module>
    from torchvision.transforms.v2 import functional as tvF
ModuleNotFoundError: No module named 'torchvision'
2026-09-02 15:48:54.197 Examining the path of transformers.models.pp_doclayout_v2.image_processing_pp_doclayout_v2_fast raised:
Traceback (most recent call last):
  File "C:\Projects\customer-support-rag\.venv\Lib\site-packages\streamlit\watcher\local_sources_watcher.py", line 340, in get_module_paths
    potential_paths = extract_paths(module)
  File "C:\Projects\customer-support-rag\.venv\Lib\site-packages\streamlit\watcher\local_sources_watcher.py", line 327, in <lambda>
    if hasattr(m, "__path__")
       ~~~~~~~^^^^^^^^^^^^^^^
  File "C:\Projects\customer-support-rag\.venv\Lib\site-packages\transformers\__init__.py", line 865, in _getattr
    return getattr(importlib.import_module(target, __name__), name)
                   ~~~~~~~~~~~~~~~~~~~~~~~^^^^^^^^^^^^^^^^^^
  File "C:\Users\suryanarayanan\AppData\Local\Programs\Python\Python313\Lib\importlib\__init__.py", line 88, in import_module
    return _bootstrap._gcd_import(name[level:], package, level)
           ~~~~~~~~~~~~~~~~~~~~~~^^^^^^^^^^^^^^^^^^^^^^^^^^^^^^
  File "<frozen importlib._bootstrap>", line 1395, in _gcd_import
  File "<frozen importlib._bootstrap>", line 1360, in _find_and_load
  File "<frozen importlib._bootstrap>", line 1331, in _find_and_load_unlocked
  File "<frozen importlib._bootstrap>", line 935, in _load_unlocked
  File "<frozen importlib._bootstrap_external>", line 1023, in exec_module
  File "<frozen importlib._bootstrap>", line 488, in _call_with_frames_removed
  File "C:\Projects\customer-support-rag\.venv\Lib\site-packages\transformers\models\pp_doclayout_v2\image_processing_pp_doclayout_v2.py", line 23, in <module>
    from torchvision.transforms.v2 import functional as tvF
ModuleNotFoundError: No module named 'torchvision'
2026-09-02 15:48:54.203 Examining the path of transformers.models.pp_doclayout_v3.image_processing_pp_doclayout_v3_fast raised:
Traceback (most recent call last):
  File "C:\Projects\customer-support-rag\.venv\Lib\site-packages\streamlit\watcher\local_sources_watcher.py", line 340, in get_module_paths
    potential_paths = extract_paths(module)
  File "C:\Projects\customer-support-rag\.venv\Lib\site-packages\streamlit\watcher\local_sources_watcher.py", line 327, in <lambda>
    if hasattr(m, "__path__")
       ~~~~~~~^^^^^^^^^^^^^^^
  File "C:\Projects\customer-support-rag\.venv\Lib\site-packages\transformers\__init__.py", line 865, in _getattr
    return getattr(importlib.import_module(target, __name__), name)
                   ~~~~~~~~~~~~~~~~~~~~~~~^^^^^^^^^^^^^^^^^^
  File "C:\Users\suryanarayanan\AppData\Local\Programs\Python\Python313\Lib\importlib\__init__.py", line 88, in import_module
    return _bootstrap._gcd_import(name[level:], package, level)
           ~~~~~~~~~~~~~~~~~~~~~~^^^^^^^^^^^^^^^^^^^^^^^^^^^^^^
  File "<frozen importlib._bootstrap>", line 1395, in _gcd_import
  File "<frozen importlib._bootstrap>", line 1360, in _find_and_load
  File "<frozen importlib._bootstrap>", line 1331, in _find_and_load_unlocked
  File "<frozen importlib._bootstrap>", line 935, in _load_unlocked
  File "<frozen importlib._bootstrap_external>", line 1023, in exec_module
  File "<frozen importlib._bootstrap>", line 488, in _call_with_frames_removed
  File "C:\Projects\customer-support-rag\.venv\Lib\site-packages\transformers\models\pp_doclayout_v3\image_processing_pp_doclayout_v3.py", line 24, in <module>
    from torchvision.transforms.v2 import functional as tvF
ModuleNotFoundError: No module named 'torchvision'
2026-09-02 15:48:54.206 Examining the path of transformers.models.pp_formulanet.image_processing_pp_formulanet_fast raised:
Traceback (most recent call last):
  File "C:\Projects\customer-support-rag\.venv\Lib\site-packages\streamlit\watcher\local_sources_watcher.py", line 340, in get_module_paths
    potential_paths = extract_paths(module)
  File "C:\Projects\customer-support-rag\.venv\Lib\site-packages\streamlit\watcher\local_sources_watcher.py", line 327, in <lambda>
    if hasattr(m, "__path__")
       ~~~~~~~^^^^^^^^^^^^^^^
  File "C:\Projects\customer-support-rag\.venv\Lib\site-packages\transformers\__init__.py", line 865, in _getattr
    return getattr(importlib.import_module(target, __name__), name)
                   ~~~~~~~~~~~~~~~~~~~~~~~^^^^^^^^^^^^^^^^^^
  File "C:\Users\suryanarayanan\AppData\Local\Programs\Python\Python313\Lib\importlib\__init__.py", line 88, in import_module
    return _bootstrap._gcd_import(name[level:], package, level)
           ~~~~~~~~~~~~~~~~~~~~~~^^^^^^^^^^^^^^^^^^^^^^^^^^^^^^
  File "<frozen importlib._bootstrap>", line 1395, in _gcd_import
  File "<frozen importlib._bootstrap>", line 1360, in _find_and_load
  File "<frozen importlib._bootstrap>", line 1331, in _find_and_load_unlocked
  File "<frozen importlib._bootstrap>", line 935, in _load_unlocked
  File "<frozen importlib._bootstrap_external>", line 1023, in exec_module
  File "<frozen importlib._bootstrap>", line 488, in _call_with_frames_removed
  File "C:\Projects\customer-support-rag\.venv\Lib\site-packages\transformers\models\pp_formulanet\image_processing_pp_formulanet.py", line 23, in <module>
    from torchvision.transforms.v2 import functional as tvF
ModuleNotFoundError: No module named 'torchvision'
2026-09-02 15:48:54.210 Examining the path of transformers.models.pp_lcnet.image_processing_pp_lcnet_fast raised:
Traceback (most recent call last):
  File "C:\Projects\customer-support-rag\.venv\Lib\site-packages\streamlit\watcher\local_sources_watcher.py", line 340, in get_module_paths
    potential_paths = extract_paths(module)
  File "C:\Projects\customer-support-rag\.venv\Lib\site-packages\streamlit\watcher\local_sources_watcher.py", line 327, in <lambda>
    if hasattr(m, "__path__")
       ~~~~~~~^^^^^^^^^^^^^^^
  File "C:\Projects\customer-support-rag\.venv\Lib\site-packages\transformers\__init__.py", line 865, in _getattr
    return getattr(importlib.import_module(target, __name__), name)
                   ~~~~~~~~~~~~~~~~~~~~~~~^^^^^^^^^^^^^^^^^^
  File "C:\Users\suryanarayanan\AppData\Local\Programs\Python\Python313\Lib\importlib\__init__.py", line 88, in import_module
    return _bootstrap._gcd_import(name[level:], package, level)
           ~~~~~~~~~~~~~~~~~~~~~~^^^^^^^^^^^^^^^^^^^^^^^^^^^^^^
  File "<frozen importlib._bootstrap>", line 1395, in _gcd_import
  File "<frozen importlib._bootstrap>", line 1360, in _find_and_load
  File "<frozen importlib._bootstrap>", line 1331, in _find_and_load_unlocked
  File "<frozen importlib._bootstrap>", line 935, in _load_unlocked
  File "<frozen importlib._bootstrap_external>", line 1023, in exec_module
  File "<frozen importlib._bootstrap>", line 488, in _call_with_frames_removed
  File "C:\Projects\customer-support-rag\.venv\Lib\site-packages\transformers\models\pp_lcnet\image_processing_pp_lcnet.py", line 24, in <module>
    import torchvision.transforms.v2.functional as tvF
ModuleNotFoundError: No module named 'torchvision'
2026-09-02 15:48:54.216 Examining the path of transformers.models.pp_ocrv5_server_det.image_processing_pp_ocrv5_server_det_fast raised:
Traceback (most recent call last):
  File "C:\Projects\customer-support-rag\.venv\Lib\site-packages\streamlit\watcher\local_sources_watcher.py", line 340, in get_module_paths
    potential_paths = extract_paths(module)
  File "C:\Projects\customer-support-rag\.venv\Lib\site-packages\streamlit\watcher\local_sources_watcher.py", line 327, in <lambda>
    if hasattr(m, "__path__")
       ~~~~~~~^^^^^^^^^^^^^^^
  File "C:\Projects\customer-support-rag\.venv\Lib\site-packages\transformers\__init__.py", line 865, in _getattr
    return getattr(importlib.import_module(target, __name__), name)
                   ~~~~~~~~~~~~~~~~~~~~~~~^^^^^^^^^^^^^^^^^^
  File "C:\Users\suryanarayanan\AppData\Local\Programs\Python\Python313\Lib\importlib\__init__.py", line 88, in import_module
    return _bootstrap._gcd_import(name[level:], package, level)
           ~~~~~~~~~~~~~~~~~~~~~~^^^^^^^^^^^^^^^^^^^^^^^^^^^^^^
  File "<frozen importlib._bootstrap>", line 1395, in _gcd_import
  File "<frozen importlib._bootstrap>", line 1360, in _find_and_load
  File "<frozen importlib._bootstrap>", line 1331, in _find_and_load_unlocked
  File "<frozen importlib._bootstrap>", line 935, in _load_unlocked
  File "<frozen importlib._bootstrap_external>", line 1023, in exec_module
  File "<frozen importlib._bootstrap>", line 488, in _call_with_frames_removed
  File "C:\Projects\customer-support-rag\.venv\Lib\site-packages\transformers\models\pp_ocrv5_server_det\image_processing_pp_ocrv5_server_det.py", line 25, in <module>
    import torchvision.transforms.v2.functional as tvF
ModuleNotFoundError: No module named 'torchvision'
2026-09-02 15:48:54.219 Examining the path of transformers.models.pp_ocrv5_server_rec.image_processing_pp_ocrv5_server_rec_fast raised:
Traceback (most recent call last):
  File "C:\Projects\customer-support-rag\.venv\Lib\site-packages\streamlit\watcher\local_sources_watcher.py", line 340, in get_module_paths
    potential_paths = extract_paths(module)
  File "C:\Projects\customer-support-rag\.venv\Lib\site-packages\streamlit\watcher\local_sources_watcher.py", line 327, in <lambda>
    if hasattr(m, "__path__")
       ~~~~~~~^^^^^^^^^^^^^^^
  File "C:\Projects\customer-support-rag\.venv\Lib\site-packages\transformers\__init__.py", line 865, in _getattr
    return getattr(importlib.import_module(target, __name__), name)
                   ~~~~~~~~~~~~~~~~~~~~~~~^^^^^^^^^^^^^^^^^^
  File "C:\Users\suryanarayanan\AppData\Local\Programs\Python\Python313\Lib\importlib\__init__.py", line 88, in import_module
    return _bootstrap._gcd_import(name[level:], package, level)
           ~~~~~~~~~~~~~~~~~~~~~~^^^^^^^^^^^^^^^^^^^^^^^^^^^^^^
  File "<frozen importlib._bootstrap>", line 1395, in _gcd_import
  File "<frozen importlib._bootstrap>", line 1360, in _find_and_load
  File "<frozen importlib._bootstrap>", line 1331, in _find_and_load_unlocked
  File "<frozen importlib._bootstrap>", line 935, in _load_unlocked
  File "<frozen importlib._bootstrap_external>", line 1023, in exec_module
  File "<frozen importlib._bootstrap>", line 488, in _call_with_frames_removed
  File "C:\Projects\customer-support-rag\.venv\Lib\site-packages\transformers\models\pp_ocrv5_server_rec\image_processing_pp_ocrv5_server_rec.py", line 24, in <module>
    import torchvision.transforms.v2.functional as tvF
ModuleNotFoundError: No module named 'torchvision'
2026-09-02 15:48:54.223 Examining the path of transformers.models.pp_ocrv6_small_rec.image_processing_pp_ocrv6_small_rec_fast raised:
Traceback (most recent call last):
  File "C:\Projects\customer-support-rag\.venv\Lib\site-packages\streamlit\watcher\local_sources_watcher.py", line 340, in get_module_paths
    potential_paths = extract_paths(module)
  File "C:\Projects\customer-support-rag\.venv\Lib\site-packages\streamlit\watcher\local_sources_watcher.py", line 327, in <lambda>
    if hasattr(m, "__path__")
       ~~~~~~~^^^^^^^^^^^^^^^
  File "C:\Projects\customer-support-rag\.venv\Lib\site-packages\transformers\__init__.py", line 865, in _getattr
    return getattr(importlib.import_module(target, __name__), name)
                   ~~~~~~~~~~~~~~~~~~~~~~~^^^^^^^^^^^^^^^^^^
  File "C:\Users\suryanarayanan\AppData\Local\Programs\Python\Python313\Lib\importlib\__init__.py", line 88, in import_module
    return _bootstrap._gcd_import(name[level:], package, level)
           ~~~~~~~~~~~~~~~~~~~~~~^^^^^^^^^^^^^^^^^^^^^^^^^^^^^^
  File "<frozen importlib._bootstrap>", line 1395, in _gcd_import
  File "<frozen importlib._bootstrap>", line 1360, in _find_and_load
  File "<frozen importlib._bootstrap>", line 1331, in _find_and_load_unlocked
  File "<frozen importlib._bootstrap>", line 935, in _load_unlocked
  File "<frozen importlib._bootstrap_external>", line 1023, in exec_module
  File "<frozen importlib._bootstrap>", line 488, in _call_with_frames_removed
  File "C:\Projects\customer-support-rag\.venv\Lib\site-packages\transformers\models\pp_ocrv6_small_rec\image_processing_pp_ocrv6_small_rec.py", line 24, in <module>
    import torchvision.transforms.v2.functional as tvF
ModuleNotFoundError: No module named 'torchvision'
2026-09-02 15:48:54.229 Examining the path of transformers.models.prompt_depth_anything.image_processing_prompt_depth_anything_fast raised:
Traceback (most recent call last):
  File "C:\Projects\customer-support-rag\.venv\Lib\site-packages\streamlit\watcher\local_sources_watcher.py", line 340, in get_module_paths
    potential_paths = extract_paths(module)
  File "C:\Projects\customer-support-rag\.venv\Lib\site-packages\streamlit\watcher\local_sources_watcher.py", line 327, in <lambda>
    if hasattr(m, "__path__")
       ~~~~~~~^^^^^^^^^^^^^^^
  File "C:\Projects\customer-support-rag\.venv\Lib\site-packages\transformers\__init__.py", line 865, in _getattr
    return getattr(importlib.import_module(target, __name__), name)
                   ~~~~~~~~~~~~~~~~~~~~~~~^^^^^^^^^^^^^^^^^^
  File "C:\Users\suryanarayanan\AppData\Local\Programs\Python\Python313\Lib\importlib\__init__.py", line 88, in import_module
    return _bootstrap._gcd_import(name[level:], package, level)
           ~~~~~~~~~~~~~~~~~~~~~~^^^^^^^^^^^^^^^^^^^^^^^^^^^^^^
  File "<frozen importlib._bootstrap>", line 1395, in _gcd_import
  File "<frozen importlib._bootstrap>", line 1360, in _find_and_load
  File "<frozen importlib._bootstrap>", line 1331, in _find_and_load_unlocked
  File "<frozen importlib._bootstrap>", line 935, in _load_unlocked
  File "<frozen importlib._bootstrap_external>", line 1023, in exec_module
  File "<frozen importlib._bootstrap>", line 488, in _call_with_frames_removed
  File "C:\Projects\customer-support-rag\.venv\Lib\site-packages\transformers\models\prompt_depth_anything\image_processing_prompt_depth_anything.py", line 42, in <module>
    from torchvision.transforms.v2 import functional as tvF
ModuleNotFoundError: No module named 'torchvision'
2026-09-02 15:48:54.234 Examining the path of transformers.models.qwen2_vl.image_processing_qwen2_vl_fast raised:
Traceback (most recent call last):
  File "C:\Projects\customer-support-rag\.venv\Lib\site-packages\streamlit\watcher\local_sources_watcher.py", line 340, in get_module_paths
    potential_paths = extract_paths(module)
  File "C:\Projects\customer-support-rag\.venv\Lib\site-packages\streamlit\watcher\local_sources_watcher.py", line 327, in <lambda>
    if hasattr(m, "__path__")
       ~~~~~~~^^^^^^^^^^^^^^^
  File "C:\Projects\customer-support-rag\.venv\Lib\site-packages\transformers\__init__.py", line 865, in _getattr
    return getattr(importlib.import_module(target, __name__), name)
                   ~~~~~~~~~~~~~~~~~~~~~~~^^^^^^^^^^^^^^^^^^
  File "C:\Users\suryanarayanan\AppData\Local\Programs\Python\Python313\Lib\importlib\__init__.py", line 88, in import_module
    return _bootstrap._gcd_import(name[level:], package, level)
           ~~~~~~~~~~~~~~~~~~~~~~^^^^^^^^^^^^^^^^^^^^^^^^^^^^^^
  File "<frozen importlib._bootstrap>", line 1395, in _gcd_import
  File "<frozen importlib._bootstrap>", line 1360, in _find_and_load
  File "<frozen importlib._bootstrap>", line 1331, in _find_and_load_unlocked
  File "<frozen importlib._bootstrap>", line 935, in _load_unlocked
  File "<frozen importlib._bootstrap_external>", line 1023, in exec_module
  File "<frozen importlib._bootstrap>", line 488, in _call_with_frames_removed
  File "C:\Projects\customer-support-rag\.venv\Lib\site-packages\transformers\models\qwen2_vl\image_processing_qwen2_vl.py", line 25, in <module>
    from torchvision.transforms.v2 import functional as tvF
ModuleNotFoundError: No module named 'torchvision'
2026-09-02 15:48:54.238 Examining the path of transformers.models.rf_detr.image_processing_rf_detr_fast raised:
Traceback (most recent call last):
  File "C:\Projects\customer-support-rag\.venv\Lib\site-packages\streamlit\watcher\local_sources_watcher.py", line 340, in get_module_paths
    potential_paths = extract_paths(module)
  File "C:\Projects\customer-support-rag\.venv\Lib\site-packages\streamlit\watcher\local_sources_watcher.py", line 327, in <lambda>
    if hasattr(m, "__path__")
       ~~~~~~~^^^^^^^^^^^^^^^
  File "C:\Projects\customer-support-rag\.venv\Lib\site-packages\transformers\__init__.py", line 865, in _getattr
    return getattr(importlib.import_module(target, __name__), name)
                   ~~~~~~~~~~~~~~~~~~~~~~~^^^^^^^^^^^^^^^^^^
  File "C:\Users\suryanarayanan\AppData\Local\Programs\Python\Python313\Lib\importlib\__init__.py", line 88, in import_module
    return _bootstrap._gcd_import(name[level:], package, level)
           ~~~~~~~~~~~~~~~~~~~~~~^^^^^^^^^^^^^^^^^^^^^^^^^^^^^^
  File "<frozen importlib._bootstrap>", line 1395, in _gcd_import
  File "<frozen importlib._bootstrap>", line 1360, in _find_and_load
  File "<frozen importlib._bootstrap>", line 1331, in _find_and_load_unlocked
  File "<frozen importlib._bootstrap>", line 935, in _load_unlocked
  File "<frozen importlib._bootstrap_external>", line 1023, in exec_module
  File "<frozen importlib._bootstrap>", line 488, in _call_with_frames_removed
  File "C:\Projects\customer-support-rag\.venv\Lib\site-packages\transformers\models\rf_detr\image_processing_rf_detr.py", line 26, in <module>
    from torchvision.transforms.v2 import functional as tvF
ModuleNotFoundError: No module named 'torchvision'
2026-09-02 15:48:54.242 Examining the path of transformers.models.rt_detr.image_processing_rt_detr_fast raised:
Traceback (most recent call last):
  File "C:\Projects\customer-support-rag\.venv\Lib\site-packages\streamlit\watcher\local_sources_watcher.py", line 340, in get_module_paths
    potential_paths = extract_paths(module)
  File "C:\Projects\customer-support-rag\.venv\Lib\site-packages\streamlit\watcher\local_sources_watcher.py", line 327, in <lambda>
    if hasattr(m, "__path__")
       ~~~~~~~^^^^^^^^^^^^^^^
  File "C:\Projects\customer-support-rag\.venv\Lib\site-packages\transformers\__init__.py", line 865, in _getattr
    return getattr(importlib.import_module(target, __name__), name)
                   ~~~~~~~~~~~~~~~~~~~~~~~^^^^^^^^^^^^^^^^^^
  File "C:\Users\suryanarayanan\AppData\Local\Programs\Python\Python313\Lib\importlib\__init__.py", line 88, in import_module
    return _bootstrap._gcd_import(name[level:], package, level)
           ~~~~~~~~~~~~~~~~~~~~~~^^^^^^^^^^^^^^^^^^^^^^^^^^^^^^
  File "<frozen importlib._bootstrap>", line 1395, in _gcd_import
  File "<frozen importlib._bootstrap>", line 1360, in _find_and_load
  File "<frozen importlib._bootstrap>", line 1331, in _find_and_load_unlocked
  File "<frozen importlib._bootstrap>", line 935, in _load_unlocked
  File "<frozen importlib._bootstrap_external>", line 1023, in exec_module
  File "<frozen importlib._bootstrap>", line 488, in _call_with_frames_removed
  File "C:\Projects\customer-support-rag\.venv\Lib\site-packages\transformers\models\rt_detr\image_processing_rt_detr.py", line 24, in <module>
    from torchvision.transforms.v2 import functional as tvF
ModuleNotFoundError: No module named 'torchvision'
2026-09-02 15:48:54.244 Examining the path of transformers.models.sam.image_processing_sam_fast raised:
Traceback (most recent call last):
  File "C:\Projects\customer-support-rag\.venv\Lib\site-packages\streamlit\watcher\local_sources_watcher.py", line 340, in get_module_paths
    potential_paths = extract_paths(module)
  File "C:\Projects\customer-support-rag\.venv\Lib\site-packages\streamlit\watcher\local_sources_watcher.py", line 327, in <lambda>
    if hasattr(m, "__path__")
       ~~~~~~~^^^^^^^^^^^^^^^
  File "C:\Projects\customer-support-rag\.venv\Lib\site-packages\transformers\__init__.py", line 865, in _getattr
    return getattr(importlib.import_module(target, __name__), name)
                   ~~~~~~~~~~~~~~~~~~~~~~~^^^^^^^^^^^^^^^^^^
  File "C:\Users\suryanarayanan\AppData\Local\Programs\Python\Python313\Lib\importlib\__init__.py", line 88, in import_module
    return _bootstrap._gcd_import(name[level:], package, level)
           ~~~~~~~~~~~~~~~~~~~~~~^^^^^^^^^^^^^^^^^^^^^^^^^^^^^^
  File "<frozen importlib._bootstrap>", line 1395, in _gcd_import
  File "<frozen importlib._bootstrap>", line 1360, in _find_and_load
  File "<frozen importlib._bootstrap>", line 1331, in _find_and_load_unlocked
  File "<frozen importlib._bootstrap>", line 935, in _load_unlocked
  File "<frozen importlib._bootstrap_external>", line 1023, in exec_module
  File "<frozen importlib._bootstrap>", line 488, in _call_with_frames_removed
  File "C:\Projects\customer-support-rag\.venv\Lib\site-packages\transformers\models\sam\image_processing_sam.py", line 25, in <module>
    from torchvision.ops.boxes import batched_nms
ModuleNotFoundError: No module named 'torchvision'
2026-09-02 15:48:54.246 Examining the path of transformers.models.sam2.image_processing_sam2_fast raised:
Traceback (most recent call last):
  File "C:\Projects\customer-support-rag\.venv\Lib\site-packages\streamlit\watcher\local_sources_watcher.py", line 340, in get_module_paths
    potential_paths = extract_paths(module)
  File "C:\Projects\customer-support-rag\.venv\Lib\site-packages\streamlit\watcher\local_sources_watcher.py", line 327, in <lambda>
    if hasattr(m, "__path__")
       ~~~~~~~^^^^^^^^^^^^^^^
  File "C:\Projects\customer-support-rag\.venv\Lib\site-packages\transformers\__init__.py", line 865, in _getattr
    return getattr(importlib.import_module(target, __name__), name)
                   ~~~~~~~~~~~~~~~~~~~~~~~^^^^^^^^^^^^^^^^^^
  File "C:\Users\suryanarayanan\AppData\Local\Programs\Python\Python313\Lib\importlib\__init__.py", line 88, in import_module
    return _bootstrap._gcd_import(name[level:], package, level)
           ~~~~~~~~~~~~~~~~~~~~~~^^^^^^^^^^^^^^^^^^^^^^^^^^^^^^
  File "<frozen importlib._bootstrap>", line 1395, in _gcd_import
  File "<frozen importlib._bootstrap>", line 1360, in _find_and_load
  File "<frozen importlib._bootstrap>", line 1331, in _find_and_load_unlocked
  File "<frozen importlib._bootstrap>", line 935, in _load_unlocked
  File "<frozen importlib._bootstrap_external>", line 1023, in exec_module
  File "<frozen importlib._bootstrap>", line 488, in _call_with_frames_removed
  File "C:\Projects\customer-support-rag\.venv\Lib\site-packages\transformers\models\sam2\image_processing_sam2.py", line 28, in <module>
    from torchvision.ops.boxes import batched_nms
ModuleNotFoundError: No module named 'torchvision'
2026-09-02 15:48:54.249 Examining the path of transformers.models.sam3.image_processing_sam3_fast raised:
Traceback (most recent call last):
  File "C:\Projects\customer-support-rag\.venv\Lib\site-packages\streamlit\watcher\local_sources_watcher.py", line 340, in get_module_paths
    potential_paths = extract_paths(module)
  File "C:\Projects\customer-support-rag\.venv\Lib\site-packages\streamlit\watcher\local_sources_watcher.py", line 327, in <lambda>
    if hasattr(m, "__path__")
       ~~~~~~~^^^^^^^^^^^^^^^
  File "C:\Projects\customer-support-rag\.venv\Lib\site-packages\transformers\__init__.py", line 865, in _getattr
    return getattr(importlib.import_module(target, __name__), name)
                   ~~~~~~~~~~~~~~~~~~~~~~~^^^^^^^^^^^^^^^^^^
  File "C:\Users\suryanarayanan\AppData\Local\Programs\Python\Python313\Lib\importlib\__init__.py", line 88, in import_module
    return _bootstrap._gcd_import(name[level:], package, level)
           ~~~~~~~~~~~~~~~~~~~~~~^^^^^^^^^^^^^^^^^^^^^^^^^^^^^^
  File "<frozen importlib._bootstrap>", line 1395, in _gcd_import
  File "<frozen importlib._bootstrap>", line 1360, in _find_and_load
  File "<frozen importlib._bootstrap>", line 1331, in _find_and_load_unlocked
  File "<frozen importlib._bootstrap>", line 935, in _load_unlocked
  File "<frozen importlib._bootstrap_external>", line 1023, in exec_module
  File "<frozen importlib._bootstrap>", line 488, in _call_with_frames_removed
  File "C:\Projects\customer-support-rag\.venv\Lib\site-packages\transformers\models\sam3\image_processing_sam3.py", line 30, in <module>
    from torchvision.ops.boxes import batched_nms
ModuleNotFoundError: No module named 'torchvision'
2026-09-02 15:48:54.252 Examining the path of transformers.models.sapiens2.image_processing_sapiens2_fast raised:
Traceback (most recent call last):
  File "C:\Projects\customer-support-rag\.venv\Lib\site-packages\streamlit\watcher\local_sources_watcher.py", line 340, in get_module_paths
    potential_paths = extract_paths(module)
  File "C:\Projects\customer-support-rag\.venv\Lib\site-packages\streamlit\watcher\local_sources_watcher.py", line 327, in <lambda>
    if hasattr(m, "__path__")
       ~~~~~~~^^^^^^^^^^^^^^^
  File "C:\Projects\customer-support-rag\.venv\Lib\site-packages\transformers\__init__.py", line 865, in _getattr
    return getattr(importlib.import_module(target, __name__), name)
                   ~~~~~~~~~~~~~~~~~~~~~~~^^^^^^^^^^^^^^^^^^
  File "C:\Users\suryanarayanan\AppData\Local\Programs\Python\Python313\Lib\importlib\__init__.py", line 88, in import_module
    return _bootstrap._gcd_import(name[level:], package, level)
           ~~~~~~~~~~~~~~~~~~~~~~^^^^^^^^^^^^^^^^^^^^^^^^^^^^^^
  File "<frozen importlib._bootstrap>", line 1395, in _gcd_import
  File "<frozen importlib._bootstrap>", line 1360, in _find_and_load
  File "<frozen importlib._bootstrap>", line 1331, in _find_and_load_unlocked
  File "<frozen importlib._bootstrap>", line 935, in _load_unlocked
  File "<frozen importlib._bootstrap_external>", line 1023, in exec_module
  File "<frozen importlib._bootstrap>", line 488, in _call_with_frames_removed
  File "C:\Projects\customer-support-rag\.venv\Lib\site-packages\transformers\models\sapiens2\image_processing_sapiens2.py", line 23, in <module>
    from torchvision.transforms.v2 import functional as tvF
ModuleNotFoundError: No module named 'torchvision'
2026-09-02 15:48:54.254 Examining the path of transformers.models.segformer.image_processing_segformer_fast raised:
Traceback (most recent call last):
  File "C:\Projects\customer-support-rag\.venv\Lib\site-packages\streamlit\watcher\local_sources_watcher.py", line 340, in get_module_paths
    potential_paths = extract_paths(module)
  File "C:\Projects\customer-support-rag\.venv\Lib\site-packages\streamlit\watcher\local_sources_watcher.py", line 327, in <lambda>
    if hasattr(m, "__path__")
       ~~~~~~~^^^^^^^^^^^^^^^
  File "C:\Projects\customer-support-rag\.venv\Lib\site-packages\transformers\__init__.py", line 865, in _getattr
    return getattr(importlib.import_module(target, __name__), name)
                   ~~~~~~~~~~~~~~~~~~~~~~~^^^^^^^^^^^^^^^^^^
  File "C:\Users\suryanarayanan\AppData\Local\Programs\Python\Python313\Lib\importlib\__init__.py", line 88, in import_module
    return _bootstrap._gcd_import(name[level:], package, level)
           ~~~~~~~~~~~~~~~~~~~~~~^^^^^^^^^^^^^^^^^^^^^^^^^^^^^^
  File "<frozen importlib._bootstrap>", line 1395, in _gcd_import
  File "<frozen importlib._bootstrap>", line 1360, in _find_and_load
  File "<frozen importlib._bootstrap>", line 1331, in _find_and_load_unlocked
  File "<frozen importlib._bootstrap>", line 935, in _load_unlocked
  File "<frozen importlib._bootstrap_external>", line 1023, in exec_module
  File "<frozen importlib._bootstrap>", line 488, in _call_with_frames_removed
  File "C:\Projects\customer-support-rag\.venv\Lib\site-packages\transformers\models\segformer\image_processing_segformer.py", line 25, in <module>
    import torchvision.transforms.v2.functional as tvF
ModuleNotFoundError: No module named 'torchvision'
2026-09-02 15:48:54.257 Examining the path of transformers.models.seggpt.image_processing_seggpt_fast raised:
Traceback (most recent call last):
  File "C:\Projects\customer-support-rag\.venv\Lib\site-packages\streamlit\watcher\local_sources_watcher.py", line 340, in get_module_paths
    potential_paths = extract_paths(module)
  File "C:\Projects\customer-support-rag\.venv\Lib\site-packages\streamlit\watcher\local_sources_watcher.py", line 327, in <lambda>
    if hasattr(m, "__path__")
       ~~~~~~~^^^^^^^^^^^^^^^
  File "C:\Projects\customer-support-rag\.venv\Lib\site-packages\transformers\__init__.py", line 865, in _getattr
    return getattr(importlib.import_module(target, __name__), name)
                   ~~~~~~~~~~~~~~~~~~~~~~~^^^^^^^^^^^^^^^^^^
  File "C:\Users\suryanarayanan\AppData\Local\Programs\Python\Python313\Lib\importlib\__init__.py", line 88, in import_module
    return _bootstrap._gcd_import(name[level:], package, level)
           ~~~~~~~~~~~~~~~~~~~~~~^^^^^^^^^^^^^^^^^^^^^^^^^^^^^^
  File "<frozen importlib._bootstrap>", line 1395, in _gcd_import
  File "<frozen importlib._bootstrap>", line 1360, in _find_and_load
  File "<frozen importlib._bootstrap>", line 1331, in _find_and_load_unlocked
  File "<frozen importlib._bootstrap>", line 935, in _load_unlocked
  File "<frozen importlib._bootstrap_external>", line 1023, in exec_module
  File "<frozen importlib._bootstrap>", line 488, in _call_with_frames_removed
  File "C:\Projects\customer-support-rag\.venv\Lib\site-packages\transformers\models\seggpt\image_processing_seggpt.py", line 20, in <module>
    from torchvision.transforms.v2 import functional as tvF
ModuleNotFoundError: No module named 'torchvision'
2026-09-02 15:48:54.260 Examining the path of transformers.models.siglip2.image_processing_siglip2_fast raised:
Traceback (most recent call last):
  File "C:\Projects\customer-support-rag\.venv\Lib\site-packages\streamlit\watcher\local_sources_watcher.py", line 340, in get_module_paths
    potential_paths = extract_paths(module)
  File "C:\Projects\customer-support-rag\.venv\Lib\site-packages\streamlit\watcher\local_sources_watcher.py", line 327, in <lambda>
    if hasattr(m, "__path__")
       ~~~~~~~^^^^^^^^^^^^^^^
  File "C:\Projects\customer-support-rag\.venv\Lib\site-packages\transformers\__init__.py", line 865, in _getattr
    return getattr(importlib.import_module(target, __name__), name)
                   ~~~~~~~~~~~~~~~~~~~~~~~^^^^^^^^^^^^^^^^^^
  File "C:\Users\suryanarayanan\AppData\Local\Programs\Python\Python313\Lib\importlib\__init__.py", line 88, in import_module
    return _bootstrap._gcd_import(name[level:], package, level)
           ~~~~~~~~~~~~~~~~~~~~~~^^^^^^^^^^^^^^^^^^^^^^^^^^^^^^
  File "<frozen importlib._bootstrap>", line 1395, in _gcd_import
  File "<frozen importlib._bootstrap>", line 1360, in _find_and_load
  File "<frozen importlib._bootstrap>", line 1331, in _find_and_load_unlocked
  File "<frozen importlib._bootstrap>", line 935, in _load_unlocked
  File "<frozen importlib._bootstrap_external>", line 1023, in exec_module
  File "<frozen importlib._bootstrap>", line 488, in _call_with_frames_removed
  File "C:\Projects\customer-support-rag\.venv\Lib\site-packages\transformers\models\siglip2\image_processing_siglip2.py", line 17, in <module>
    from torchvision.transforms.v2 import functional as tvF
ModuleNotFoundError: No module named 'torchvision'
2026-09-02 15:48:54.263 Examining the path of transformers.models.slanext.image_processing_slanext_fast raised:
Traceback (most recent call last):
  File "C:\Projects\customer-support-rag\.venv\Lib\site-packages\streamlit\watcher\local_sources_watcher.py", line 340, in get_module_paths
    potential_paths = extract_paths(module)
  File "C:\Projects\customer-support-rag\.venv\Lib\site-packages\streamlit\watcher\local_sources_watcher.py", line 327, in <lambda>
    if hasattr(m, "__path__")
       ~~~~~~~^^^^^^^^^^^^^^^
  File "C:\Projects\customer-support-rag\.venv\Lib\site-packages\transformers\__init__.py", line 865, in _getattr
    return getattr(importlib.import_module(target, __name__), name)
                   ~~~~~~~~~~~~~~~~~~~~~~~^^^^^^^^^^^^^^^^^^
  File "C:\Users\suryanarayanan\AppData\Local\Programs\Python\Python313\Lib\importlib\__init__.py", line 88, in import_module
    return _bootstrap._gcd_import(name[level:], package, level)
           ~~~~~~~~~~~~~~~~~~~~~~^^^^^^^^^^^^^^^^^^^^^^^^^^^^^^
  File "<frozen importlib._bootstrap>", line 1395, in _gcd_import
  File "<frozen importlib._bootstrap>", line 1360, in _find_and_load
  File "<frozen importlib._bootstrap>", line 1331, in _find_and_load_unlocked
  File "<frozen importlib._bootstrap>", line 935, in _load_unlocked
  File "<frozen importlib._bootstrap_external>", line 1023, in exec_module
  File "<frozen importlib._bootstrap>", line 488, in _call_with_frames_removed
  File "C:\Projects\customer-support-rag\.venv\Lib\site-packages\transformers\models\slanext\image_processing_slanext.py", line 23, in <module>
    import torchvision.transforms.v2.functional as tvF
ModuleNotFoundError: No module named 'torchvision'
2026-09-02 15:48:54.266 Examining the path of transformers.models.smolvlm.image_processing_smolvlm_fast raised:
Traceback (most recent call last):
  File "C:\Projects\customer-support-rag\.venv\Lib\site-packages\streamlit\watcher\local_sources_watcher.py", line 340, in get_module_paths
    potential_paths = extract_paths(module)
  File "C:\Projects\customer-support-rag\.venv\Lib\site-packages\streamlit\watcher\local_sources_watcher.py", line 327, in <lambda>
    if hasattr(m, "__path__")
       ~~~~~~~^^^^^^^^^^^^^^^
  File "C:\Projects\customer-support-rag\.venv\Lib\site-packages\transformers\__init__.py", line 865, in _getattr
    return getattr(importlib.import_module(target, __name__), name)
                   ~~~~~~~~~~~~~~~~~~~~~~~^^^^^^^^^^^^^^^^^^
  File "C:\Users\suryanarayanan\AppData\Local\Programs\Python\Python313\Lib\importlib\__init__.py", line 88, in import_module
    return _bootstrap._gcd_import(name[level:], package, level)
           ~~~~~~~~~~~~~~~~~~~~~~^^^^^^^^^^^^^^^^^^^^^^^^^^^^^^
  File "<frozen importlib._bootstrap>", line 1395, in _gcd_import
  File "<frozen importlib._bootstrap>", line 1360, in _find_and_load
  File "<frozen importlib._bootstrap>", line 1331, in _find_and_load_unlocked
  File "<frozen importlib._bootstrap>", line 935, in _load_unlocked
  File "<frozen importlib._bootstrap_external>", line 1023, in exec_module
  File "<frozen importlib._bootstrap>", line 488, in _call_with_frames_removed
  File "C:\Projects\customer-support-rag\.venv\Lib\site-packages\transformers\models\smolvlm\image_processing_smolvlm.py", line 27, in <module>
    from torchvision.transforms.v2 import functional as tvF
ModuleNotFoundError: No module named 'torchvision'
2026-09-02 15:48:54.269 Examining the path of transformers.models.superglue.image_processing_superglue_fast raised:
Traceback (most recent call last):
  File "C:\Projects\customer-support-rag\.venv\Lib\site-packages\streamlit\watcher\local_sources_watcher.py", line 340, in get_module_paths
    potential_paths = extract_paths(module)
  File "C:\Projects\customer-support-rag\.venv\Lib\site-packages\streamlit\watcher\local_sources_watcher.py", line 327, in <lambda>
    if hasattr(m, "__path__")
       ~~~~~~~^^^^^^^^^^^^^^^
  File "C:\Projects\customer-support-rag\.venv\Lib\site-packages\transformers\__init__.py", line 865, in _getattr
    return getattr(importlib.import_module(target, __name__), name)
                   ~~~~~~~~~~~~~~~~~~~~~~~^^^^^^^^^^^^^^^^^^
  File "C:\Users\suryanarayanan\AppData\Local\Programs\Python\Python313\Lib\importlib\__init__.py", line 88, in import_module
    return _bootstrap._gcd_import(name[level:], package, level)
           ~~~~~~~~~~~~~~~~~~~~~~^^^^^^^^^^^^^^^^^^^^^^^^^^^^^^
  File "<frozen importlib._bootstrap>", line 1395, in _gcd_import
  File "<frozen importlib._bootstrap>", line 1360, in _find_and_load
  File "<frozen importlib._bootstrap>", line 1331, in _find_and_load_unlocked
  File "<frozen importlib._bootstrap>", line 935, in _load_unlocked
  File "<frozen importlib._bootstrap_external>", line 1023, in exec_module
  File "<frozen importlib._bootstrap>", line 488, in _call_with_frames_removed
  File "C:\Projects\customer-support-rag\.venv\Lib\site-packages\transformers\models\superglue\image_processing_superglue.py", line 47, in <module>
    from torchvision.transforms.v2 import functional as tvF
ModuleNotFoundError: No module named 'torchvision'
2026-09-02 15:48:54.273 Examining the path of transformers.models.superpoint.image_processing_superpoint_fast raised:
Traceback (most recent call last):
  File "C:\Projects\customer-support-rag\.venv\Lib\site-packages\streamlit\watcher\local_sources_watcher.py", line 340, in get_module_paths
    potential_paths = extract_paths(module)
  File "C:\Projects\customer-support-rag\.venv\Lib\site-packages\streamlit\watcher\local_sources_watcher.py", line 327, in <lambda>
    if hasattr(m, "__path__")
       ~~~~~~~^^^^^^^^^^^^^^^
  File "C:\Projects\customer-support-rag\.venv\Lib\site-packages\transformers\__init__.py", line 865, in _getattr
    return getattr(importlib.import_module(target, __name__), name)
                   ~~~~~~~~~~~~~~~~~~~~~~~^^^^^^^^^^^^^^^^^^
  File "C:\Users\suryanarayanan\AppData\Local\Programs\Python\Python313\Lib\importlib\__init__.py", line 88, in import_module
    return _bootstrap._gcd_import(name[level:], package, level)
           ~~~~~~~~~~~~~~~~~~~~~~^^^^^^^^^^^^^^^^^^^^^^^^^^^^^^
  File "<frozen importlib._bootstrap>", line 1395, in _gcd_import
  File "<frozen importlib._bootstrap>", line 1360, in _find_and_load
  File "<frozen importlib._bootstrap>", line 1331, in _find_and_load_unlocked
  File "<frozen importlib._bootstrap>", line 935, in _load_unlocked
  File "<frozen importlib._bootstrap_external>", line 1023, in exec_module
  File "<frozen importlib._bootstrap>", line 488, in _call_with_frames_removed
  File "C:\Projects\customer-support-rag\.venv\Lib\site-packages\transformers\models\superpoint\image_processing_superpoint.py", line 31, in <module>
    from torchvision.transforms.v2 import functional as tvF
ModuleNotFoundError: No module named 'torchvision'
2026-09-02 15:48:54.278 Examining the path of transformers.models.swin2sr.image_processing_swin2sr_fast raised:
Traceback (most recent call last):
  File "C:\Projects\customer-support-rag\.venv\Lib\site-packages\streamlit\watcher\local_sources_watcher.py", line 340, in get_module_paths
    potential_paths = extract_paths(module)
  File "C:\Projects\customer-support-rag\.venv\Lib\site-packages\streamlit\watcher\local_sources_watcher.py", line 327, in <lambda>
    if hasattr(m, "__path__")
       ~~~~~~~^^^^^^^^^^^^^^^
  File "C:\Projects\customer-support-rag\.venv\Lib\site-packages\transformers\__init__.py", line 865, in _getattr
    return getattr(importlib.import_module(target, __name__), name)
                   ~~~~~~~~~~~~~~~~~~~~~~~^^^^^^^^^^^^^^^^^^
  File "C:\Users\suryanarayanan\AppData\Local\Programs\Python\Python313\Lib\importlib\__init__.py", line 88, in import_module
    return _bootstrap._gcd_import(name[level:], package, level)
           ~~~~~~~~~~~~~~~~~~~~~~^^^^^^^^^^^^^^^^^^^^^^^^^^^^^^
  File "<frozen importlib._bootstrap>", line 1395, in _gcd_import
  File "<frozen importlib._bootstrap>", line 1360, in _find_and_load
  File "<frozen importlib._bootstrap>", line 1331, in _find_and_load_unlocked
  File "<frozen importlib._bootstrap>", line 935, in _load_unlocked
  File "<frozen importlib._bootstrap_external>", line 1023, in exec_module
  File "<frozen importlib._bootstrap>", line 488, in _call_with_frames_removed
  File "C:\Projects\customer-support-rag\.venv\Lib\site-packages\transformers\models\swin2sr\image_processing_swin2sr.py", line 17, in <module>
    from torchvision.transforms.v2 import functional as tvF
ModuleNotFoundError: No module named 'torchvision'
2026-09-02 15:48:54.281 Examining the path of transformers.models.textnet.image_processing_textnet_fast raised:
Traceback (most recent call last):
  File "C:\Projects\customer-support-rag\.venv\Lib\site-packages\streamlit\watcher\local_sources_watcher.py", line 340, in get_module_paths
    potential_paths = extract_paths(module)
  File "C:\Projects\customer-support-rag\.venv\Lib\site-packages\streamlit\watcher\local_sources_watcher.py", line 327, in <lambda>
    if hasattr(m, "__path__")
       ~~~~~~~^^^^^^^^^^^^^^^
  File "C:\Projects\customer-support-rag\.venv\Lib\site-packages\transformers\__init__.py", line 865, in _getattr
    return getattr(importlib.import_module(target, __name__), name)
                   ~~~~~~~~~~~~~~~~~~~~~~~^^^^^^^^^^^^^^^^^^
  File "C:\Users\suryanarayanan\AppData\Local\Programs\Python\Python313\Lib\importlib\__init__.py", line 88, in import_module
    return _bootstrap._gcd_import(name[level:], package, level)
           ~~~~~~~~~~~~~~~~~~~~~~^^^^^^^^^^^^^^^^^^^^^^^^^^^^^^
  File "<frozen importlib._bootstrap>", line 1395, in _gcd_import
  File "<frozen importlib._bootstrap>", line 1360, in _find_and_load
  File "<frozen importlib._bootstrap>", line 1331, in _find_and_load_unlocked
  File "<frozen importlib._bootstrap>", line 935, in _load_unlocked
  File "<frozen importlib._bootstrap_external>", line 1023, in exec_module
  File "<frozen importlib._bootstrap>", line 488, in _call_with_frames_removed
  File "C:\Projects\customer-support-rag\.venv\Lib\site-packages\transformers\models\textnet\image_processing_textnet.py", line 17, in <module>
    from torchvision.transforms.v2 import functional as tvF
ModuleNotFoundError: No module named 'torchvision'
2026-09-02 15:48:54.283 Examining the path of transformers.models.tvp.image_processing_tvp_fast raised:
Traceback (most recent call last):
  File "C:\Projects\customer-support-rag\.venv\Lib\site-packages\streamlit\watcher\local_sources_watcher.py", line 340, in get_module_paths
    potential_paths = extract_paths(module)
  File "C:\Projects\customer-support-rag\.venv\Lib\site-packages\streamlit\watcher\local_sources_watcher.py", line 327, in <lambda>
    if hasattr(m, "__path__")
       ~~~~~~~^^^^^^^^^^^^^^^
  File "C:\Projects\customer-support-rag\.venv\Lib\site-packages\transformers\__init__.py", line 865, in _getattr
    return getattr(importlib.import_module(target, __name__), name)
                   ~~~~~~~~~~~~~~~~~~~~~~~^^^^^^^^^^^^^^^^^^
  File "C:\Users\suryanarayanan\AppData\Local\Programs\Python\Python313\Lib\importlib\__init__.py", line 88, in import_module
    return _bootstrap._gcd_import(name[level:], package, level)
           ~~~~~~~~~~~~~~~~~~~~~~^^^^^^^^^^^^^^^^^^^^^^^^^^^^^^
  File "<frozen importlib._bootstrap>", line 1395, in _gcd_import
  File "<frozen importlib._bootstrap>", line 1360, in _find_and_load
  File "<frozen importlib._bootstrap>", line 1331, in _find_and_load_unlocked
  File "<frozen importlib._bootstrap>", line 935, in _load_unlocked
  File "<frozen importlib._bootstrap_external>", line 1023, in exec_module
  File "<frozen importlib._bootstrap>", line 488, in _call_with_frames_removed
  File "C:\Projects\customer-support-rag\.venv\Lib\site-packages\transformers\models\tvp\image_processing_tvp.py", line 17, in <module>
    from torchvision.transforms.v2 import functional as tvF
ModuleNotFoundError: No module named 'torchvision'
2026-09-02 15:48:54.286 Examining the path of transformers.models.video_llama_3.image_processing_video_llama_3_fast raised:
Traceback (most recent call last):
  File "C:\Projects\customer-support-rag\.venv\Lib\site-packages\streamlit\watcher\local_sources_watcher.py", line 340, in get_module_paths
    potential_paths = extract_paths(module)
  File "C:\Projects\customer-support-rag\.venv\Lib\site-packages\streamlit\watcher\local_sources_watcher.py", line 327, in <lambda>
    if hasattr(m, "__path__")
       ~~~~~~~^^^^^^^^^^^^^^^
  File "C:\Projects\customer-support-rag\.venv\Lib\site-packages\transformers\__init__.py", line 865, in _getattr
    return getattr(importlib.import_module(target, __name__), name)
                   ~~~~~~~~~~~~~~~~~~~~~~~^^^^^^^^^^^^^^^^^^
  File "C:\Users\suryanarayanan\AppData\Local\Programs\Python\Python313\Lib\importlib\__init__.py", line 88, in import_module
    return _bootstrap._gcd_import(name[level:], package, level)
           ~~~~~~~~~~~~~~~~~~~~~~^^^^^^^^^^^^^^^^^^^^^^^^^^^^^^
  File "<frozen importlib._bootstrap>", line 1395, in _gcd_import
  File "<frozen importlib._bootstrap>", line 1360, in _find_and_load
  File "<frozen importlib._bootstrap>", line 1331, in _find_and_load_unlocked
  File "<frozen importlib._bootstrap>", line 935, in _load_unlocked
  File "<frozen importlib._bootstrap_external>", line 1023, in exec_module
  File "<frozen importlib._bootstrap>", line 488, in _call_with_frames_removed
  File "C:\Projects\customer-support-rag\.venv\Lib\site-packages\transformers\models\video_llama_3\image_processing_video_llama_3.py", line 24, in <module>
    import torchvision.transforms.v2.functional as tvF
ModuleNotFoundError: No module named 'torchvision'
2026-09-02 15:48:54.288 Examining the path of transformers.models.videomae.image_processing_videomae_fast raised:
Traceback (most recent call last):
  File "C:\Projects\customer-support-rag\.venv\Lib\site-packages\streamlit\watcher\local_sources_watcher.py", line 340, in get_module_paths
    potential_paths = extract_paths(module)
  File "C:\Projects\customer-support-rag\.venv\Lib\site-packages\streamlit\watcher\local_sources_watcher.py", line 327, in <lambda>
    if hasattr(m, "__path__")
       ~~~~~~~^^^^^^^^^^^^^^^
  File "C:\Projects\customer-support-rag\.venv\Lib\site-packages\transformers\__init__.py", line 865, in _getattr
    return getattr(importlib.import_module(target, __name__), name)
                   ~~~~~~~~~~~~~~~~~~~~~~~^^^^^^^^^^^^^^^^^^
  File "C:\Users\suryanarayanan\AppData\Local\Programs\Python\Python313\Lib\importlib\__init__.py", line 88, in import_module
    return _bootstrap._gcd_import(name[level:], package, level)
           ~~~~~~~~~~~~~~~~~~~~~~^^^^^^^^^^^^^^^^^^^^^^^^^^^^^^
  File "<frozen importlib._bootstrap>", line 1395, in _gcd_import
  File "<frozen importlib._bootstrap>", line 1360, in _find_and_load
  File "<frozen importlib._bootstrap>", line 1331, in _find_and_load_unlocked
  File "<frozen importlib._bootstrap>", line 935, in _load_unlocked
  File "<frozen importlib._bootstrap_external>", line 1023, in exec_module
  File "<frozen importlib._bootstrap>", line 488, in _call_with_frames_removed
  File "C:\Projects\customer-support-rag\.venv\Lib\site-packages\transformers\models\videomae\image_processing_videomae.py", line 17, in <module>
    from torchvision.transforms.v2 import functional as tvF
ModuleNotFoundError: No module named 'torchvision'
2026-09-02 15:48:54.293 Examining the path of transformers.models.vilt.image_processing_vilt_fast raised:
Traceback (most recent call last):
  File "C:\Projects\customer-support-rag\.venv\Lib\site-packages\streamlit\watcher\local_sources_watcher.py", line 340, in get_module_paths
    potential_paths = extract_paths(module)
  File "C:\Projects\customer-support-rag\.venv\Lib\site-packages\streamlit\watcher\local_sources_watcher.py", line 327, in <lambda>
    if hasattr(m, "__path__")
       ~~~~~~~^^^^^^^^^^^^^^^
  File "C:\Projects\customer-support-rag\.venv\Lib\site-packages\transformers\__init__.py", line 865, in _getattr
    return getattr(importlib.import_module(target, __name__), name)
                   ~~~~~~~~~~~~~~~~~~~~~~~^^^^^^^^^^^^^^^^^^
  File "C:\Users\suryanarayanan\AppData\Local\Programs\Python\Python313\Lib\importlib\__init__.py", line 88, in import_module
    return _bootstrap._gcd_import(name[level:], package, level)
           ~~~~~~~~~~~~~~~~~~~~~~^^^^^^^^^^^^^^^^^^^^^^^^^^^^^^
  File "<frozen importlib._bootstrap>", line 1395, in _gcd_import
  File "<frozen importlib._bootstrap>", line 1360, in _find_and_load
  File "<frozen importlib._bootstrap>", line 1331, in _find_and_load_unlocked
  File "<frozen importlib._bootstrap>", line 935, in _load_unlocked
  File "<frozen importlib._bootstrap_external>", line 1023, in exec_module
  File "<frozen importlib._bootstrap>", line 488, in _call_with_frames_removed
  File "C:\Projects\customer-support-rag\.venv\Lib\site-packages\transformers\models\vilt\image_processing_vilt.py", line 17, in <module>
    from torchvision.transforms.v2 import functional as tvF
ModuleNotFoundError: No module named 'torchvision'
2026-09-02 15:48:54.295 Examining the path of transformers.models.vitmatte.image_processing_vitmatte_fast raised:
Traceback (most recent call last):
  File "C:\Projects\customer-support-rag\.venv\Lib\site-packages\streamlit\watcher\local_sources_watcher.py", line 340, in get_module_paths
    potential_paths = extract_paths(module)
  File "C:\Projects\customer-support-rag\.venv\Lib\site-packages\streamlit\watcher\local_sources_watcher.py", line 327, in <lambda>
    if hasattr(m, "__path__")
       ~~~~~~~^^^^^^^^^^^^^^^
  File "C:\Projects\customer-support-rag\.venv\Lib\site-packages\transformers\__init__.py", line 865, in _getattr
    return getattr(importlib.import_module(target, __name__), name)
                   ~~~~~~~~~~~~~~~~~~~~~~~^^^^^^^^^^^^^^^^^^
  File "C:\Users\suryanarayanan\AppData\Local\Programs\Python\Python313\Lib\importlib\__init__.py", line 88, in import_module
    return _bootstrap._gcd_import(name[level:], package, level)
           ~~~~~~~~~~~~~~~~~~~~~~^^^^^^^^^^^^^^^^^^^^^^^^^^^^^^
  File "<frozen importlib._bootstrap>", line 1395, in _gcd_import
  File "<frozen importlib._bootstrap>", line 1360, in _find_and_load
  File "<frozen importlib._bootstrap>", line 1331, in _find_and_load_unlocked
  File "<frozen importlib._bootstrap>", line 935, in _load_unlocked
  File "<frozen importlib._bootstrap_external>", line 1023, in exec_module
  File "<frozen importlib._bootstrap>", line 488, in _call_with_frames_removed
  File "C:\Projects\customer-support-rag\.venv\Lib\site-packages\transformers\models\vitmatte\image_processing_vitmatte.py", line 19, in <module>
    from torchvision.transforms.v2 import functional as tvF
ModuleNotFoundError: No module named 'torchvision'
2026-09-02 15:48:54.300 Examining the path of transformers.models.vitpose.image_processing_vitpose_fast raised:
Traceback (most recent call last):
  File "C:\Projects\customer-support-rag\.venv\Lib\site-packages\streamlit\watcher\local_sources_watcher.py", line 340, in get_module_paths
    potential_paths = extract_paths(module)
  File "C:\Projects\customer-support-rag\.venv\Lib\site-packages\streamlit\watcher\local_sources_watcher.py", line 327, in <lambda>
    if hasattr(m, "__path__")
       ~~~~~~~^^^^^^^^^^^^^^^
  File "C:\Projects\customer-support-rag\.venv\Lib\site-packages\transformers\__init__.py", line 865, in _getattr
    return getattr(importlib.import_module(target, __name__), name)
                   ~~~~~~~~~~~~~~~~~~~~~~~^^^^^^^^^^^^^^^^^^
  File "C:\Users\suryanarayanan\AppData\Local\Programs\Python\Python313\Lib\importlib\__init__.py", line 88, in import_module
    return _bootstrap._gcd_import(name[level:], package, level)
           ~~~~~~~~~~~~~~~~~~~~~~^^^^^^^^^^^^^^^^^^^^^^^^^^^^^^
  File "<frozen importlib._bootstrap>", line 1395, in _gcd_import
  File "<frozen importlib._bootstrap>", line 1360, in _find_and_load
  File "<frozen importlib._bootstrap>", line 1331, in _find_and_load_unlocked
  File "<frozen importlib._bootstrap>", line 935, in _load_unlocked
  File "<frozen importlib._bootstrap_external>", line 1023, in exec_module
  File "<frozen importlib._bootstrap>", line 488, in _call_with_frames_removed
  File "C:\Projects\customer-support-rag\.venv\Lib\site-packages\transformers\models\vitpose\image_processing_vitpose.py", line 22, in <module>
    from torchvision.transforms.v2 import functional as tvF
ModuleNotFoundError: No module named 'torchvision'
2026-09-02 15:48:54.312 Examining the path of transformers.models.yolos.image_processing_yolos_fast raised:
Traceback (most recent call last):
  File "C:\Projects\customer-support-rag\.venv\Lib\site-packages\streamlit\watcher\local_sources_watcher.py", line 340, in get_module_paths
    potential_paths = extract_paths(module)
  File "C:\Projects\customer-support-rag\.venv\Lib\site-packages\streamlit\watcher\local_sources_watcher.py", line 327, in <lambda>
    if hasattr(m, "__path__")
       ~~~~~~~^^^^^^^^^^^^^^^
  File "C:\Projects\customer-support-rag\.venv\Lib\site-packages\transformers\__init__.py", line 865, in _getattr
    return getattr(importlib.import_module(target, __name__), name)
                   ~~~~~~~~~~~~~~~~~~~~~~~^^^^^^^^^^^^^^^^^^
  File "C:\Users\suryanarayanan\AppData\Local\Programs\Python\Python313\Lib\importlib\__init__.py", line 88, in import_module
    return _bootstrap._gcd_import(name[level:], package, level)
           ~~~~~~~~~~~~~~~~~~~~~~^^^^^^^^^^^^^^^^^^^^^^^^^^^^^^
  File "<frozen importlib._bootstrap>", line 1395, in _gcd_import
  File "<frozen importlib._bootstrap>", line 1360, in _find_and_load
  File "<frozen importlib._bootstrap>", line 1331, in _find_and_load_unlocked
  File "<frozen importlib._bootstrap>", line 935, in _load_unlocked
  File "<frozen importlib._bootstrap_external>", line 1023, in exec_module
  File "<frozen importlib._bootstrap>", line 488, in _call_with_frames_removed
  File "C:\Projects\customer-support-rag\.venv\Lib\site-packages\transformers\models\yolos\image_processing_yolos.py", line 12, in <module>
    from torchvision.io import read_image
ModuleNotFoundError: No module named 'torchvision'
2026-09-02 15:48:54.321 Examining the path of transformers.models.zoedepth.image_processing_zoedepth_fast raised:
Traceback (most recent call last):
  File "C:\Projects\customer-support-rag\.venv\Lib\site-packages\streamlit\watcher\local_sources_watcher.py", line 340, in get_module_paths
    potential_paths = extract_paths(module)
  File "C:\Projects\customer-support-rag\.venv\Lib\site-packages\streamlit\watcher\local_sources_watcher.py", line 327, in <lambda>
    if hasattr(m, "__path__")
       ~~~~~~~^^^^^^^^^^^^^^^
  File "C:\Projects\customer-support-rag\.venv\Lib\site-packages\transformers\__init__.py", line 865, in _getattr
    return getattr(importlib.import_module(target, __name__), name)
                   ~~~~~~~~~~~~~~~~~~~~~~~^^^^^^^^^^^^^^^^^^
  File "C:\Users\suryanarayanan\AppData\Local\Programs\Python\Python313\Lib\importlib\__init__.py", line 88, in import_module
    return _bootstrap._gcd_import(name[level:], package, level)
           ~~~~~~~~~~~~~~~~~~~~~~^^^^^^^^^^^^^^^^^^^^^^^^^^^^^^
  File "<frozen importlib._bootstrap>", line 1395, in _gcd_import
  File "<frozen importlib._bootstrap>", line 1360, in _find_and_load
  File "<frozen importlib._bootstrap>", line 1331, in _find_and_load_unlocked
  File "<frozen importlib._bootstrap>", line 935, in _load_unlocked
  File "<frozen importlib._bootstrap_external>", line 1023, in exec_module
  File "<frozen importlib._bootstrap>", line 488, in _call_with_frames_removed
  File "C:\Projects\customer-support-rag\.venv\Lib\site-packages\transformers\models\zoedepth\image_processing_zoedepth.py", line 43, in <module>
    from torchvision.transforms.v2 import functional as tvF
ModuleNotFoundError: No module named 'torchvision'
